Regular Hero	Обычный герой
"Save the world? Who? Me?"	"Спасти мир? Кто? Я?"
Who'll save the world now...?	Кто теперь мир спасёт...?
Erm... Come with me.	Э-э... Пошли со мной.
...Why me!?	...Почему я!?
Coming! Ready or not!	Иду! Готовься или нет!
What a recovery!	Вот это отхил!
HP gratefully received!	ХП с благодарностью!
I'm feeling a bit windy...	Что-то ветрено стало...
Thought I'd brighten up the place.	Решил местечко подсветить.
Poison, no less!	Яд, ни больше ни меньше!
My limbs are tingly.	Руки-ноги покалывает.
Time to turn in.	Пора на боковую.
Which path to choose?	Какой путь выбрать?
Say goodnight!	Скажи спокойной ночи!
Save your game then save the world.	Сохрани игру — потом мир.
It's a bit chilly!	Прохладненько!
I'm wide awake!	Я бодр как никогда!
A nice magic barrier!	Классный магический барьер!
Ninja Therapist	Ниндзя-терапевт
"Share it with the group."	"Поделись с группой."
I died like a dog...	Подох как пёс...
The Overlord - in the flesh!	Повелитель — во плоти!
I told you to watch out!	Я ж говорил: берегись!
Is this a trick!?	Это трюк!?
Behold my ninja fury!	Узрите ниндзя-ярость!
Let's steal some HP.	Украдём-ка ХП.
Multi-directional ninja stars!	Сюрикены во все стороны!
Can't skulk in the dark forever...	Не прятаться же в темноте вечно...
P-Poison!	Я-яд!
Even my shurikens have gone numb.	Даже сюрикенам онемело.
Ninja nap-time...	Ниндзя-дрёма...
Now where was I?	Так, где я был?
Time for a stealthy save.	Пора скрытно сохраниться.
Easily-Led Hero	Ведомый герой
"I really have to do this?"	"Мне правда это надо?"
Erika!	Эрика!
Get ready!	Готовься!
We'll do it this time!	В этот раз получится!
Ahhh... That's nice.	Аххх... Класс.
This sword's fully charged!	Меч полностью заряжен!
My head's spinning.	Голова кругом.
Things are looking brighter already.	Уже светлее стало.
Poison!	Яд!
Numb and number!	Всё немее и немее!
Zzzz...	Зззз...
Well, he's not here...	Ну, его тут нет...
Sleep tight!	Спи крепко!
Let's save here!	Давай тут сохранимся!
Is anyone else cold?	Ещё кому-то холодно?
I've never felt so alive!	Никогда так не жил!
Ah, nothing like a good barrier...	Ах, нет ничего лучше барьера...
Miss Mystery	Мисс Загадка
"Our destiny awaits us!"	"Нас ждёт судьба!"
Fate is a cruel mistress.	Судьба — жестокая дама.
Fate has led us to you.	Судьба привела нас к тебе.
It's too much to take!	Этого не вынести!
Here we go again.	Опять по новой.
I feel reborn!	Я как заново родилась!
Good mana is hard to find!	Хорошую ману ещё поискать!
A cruel twister fate.	Жестокий вихрь судьбы.
I can see clearly now!	Теперь всё ясно!
Is that poison?	Это яд?
Numbness creeps over me...	Онемение ползёт по мне...
I'm overcome with drowsiness.	Меня одолела дремота.
Where could he be skulking...?	Где он там прячется...?
Let sleep overcome you!	Да поглотит вас сон!
We are saved!	Мы спасены!
That's a chill wind.	Холодный ветер.
Begone!	Изыди!
Over-Confident Oaf	Самоуверенный дуб
"I'm in it for Maxwell."	"Я тут ради Максвелла."
Me!? Die!? Say it ain't so...	Я!? Сдохнуть!? Скажи, что нет...
Gotcha!	Попался!
I'll leave the dying to others.	Умирать предоставлю другим.
C'mon! Let's do this thing!	Давай! Погнали!
Let's have us a monster mash-up!	Устроим монстромесиво!
I did it. But of course.	Сделал. Ну ещё бы.
I'll show you what I've got!	Сейчас покажу, на что способен!
Poison? Ha! I'll laugh it off.	Яд? Ха! Отсмеюсь.
Why can't I move?	Почему не двигаюсь?
That was careless...	Неосторожно вышло...
He can't hide forever.	Вечно не спрячется.
C'mon! Eat your fill!	Давай! Жри досыта!
I like things to go with a bang!	Люблю, когда с бабах!
I'm well worth saving!	Меня точно стоит сохранять!
Time for a style shake-up.	Пора освежить стиль.
I'm entering a best chest contest.	Иду на конкурс лучших сундуков.
Electro-Hero	Электрогерой
"This is shocking..."	"Это шокирует..."
I didn't see that coming...	Этого я не видел...
You're coming with me!	Пойдёшь со мной!
I just knew this would happen!	Так и знал, что так будет!
Hmph. Back to square one.	Хмф. Опять с нуля.
Is this dungeon ready for me?	Данж готов ко мне?
HP absorption's a marvelous thing.	Сосать ХП — это чудо.
A revolution in slashing technology!	Революция рубящих технологий!
Light up my life!	Озари мою жизнь!
Poison!? What poison!?	Яд!? Какой яд!?
This numbness is rather alarming.	Это онемение довольно тревожно.
Allow me to doze off...	Позвольте мне вздремнуть...
Wherefore art thou, my Lord?	Где же ты, мой лорд?
Save me for posterity!	Сохрани меня для потомков!
Big Man on Campus	Местный крутыш
"Call that a dungeon!?"	"И это данж!?"
Call that a life...!?	И это жизнь...!?
Call that an Overlord!?	И это Повелитель!?
Call that an ally!?	И это союзник!?
I've seen it all before...	Всё это уже видел...
Draining mana? Ho-hum...	Сосать ману? Скучно...
Here I come - if I can be bothered...	Иду — если не лень...
Well, what do you know? It's brighter.	Ну надо же. Светлее стало.
Poison!? Pah!	Яд!? Пф!
Numbness? What a drag...	Онемение? Нудно...
Sleepy? Me? (yawn)	Сонный? Я? (зевок)
Where's he holed up?	Где он засел?
Suppose I should save.	Наверное, сохранить.
Younger Disciple	Младший ученик
"This is exciting, isn't it?"	"Круто же, да?"
I've ruined my new jerkin!	Новый камзол угробил!
Overlord overload!	Перегруз Повелителя!
Darn it!	Чёрт!
We get another go!	Ещё одна попытка!
I just love leveling up!	Обожаю качаться!
I did it, right?	Я смог, да?
Miracle kick!	Чудо-пинок!
I'm all in a spin!	Меня крутит!
Poison!?	Яд!?
Paralysis.	Паралич.
Bedtime so soon?	Уже спать?
Let's have a mosey round.	Пошатаемся тут.
Save?	Сохранить?
I'm super psyched!	Я супер в ударе!
Elder Disciple	Старший ученик
"Can't you play it cool?"	"Нельзя поспокойнее?"
So this is how it ends...	Вот так и кончается...
You've been spotted!	Тебя засекли!
Such a shame.	Какая жалость.
Let's take another stab at this.	Давай ещё разок.
Must be time to head back.	Пора, видно, назад.
Blood punch!	Кровавый удар!
Let's twirl!	Крутись!
P-P-Poison!	Я-я-яд!
P-P-Paralysis!	П-п-паралич!
Time for 40 winks...	Пора на сорок вздремков...
He's got to be here...	Он должен быть тут...
Save!	Сохранить!
I'm ultra psyched!	Я ультра в ударе!
Buck's Biggest Fan	Главная фанатка Бака
"He loves me - I know it!"	"Он меня любит — я знаю!"
This is the end, my friend!	Это конец, друг мой!
You were here all along!	Ты всё время был тут!
It wasn't meant to be..	Не судьба..
This time!	В этот раз!
That's more like it!	Вот это другое дело!
HP helps the hurt.	ХП лечит боль.
This wind's ruining my hair!	Ветер портит причёску!
Light on!	Свет включить!
Anything but poison!	Что угодно, только не яд!
Anything but paralysis!	Что угодно, только не паралич!
YAWN!	ЗЕВОК!
Where is he!?	Где он!?
Good night!	Спокойной ночи!
Never a bad time to save.	Сохраняться всегда в тему.
I'm chilled out.	Я весь продрог.
I feel on top of the world!	Я на вершине мира!
I love a good barrier.	Люблю хороший барьер.
Meat-Headed Hero	Мясоголовый герой
"I'm my biggest fan!"	"Я сам себе фанат!"
Surely some mistake.	Точно ошибка какая-то.
...Are you my father!?	...Ты мой отец!?
Plenty more fish in the sea.	В море ещё полно рыбы.
Let's get on with this!	Погнали уже!
Let's suck that mana dry!	Высосем всю ману!
Ta-da!	Та-да!
Always look on the bright side.	Смотри на светлую сторону.
Poison? Pah!	Яд? Пф!
I'm losing feeling in my extremities.	Конечностей не чувствую.
Hmmm... Where to?	Хммм... Куда?
Nice time to save.	Самое время сохраниться.
Brash Brat	Наглый сопляк
"If I can't do it, nor can you!"	"Если я не смог — и ты не сможешь!"
But I can't die...	Но я не могу сдохнуть...
Let's hit the road!	В путь!
Ah well.	Ну и ладно.
This time, it's on!	В этот раз — по-серьёзному!
Yeah! Feels good!	Да! Кайф!
I've got a thirst for mana.	Жажда маны.
Wind it up!	Закрути!
Darkness sucks.	Темнота отстой.
I think I'm gonna puke.	Кажется, меня стошнит.
My limbs ain't obeyin' me.	Конечности меня не слушаются.
I'm hittin' the hay.	Я на сеновал.
I'd better not be lost...	Только б не заблудиться...
Tear gas!	Слезоточивка!
Save me, baby!	Спаси меня, детка!
Man, frost bites!	Блин, мороз кусается!
A present for you!	Подарок тебе!
Death - the final insult!	Смерть — последнее оскорбление!
You're mine. All mine!	Ты мой. Весь мой!
Wh-What!?	Ч-что!?
Let's do it again!	Давай ещё раз!
Any whiff of Badman?	Пахнет Бэдменом?
Our work here's done!	Тут мы закончили!
A candle!	Свеча!
Paralysis!	Паралич!
Night night, world!	Спокойной, мир!
Which way to go?	Куда идти?
A fine summoning display!	Классный призыв!
Time to save!	Пора сохраняться!
Where are my thermals?	Где моё термобельё?
I die, my liege!	Умираю, мой лорд!
Avast, scoundrel!	Стоять, негодяй!
Don't leave me!	Не бросай меня!
Once more, I descend.	Снова спускаюсь.
What an achievement!	Вот это достижение!
I adore draining mana!	Обожаю сосать ману!
Explode, my lovely!	Взорвись, прелесть!
How enlightening.	Как просветляет.
Foul poison!	Мерзкий яд!
My poor limbs grow numb.	Бедные конечности немеют.
Where's he lurking?	Где он прячется?
Save me!	Спаси меня!
Moving Target	Живая мишень
"Want to see my frog trick?"	"Хочешь лягушачий фокус?"
I'm wormfood...	Я червячный корм...
What do we have here?	Что тут у нас?
Rather them than me...	Лучше они, чем я...
Down I go.	Спускаюсь.
Time to head home.	Пора домой.
A breath of fresh air!	Глоток свежего воздуха!
HP theft!	Кража ХП!
A twist in the tale!	Поворот сюжета!
That's lightened the mood.	Настроение светлее.
Poison.	Яд.
My fingers are going numb...	Пальцы немеют...
Naptime!	Дрёма!
Lights out!	Свет гаснет!
A fine spot to save.	Классное место сохраниться.
Blizzard Wizzard!	Метель-маг!
I'm psyched!	Я в ударе!
Shield me!	Защити меня!
Dissolves in Water	Растворяется в воде
"This dungeon looks messy."	"Данж какой-то грязный."
Farewell, sweet life.	Прощай, сладкая жизнь.
You're mine!	Ты мой!
The beautiful die young!	Красивые мрут молодыми!
One more time!	Ещё разок!
Retreat!	Отход!
BRRRENNDAAAA!!!	БРРРЕНДААА!!!
HP, please!	ХП, пожалуйста!
Wheeee!	Уииии!
Nice 'n' bright!	Светленько!
P-P-P-P...	Я-я-я-я...
Snore...	Хррр...
This is a sign.	Это знак.
Chisel-Jawed Chump	Квадратночелюстный лох
"Battle maketh the man!"	"Битва делает мужика!"
I'm too handsome to die!	Я слишком красив, чтоб сдохнуть!
Hello, frogface.	Привет, лягушкомордый.
Too bad.	Жаль.
Let's do this again.	Давай ещё раз.
Tactical retreat.	Тактический отход.
Ahh, refreshment!	Ах, освежился!
Real mana for a real man!	Настоящая мана для настоящего мужика!
Whirl me round!	Закрути меня!
Light me up!	Подсвети меня!
Anyone got an antidote?	Есть антидот?
I'm numb!	Я онемел!
I'm sleepy!	Я сонный!
Hmmm... 	Хммм... 
Beddy-Byes!	Баиньки!
Freezing frigid frost!	Ледяной лютый мороз!
Piff-Paff!	Пиф-паф!
Conscientious Objector	Сознательный отказник
"Maybe I should do something."	"Может, мне что-то сделать."
Who'll stop him now!?	Кто его теперь остановит!?
Target sighted.	Цель на виду.
Farewell.	Прощай.
Lead me to my goal!	Веди меня к цели!
Good gracious!	О господи!
Poison? This isn't ideal...	Яд? Не идеально...
How'd you spell 'parallyssss...'!?	Как пишется 'паралиииич...'!?
My eyelids are heavy...	Веки тяжёлые...
Look left. Look right.	Смотри влево. Смотри вправо.
Dinner is served!	Ужин подан!
Barrels of fun!	Бочки веселья!
S'pose it's time to save.	Пора, видать, сохраниться.
Master of disguise!	Мастер маскировки!
The trap is set.	Ловушка готова.
Soul For Sale	Душа продаётся
"Any offers? I'm going cheap."	"Есть заявки? Я дёшево."
I'm done for.	Мне крышка.
You look different in real life.	Вживую ты другой.
What!?	Что!?
Back I go!	Назад!
GRRROYYYNNN!!!	ГРРРОЙННН!!!
O, sword of blood!	О, меч крови!
Eurgh, now I've got motion sickness...	Бле, укачало...
My eyes! My eyes!	Глаза! Глаза!
A toxic treat.	Ядовитый десерт.
I can't move!	Не могу двигаться!
G'night, folks.	Спокойной, народ.
Where to?	Куда?
Insecto-Linguist	Насекомолингвист
"Let's talk omnom!"	"Говорим на омном!"
They don't understand me!	Они меня не понимают!
Hey! D'you speak omnom?	Эй! Говоришь по-омномски?
Omnombye!	Омномпока!
Here we omnomgo again.	Омномпоехали снова.
Omnomdrain!	Омномсос!
Omnomcano!	Омномкан!
Omnomtorchnom!	Омномфакелном!
Omnomtoxnom!	Омномтоксном!
Omnomparanom!	Омномпаранном!
I'm omnomsleepy.	Я омномсонный.
I need to ask directions.	Надо спросить дорогу.
Omnomsave!	Омномсохр!
Omnomblizzard!	Омномметель!
Impatient Lady	Нетерпеливая леди
"I love a good demon!"	"Обожаю хорошего демона!"
I'm not ready to die!	Я не готова сдохнуть!
So this is the famous Badman?	Так это знаменитый Бэдмен?
Should've kept your mouth shut.	Надо было рот держать.
Easy to get lost in here...	Тут легко заблудиться...
I'm back at my best!	Я снова в форме!
Gimme gimme gimme!	Дай-дай-дай!
Twist and scream!	Крутись и ори!
How shiny!	Как блестит!
I'm foaming at the mouth.	У меня пена изо рта.
I'm glued to the spot.	Приклеилась к месту.
Night night.	Баиньки.
This place is like a maze!	Тут как лабиринт!
Sweet dreams!	Сладких снов!
Ba-Ba-Blizzard!	Ме-ме-метель!
Teleport time!	Время телепорта!
Party Animal	Тусовщица
"Make way for Wimpie!"	"Дорогу Вимпи!"
Death - the ultimate pinata.	Смерть — главная пиньята.
And here he is!	А вот и он!
NOOOO!!!	НЕЕЕТ!!!
Back to square one.	Опять с нуля.
I wanna level up!	Хочу качнуться!
I'm partied out.	Тусовка кончилась.
This is so draining.	Так выматывает.
Erupt!	Извергнись!
How's that?	Ну как?
Poisoned pinatas!	Ядовитые пиньяты!
Paralyzed pinatas!	Парализованные пиньяты!
Disco nap.	Диско-дрёма.
Where's the party at?	Где тусовка?
Save some for me!	Оставь и мне!
Over-Generous Alchemist	Щедрый алхимик
"Low interest loans!"	"Кредиты под маленький процент!"
I die penniless...	Подыхаю без гроша...
B-B-Badman!	Б-Б-Бэдмен!
Darn!	Чёрт!
Let's explore!	Давай исследовать!
Light relief!	Светлое облегчение!
Poison be darned!	К чёрту яд!
Paralysis be darned!	К чёрту паралич!
Just a quick nap...	Быстренько вздремнуть...
What am I doing here again?	Что я тут снова делаю?
Join me!	Ко мне!
High-interest savings!	Вклад под высокий процент!
Ice to meet you!	Лёд рад знакомству!
Everyone's #1 Hero	Всеобщий герой №1
"Watch me save the world!	"Смотри, как я мир спасу!
Erikaaaarrrgh!!!	Эрикааааррргх!!!
Come with me!	Пошли со мной!
Erika!!! NO!!!	Эрика!!! НЕТ!!!
I've got all day.	У меня весь день.
Recharged!	Перезаряжен!
Miracle power!	Чудо-сила!
Sandstorm!	Песчаная буря!
Darkness begone!	Тьма, прочь!
Pesky poison.	Назойливый яд.
Pesky paralysis.	Назойливый паралич.
Quick nap...	Быстрая дрёма...
Curse this dismal dungeon...	К чёрту этот унылый данж...
Dream on!	Мечтай дальше!
Save my memories!	Сохрани мои воспоминания!
Lend me your scarf!	Дай шарф!
I'll protect you all!	Я всех защищу!
A world just for us!	Мир только для нас!
Healthy Prophet	Здравый пророк
"You are our savior!"	"Ты наш спаситель!"
To die...in a place...like this...	Умереть...в месте...вроде этого...
I'm hauling you in.	Тащу тебя.
Erm. This isn't good.	Э-э. Это плохо.
Rewind...	Отмотка...
More! More! More!	Ещё! Ещё! Ещё!
By the power of Lunos!	Силой Луноса!
It's all a whirl.	Всё кругом.
Luminosity!	Светимость!
Venomous toxins!	Ядовитые токсины!
P-P-Pull yourself together, Erika.	С-с-соберись, Эрика.
Sleepy time.	Сонный час.
Where can he be?	Где он может быть?
Nighty night.	Баиньки.
Souvenir snapshot!	Сувенирный снимок!
I'm fr-fr-freezing.	Я з-з-замерзаю.
Good luck!	Удачи!
Dangerous Daydreamer	Опасный мечтатель
"You gotta have a dream."	"Надо иметь мечту."
Cloot's kaput.	Клуту капут.
Yer coming with Cloot!	Пойдёшь с Клутом!
Life's so cruel.	Жизнь жестока.
Retreat...	Отход...
Cloot's all fired up!	Клут весь в огне!
Let's go for a spin!	Покружимся!
C-C-Cloot's poisoned.	К-к-клут отравлен.
C-C-Cloot's shaky.	К-к-клут трясётся.
Cloot's sleepy.	Клут сонный.
Where's Cloot's target?	Где цель Клута?
Better save than sorry!	Лучше сохранить, чем жалеть!
Can't touch Cloot!	Клута не тронешь!
Cuboid Rebel	Кубический бунтарь
"Wanna piece o' Quoin!?"	"Хочешь кусок Коина!?"
I thought I was indestructible...	Думал, я неубиваемый...
Them's the breaks.	Такие дела.
Get back on the horse!	Снова в седло!
Quoin's on top of his game!	Коин на высоте!
C'mon! Who wants it!?	Давай! Кто хочет!?
Poison? Pah...	Яд? Пф...
Paralysis? Pah...	Паралич? Пф...
Bedtime!	Спать!
Come out, come out, wherever you are!	Выходи, выходи, где бы ты ни был!
Area secured!	Зона чиста!
Come and get me!	Ну, попробуй!
Mature Martial Artist	Пожилой мастер
"Geriatric power!"	"Гериатрическая мощь!"
It's too late for me.	Для меня уже поздно.
Respect your elders!	Уважай старших!
Wasn't meant to be, kid.	Не судьба, малой.
Let's get back in there!	Назад в бой!
Let's turn the tables!	Давай перевернём стол!
Bad guy beware!	Злодей, берегись!
They're trying to poison me.	Меня травят.
They're trying to paralyze me.	Меня парализуют.
I need my rest.	Мне надо отдохнуть.
Save it like you mean it.	Сохраняй всерьёз.
I'll take you all on!	Я вас всех!
Dainty Ditzy Damsel	Милая дурочка
"The dungeon's the place to be!"	"Данж — самое место!"
I didn't expect THIS!	Я ТАКОГО не ждала!
Hey, handsome.	Эй, красавчик.
Oh! The humanity!	О! Какое зверство!
Let's start again.	Начнём сначала.
I want to meet a dragon!	Хочу встретить дракона!
Right on target!	Прямо в цель!
You spin me round!	Ты меня кружишь!
I feel all poisony.	Я вся ядовитая.
I feel all tingly.	Я вся покалываю.
I feel all sleepy.	Я вся сонная.
Isn't this exciting!?	Разве не круто!?
Come and get it!	Ну, бери!
Let's blow this dungeon sky high!	Взорвём этот данж до небес!
Time for a new look.	Пора сменить имидж.
Vacuum chest!	Вакуумный сундук!
Big Hitter	Крутой биток
"Three strikes and you're dead!"	"Три удара — и ты труп!"
I'm out for the count.	Меня нокаутировали.
Enchanted, I'm sure.	Очарована, конечно.
Simply awful!	Просто ужас!
Round we go again.	Круг по новой.
Nice work, folks!	Классная работа, народ!
360 attack!	Атака на 360!
Vicious venom.	Злющий яд.
Sweet dreams...	Сладких снов...
This way, that way, which way!?	Туда, сюда, куда!?
All you can eat!	Ешь сколько влезет!
Burn, baby, burn!	Гори, детка, гори!
New record!	Новый рекорд!
Wardrobe overhaul!	Полный гардероб-ремонт!
Take out the trash!	Вынеси мусор!
Monster Mincer	Мясорубка монстров
"Who wants monster burgers?"	"Кто хочет монстробургеры?"
Press RESET! Quick!	Жми RESET! Быстро!
Caught like a rat in a trap!	Попался как крыса в капкан!
Say it ain't so!	Скажи, что нет!
I'll start over.	Начну сначала.
Time to go.	Пора валить.
Cutty-cutty!	Режь-режь!
Piffling poison...	Пустяковый яд...
Piffling paralysis...	Пустяковый паралич...
I'll have a quick nap.	Быстренько вздремну.
Heads or tails...	Орёл или решка...
Snack attack!	Закусочная атака!
Ka-boom!	Ка-бум!
Save us all!	Спаси нас всех!
Time for a change!	Пора меняться!
A true treasure trove.	Настоящая сокровищница.
Nervous Twitcher	Нервный дёрганец
"Has this dungeon got toilets?"	"В этом данже есть туалеты?"
So that's that...	Вот и всё...
At least you haven't changed...	Хоть ты не изменился...
Gone so soon?	Уже ушёл?
I'll get there in the end.	Я туда доберусь.
Let's get this over with!	Давай уже закончим!
Much obliged!	Очень признателен!
The knives are out.	Ножи наружу.
That's better.	Так лучше.
Poison!? Of all the rotten luck.	Яд!? Ну и везение.
Paralysis!? Of all the rotten luck.	Паралич!? Ну и везение.
I'm drowsy.	Меня клонит.
And where now?	И куда теперь?
Save yourself!	Спасайся!
Inept Impressionist	Бездарный пародист
"Wait! Have you heard this one?"	"Стой! Слышал вот эту?"
The last laugh's on me...	Последний смех — надо мной...
His Royal Badness...	Его Королевское Бэдство...
Wait! I had a great joke!	Стой! У меня был классный анекдот!
Back to basics.	Назад к основам.
A shot in the arm!	Укол в руку!
Mind your manas!	Следи за маной!
Gone with the wind!	Унесённый ветром!
Light entertainer!	Светлый массовик!
Poison!? Where's the fun in that!?	Яд!? Где тут веселье!?
Paralysis!? Where's the fun in that!?	Паралич!? Где тут веселье!?
Wake me when we get there...	Разбуди, как придём...
I'm looking for an audience.	Ищу публику.
Safety first!	Сначала безопасность!
Frosty reception!	Ледяной приём!
Teleportation!	Телепортация!
Skinny Show-Off	Тощий выпендрёжник
"I'm comin' to get you!"	"Я за тобой иду!"
What a way to go.	Вот так уходить.
Ready to go?	Готов валить?
Why, oh why!?	Почему, о почему!?
The entrance awaits.	Вход ждёт.
I'll have a nose 'round.	Пошарюсь тут.
It's about that time.	Самое время.
Is this high-cal poison?	Это яд высокого калибра?
Darn this paralysis!	К чёрту этот паралич!
Getting sleepy...	Клонит в сон...
I'll flush you out!	Выкурю тебя!
Get some shuteye!	Сосни-ка!
Save me, I tell you!	Спаси меня, говорю!
Wet 'n' wild!	Мокро и дико!
It'll blow you away!	Сдует тебя!
Prepare for a cold front.	Готовься к холодному фронту.
I'll block it out!	Заблокирую!
I blew it!	Продул!
You blew it!	Ты продул!
Ready or not, here I come.	Готовься или нет — я иду.
Big bang!	Большой бабах!
Fire it up!	Зажигай!
I'm defused!	Меня разрядили!
Gettin' sleepy...	Клонит в сон...
Slowly, slowly, catchy Badman...	Тихо-тихо, ловим Бэдмена...
Save me from myself!	Спаси меня от себя!
Buried treasure!	Зарытое сокровище!
I didn't make the cut.	Меня срезали.
Well, whaddaya know.	Ну надо же.
You'd better run!	Тебе бы бежать!
Spin cycle.	Цикл отжима.
Lighten up!	Посветлей!
Poxy poison!	Паршивый яд!
Paltry paralysis!	Жалкий паралич!
I'm running on empty.	Я на пустом баке.
Lookin' out for an anti-hero...	Ищу антигероя...
Box of surprises!	Коробка сюрпризов!
I'm a busted flush.	Я битый флеш.
Well, well, well...	Ну-ну-ну...
What's all this!?	Это ещё что!?
Must stay alert!	Надо быть начеку!
I'm on a roll!	Я в ударе!
Ah-choo!	Апчхи!
I can see!	Я вижу!
Not poison!	Только не яд!
I'm in a pickle.	Я в рассоле.
Nighty-bye...	Баиньки...
Where next?	Куда дальше?
Save it!	Сохрани!
Sacred chest.	Священный сундук.
The life's runnin' out o' me.	Жизнь из меня течёт.
Locked on target.	Цель захвачена.
What a dirty shame.	Какой грязный стыд.
Where are you?	Где ты?
I'll wipe you all out!	Я вас всех вынесу!
My beard's singed!	Бороду опалило!
Poison, of all things!	Яд, надо же!
Pa-Pa-Paralysis!	Па-па-паралич!
I'm conking out.	Я отключаюсь.
Well, let me see...	Ну, дай глянуть...
Chest in position.	Сундук на месте.
What about my dreams!?	А как же мои мечты!?
I hit paydirt!	Я напал на жилу!
Oh dear me...	Ох, господи...
This time it's on!	В этот раз — по-серьёзному!
Twirly-whirly sword!	Крути-верти меч!
Very atmospheric.	Очень атмосферно.
Was it something I ate?	Это я что-то съел?
I'm seizing up.	Меня сводит.
One sheep, two sheep, three sheep...	Раз овечка, два овечка, три...
To the left, to the right...	Налево, направо...
Plant that flag!	Воткни флаг!
This'll trick'em!	Это их проведёт!
This isn't happening.	Этого не происходит.
Mr. Overlord, I presume.	Мистер Повелитель, полагаю.
Back once again.	Снова назад.
I'm having a ball!	Я балдею!
Hello Mister Twister!	Привет, мистер Вихрь!
Nice lighting.	Классный свет.
I'm sweating like a pig.	Пот как у свиньи.
Must...move ...limbs...	Надо...двигать...конечностями...
...four sheep, five sheep, six sheep...	...четыре овечки, пять, шесть...
I'm coming to get you!	Я за тобой иду!
Flag it up!	Флаг вверх!
Check it out!	Глянь-ка!
Cult Favorite	Культовый любимчик
"Donate on 1-800-Conned-U!"	"Жертвуй на 8-800-Развод-Тебя!"
But my sacred mission...!?	Но моя священная миссия...!?
Let Adi heal you.	Пусть Ади тебя вылечит.
It cannot be!	Не может быть!
The eternal question: where to next?	Вечный вопрос: куда дальше?
Enlightenment!	Просветление!
Vile venom!?	Мерзкий яд!?
I'm turning to stone.	Я каменею.
I must rest.	Мне надо отдохнуть.
Join me, Badman!	Присоединяйся, Бэдмен!
Come, my faithful flock!	Идите, верная паства!
Salvation!	Спасение!
Here comes the big freeze!	Вот и большая заморозка!
Dicey Gambler	Рисковый игрок
"Wanna arm-wrestle?"	"На руки померимся?"
I escaped my debts at least.	Хоть от долгов сбежал.
Your gamble didn't pay off!	Твоя ставка не сыграла!
That's the way the cookie crumbles.	Вот так печенька крошится.
One more roll of the dice!	Ещё один бросок костей!
I'll trump you all!	Перебью вас всех!
I didn't bank on poison!	На яд не ставил!
I didn't bank on paralysis!	На паралич не ставил!
Must stay awa...Zzzz...	Надо не засн...Зззз...
Red? Or black?	Красное? Или чёрное?
Chow down!	Жри!
Ka-blooey!	Ка-бабах!
Stay!	Стой!
Going deep undercover.	Ухожу в глубокий заслон.
C'mon, treasure hunters!	Давайте, охотники за кладом!
Lazy Layabout	Ленивый лежебока
"I just want to be me!"	"Я просто хочу быть собой!"
My race is run...	Мой забег окончен...
Finders keepers!	Нашёл — моё!
Too bad, buddy.	Жаль, дружок.
Touch base.	На связь.
Gimme!	Дай!
Somer-assault!	Кувырк-штурм!
This is worse than nettles!	Хуже крапивы!
Billy's tingling in a bad way.	Билли покалывает нехорошо.
Time for a nap.	Пора вздремнуть.
Where to next, Billy Boy?	Куда дальше, Билли-бой?
Save my place!	Займи моё место!
Billy's full of beans!	Билли полон сил!
Super Sleuth	Суперсыщик
"I gotta hunch..."	"У меня чутьё..."
Case closed...	Дело закрыто...
I always get my man.	Я всегда беру своего.
Nice knowin' ya.	Приятно было знать.
Sheesh...	Ёлки...
That's the stuff!	Вот это да!
It's mine, all mine!	Это моё, всё моё!
I'll spin you good!	Я тебя закручу!
Got a light, bud?	Огонёк есть, дружок?
A case o' poison.	Дело о яде.
A case o' paralysis.	Дело о параличе.
I'm noddin' off.	Меня клюёт.
The trail went cold...	След остыл...
Take a chill pill!	Остынь-ка!
I'm on the case!	Я на деле!
That's a fine barricade!	Классная баррикада!
Cuddly Droid	Милый дроид
"mu5t...de5tr0y...ev1deNce..."	"н4д0...ун1чт0ж1ть...улик1..."
5hutt1ng...d0wN...	выкл0ч4ю5ь...
eNgag1ng eNemy...	4т4кую вр4г4...
c0mradE d0wN...	т0в4р1щ п4л...
adju5t tact1c5...	м3няю т4кт1ку...
exterm1n8!	ун1чт0ж8!
c0mmeNc1Ng HP dra1N.	н4ч1н4ю 0тс0с ХП.
de5tr0y everyth1Ng!	ун1чт0ж1ть в5ё!
l1ght 0N!	св3т вкл!
p0150N	0тр4в4
paraly515	п4р4л1ч
5taNd-by...	0ж1д4н1е...
a55e551Ng s1tuat10N	0ц3нк4 0б5т4н0вк1
5ave p01Nt	т0чк4 50хр
Stylish Shaman	Стильный шаман
"What you lookin' at!?"	"Чё пялишься!?"
Death's not a good look...	Смерть тебе не к лицу...
Let's go, loser.	Пошли, лох.
Thanks for the memories.	Спасибо за воспоминания.
This is getting old.	Это уже старо.
Lighten the mood.	Развесели атмосферу.
Poison's so last year.	Яд — это прошлый сезон.
Paralysis is so uncool.	Паралич — это некруто.
Sweet dreams.	Сладких снов.
Hmmm...	Хммм...
Somnattack!	Сонная атака!
Drink up!	Пей!
That's gonna burn!	Это жжёт!
Fly, my lovelies!	Летите, прелести!
Wind chill factor!	Ветро-холодовой индекс!
Shelter from the storm!	Укрытие от бури!
Fearless Fanatic	Бесстрашный фанат
"Accept no imitations!"	"Не принимай подделок!"
Death is my bride!	Смерть — моя невеста!
You're going down!	Ты падёшь!
What the...!	Что за...!
Hmph.	Хмф.
I'm somewhat cutting.	Я слегка режущий.
Light!	Свет!
I spit in the face of poison!	Плюю в лицо яду!
I spit in the face of paralysis!	Плюю в лицо параличу!
Darn sleep...	К чёрту сон...
I'm on your trail!	Я на твоём следе!
Save me for later!	Сохрани меня на потом!
Boxing clever.	Бокс по-умному.
Mirthful Monarch	Весёлый монарх
"Papier-mГўchГ©'s not a dirty word"	"Папье-маше — не ругательство"
Urgghhh!	Ургггххх!
YOU!!!	ТЫ!!!
You overdid it!	Ты переборщил!
Once more!	Ещё раз!
Take this!	На вот!
Everything's clearer!	Всё яснее!
The pain of poison.	Боль яда.
The prison of paralysis.	Тюрьма паралича.
Sleep is for the weak (yawn)...	Сон для слабых (зевок)...
This ain't no game!	Это не игра!
Record my epic progress!	Запиши мой эпический прогресс!
No ordinary chest!	Не простой сундук!
The Hero	Герой
"What's in a name?"	"Что в имени тебе?"
What is your naaaaargh...?	Как тебя зооооаргх...?
What is YOUR name!?	Как ТЕБЯ зовут!?
What was your name?	Как тебя звали?
Tell me your name again...	Скажи имя ещё раз...
Gimme experience! Now!	Дай опыт! Сейчас!
Enough for today!	На сегодня хватит!
Gimme that name!	Дай это имя!
...And your name was?	...А тебя как звали?
Gimme your tor-name-do!	Дай своё тор-имя-до!
Shed light on your name!	Пролей свет на имя!
Your name was... Urrggh...	Тебя звали... Урргх...
Y-Y-Your n-n-name w-w-was?	Т-т-тебя к-к-как з-з-звали?
Your name wazzz...	Тебя звалиии...
Now what was that name again?	Так как же тебя звали?
Gimme your name... (yawn)	Дай имя... (зевок)
Save your name!	Сохрани имя!
Whisper your name!	Прошепчи имя!
Gimme your name! NOW!!!	Дай имя! СЕЙЧАС!!!
Don't block your name!	Не блокируй имя!
Ally	Союзник
"Anyplace I can buy a name?"	"Где тут купить имя?"
I wanted so much more from life.	Я хотел от жизни большего.
I tracked you down!	Я тебя выследил!
Don't leave me this way!	Не оставляй меня так!
Let us be gone from here.	Уйдём отсюда.
Tremble at the name of AAB!!!	Дрожи перед именем ААБ!!!
All I want is love! And HP...	Всё, что хочу — любовь! И ХП...
Spinning top!	Волчок!
The light of love.	Свет любви.
Getting drowsy...	Клонит в сон...
Where am I!?	Где я!?
As good a spot as any...	Место не хуже других...
Heroine	Героиня
"Nameless and shameless!"	"Безымянная и бесстыдная!"
The final curtain.	Последний занавес.
Am I playing the lead?	Я играю главную?
Must I take the stage alone!?	Мне одной на сцену!?
I'm not enjoying this role...	Мне эта роль не нравится...
Let's head back.	Давай назад.
How invigorating!	Как бодрит!
Give me your mana!	Дай ману!
Up, up and away!	Вверх, вверх и прочь!
Sparks are flying!	Искры летят!
Ugh... Toxic venom...	Угх... Токсичный яд...
Limbs locking up...	Конечности деревенеют...
Don't let me sleep in!	Не дай мне проспать!
Where to next?	Куда дальше?
You are feeling sleepy...	Тебе хочется спать...
Take note of my progress.	Запиши мой прогресс.
Look! Gooseflesh!	Глянь! Мурашки!
All yours...	Всё твоё...
Lily-Livered Loser	Трусливый неудачник
"Badman just needs a hug!"	"Бэдмену просто нужна обнимочка!"
Nice guys finish last...	Хорошие парни финишируют последними...
Badman, let's talk about it...	Бэдмен, давай поговорим...
You weren't built to last.	Тебе не суждено долго жить.
I'm not giving up.	Я не сдаюсь.
Violence solves nothing!	Насилие ничего не решает!
This is poison alright!	Это точно яд!
Paralysis. What a drag.	Паралич. Нудно.
A little sleep can't hurt.	Маленький сон не повредит.
Anyone got a map?	Есть карта?
Wait with baited breath.	Жди, затаив дыхание.
Let's bring the roof down!	Обрушим крышу!
Remember me!	Помни меня!
Let's try a new look.	Давай новый имидж.
This is no regular box!	Это не простой ящик!
Two-Faced Sidekick	Двуличный напарник
"I got your back, buddy..."	"Я прикрою, дружок..."
Urrrgghhh!!!	Уррргггххх!!!
He's here!	Он тут!
You were too good to live...	Ты был слишком хорош, чтоб жить...
Hmmm... Weird...	Хммм... Странно...
Fresh as a spring breeze!	Свеж как весенний ветер!
The mana's mine!	Мана моя!
This'll go down a storm.	Это будет фурор.
Light is right.	Свет — это правильно.
I'm poisoned.	Меня отравили.
I'm all stiff.	Я весь деревянный.
I'm sleepy...	Я сонный...
I am NOT lost...	Я НЕ заблудился...
Hit the hay!	На сеновал!
It pays to save.	Сохраняться выгодно.
A cold front on its way.	Холодный фронт на подходе.
There you are.	Вот ты где.
Heartbroken Hero	Разбитый герой
"I'll go on without you, Erika."	"Я пойду без тебя, Эрика."
I lose again!	Снова проиграл!
You evil, evil man!	Ты злой, злой человек!
Sob...	Хнык...
I want out of here so bad.	Так хочу отсюда выбраться.
Where are you, Erika?	Где ты, Эрика?
You're not here?	Тебя нет?
Erika...	Эрика...
Suck that HP dry!	Высоси всё ХП!
Blow, wind, blow!	Дуй, ветер, дуй!
That's a fine torch!	Классный факел!
My tummy feels funny.	Живот странный.
My legs feel like lead.	Ноги как свинец.
ZZZzzz...	ЗЗЗззз...
Where is he...?	Где он...?
G'night!	Спокойной!
Ice is nice!	Лёд — это класс!
I'm burning up!	Меня жжёт!
Ba-Ba-Barrier!	Ба-ба-барьер!
Have-A-Go-Hero	Герой-энтузиаст
"This is my big moment!"	"Это мой большой момент!"
I could've been a contender...	Я мог быть претендентом...
I win at last!	Наконец победил!
Nooo!	Нееет!
I won't quit.	Я не сдамся.
Ouch - my guts...	Ай — кишки...
Sleep? Surely not...	Сон? Ну уж нет...
Not here, eh?	Не тут, да?
Go get 'em!	Давай их!
Never forget to save!	Никогда не забывай сохраняться!
The ice age is back!	Ледниковый период вернулся!
Saucy Sorceress	Дерзкая чародейка
"I know how to handle monsters."	"Я знаю, как обращаться с монстрами."
A sorry sacrifice...	Жалкая жертва...
Look who we have here!	Гляньте, кто тут!
How frightful!	Как страшно!
Yep. This is the entrance.	Ага. Это вход.
Mana's all mine!	Мана вся моя!
Erupt like you mean it!	Извергайся всерьёз!
O, mystic torch!	О, мистический факел!
Am I numb!?	Я онемела!?
Sleepy...	Сонно...
At the crossroads...	На распутье...
DIY Hero	Самодельный герой
My balloon's burst...	Шарик лопнул...
You've been rumbled!	Тебя раскрыли!
My creator!	Мой создатель!
Never give up!	Никогда не сдавайся!
I'm in great shape!	Я в отличной форме!
Mana, if you please.	Ману, будь добр.
I'm all in a spin.	Меня крутит.
Bright idea!	Светлая идея!
Can I sleep here?	Можно тут поспать?
I'm lacking direction.	Мне не хватает направления.
Sleeping draught!	Сонное зелье!
Save the game!	Сохрани игру!
Let's go sub-zero!	Погнали ниже нуля!
Hit 'em hard!	Бей их сильно!
Marginal Prophet	Сомнительный пророк
"I have to let the past go..."	"Надо отпустить прошлое..."
It's the end of the world!	Это конец света!
Let's finish this.	Давай закончим.
You're useless!	Ты бесполезен!
Let's do this!	Погнали!
Some light in my darkness.	Немного света в моей тьме.
Curse you, toxins.	Будь ты проклят, токсин.
My legs fell asleep.	Ноги затекли.
Is this a dream?	Это сон?
Want me to tuck you in?	Укрыть тебя?
Let me place my flag here.	Поставлю флаг тут.
Water, cleanse this place!	Вода, очисти это место!
Fire, purify this place!	Огонь, очисти это место!
Wind, shake this place!	Ветер, встряхни это место!
Ice, freeze this place!	Лёд, заморозь это место!
The art of defense!	Искусство защиты!
I die with no name...	Умираю без имени...
Badman! Now, THAT'S a cool name.	Бэдмен! Вот ЭТО крутое имя.
Farewell, my poorly-named friend.	Прощай, мой плохо названный друг.
And again!	И снова!
I'm ready for anything!	Я готов ко всему!
Blood sword!	Кровавый меч!
Blow me away!	Сдуй меня!
Still can't see a name.	Имени всё не вижу.
The poison pumps through my veins.	Яд качает по венам.
So numb...	Так немею...
Some shut-eye...	Немного глаз сомкнуть...
Any names 'round here?	Тут есть имена?
Hope you don't snore...	Надеюсь, ты не храпишь...
Save my sorry soul.	Спаси мою жалкую душу.
Just chill out!	Просто остынь!
Now I just need a name!	Теперь мне только имя!
Safety! For now...	Безопасно! Пока...
Now change my name...	Теперь смени имя...
Don't struggle, you hear?	Не дёргайся, слышишь?
Your name's to blame!	Виновато твоё имя!
Back to the start.	Назад к началу.
CHANGE MY NAME!	СМЕНИ МОЁ ИМЯ!
I'll have some!	Я возьму!
Danger zone!	Опасная зона!
Ah, that's nice!	Ах, класс!
Venomous venom.	Ядовитый яд.
Numbness overwhelms me.	Онемение накрывает.
Slipping under...	Уплываю...
Any spare names lying around?	Есть лишние имена?
Time to save.	Пора сохраняться.
And so it ends...	Вот так и кончается...
Let's get married!	Давай поженимся!
Darn you, monsterkind!	Будьте вы прокляты, монстры!
Let's try a fresh approach.	Давай свежий подход.
I'm full of beans!	Я полон сил!
Would you mind?	Не возражаешь?
Let the wind do its work!	Пусть ветер делает своё!
I've been passed the torch!	Мне передали факел!
Envenomated!	Отравлён!
Can't...move...	Не...могу...двигаться...
Can't fight it...	Не могу сопротивляться...
Where you at, Badman?	Где ты, Бэдмен?
Sleep tight, sucker!	Спи крепко, лох!
Save for a rainy day.	Копи на чёрный день.
Take it ice and easy.	Лёд и спокойно.
Over to them!	Им!
Default Hero	Герой по умолчанию
"Insert comment here."	"Вставь комментарий сюда."
I have feelings too...	У меня тоже чувства...
Can I get your autograph?	Можно автограф?
Farewell, sweet prince!	Прощай, милый принц!
And here we go again.	И вот опять.
What joy!	Какая радость!
Ah, what a delight!	Ах, какое наслаждение!
Fill the hole in my soul!	Заполни дыру в душе!
There's a storm a-brewin'!	Буря надвигается!
Nice torch.	Классный факел.
Poison! In my eyes!	Яд! В глаза!
I'm sh-sh-shaking.	Я д-д-дрожу.
I'll fall asleep!	Я засну!
Should've packed that map...	Надо было карту взять...
Sleep soundly!	Спи крепко!
Save me up!	Сохрани меня!
Weather's getting bad.	Погода портится.
Taking on all comers!	Приму всех желающих!
That's magic, that is!	Вот это магия!
Who will weep for me?	Кто обо мне поплачет?
Tell me your real name.	Скажи настоящее имя.
You shall be missed!	Тебя будут помнить!
Once more...	Ещё раз...
I need mana too.	Мне тоже нужна мана.
Burn!!!	Гори!!!
Such lustrous light.	Какой блестящий свет.
Oh, the poisonosity...	О, ядовитость...
Oh, the numbitude...	О, немелость...
I grow weary.	Я устаю.
Did I hear someone sneeze?	Кто-то чихнул?
Basic Hero	Базовый герой
O, all too brief life!	О, слишком краткая жизнь!
Fancy finding you here!	Надо же, ты тут!
Oh, the pity of it all!	О, какая жалость!
He ain't here.	Его тут нет.
The scales have fallen from my eyes!	Чешуя спала с глаз!
Snakebite!?	Змеиный укус!?
Can't move a muscle...	Мышца не двигается...
I should've brought teddy...	Надо было мишку взять...
My eyes are peeled.	Глаза наготове.
Attack!!!	Атака!!!
I'm not cold.	Мне не холодно.
Everyday Hero	Будничный герой
Gone - like that!	Пропал — вот так!
Bingo!	Бинго!
Come back!!!	Вернись!!!
Back to the starting line.	Назад на старт.
Round we go!	Круг пошёл!
A night light!	Ночник!
Poison's overpowering...	Яд одолевает...
Paralysis creeps...	Паралич ползёт...
This way? That way?	Сюда? Туда?
Never forget this place!	Никогда не забудь это место!
A fine box of tricks.	Классная коробка фокусов.
Common Hero	Простой герой
An absurd end to an absurd life.	Абсурдный конец абсурдной жизни.
Hurrah!	Ура!
Such a waste.	Какая трата.
Time to twirl!	Пора крутиться!
Antidote, anyone?	Антидот, есть?
This'll get worse before it gets better.	Сначала хуже, потом лучше.
Sleep? Now!?	Сон? Сейчас!?
I'll sniff him out.	Я его вынюхаю.
Here's a nice treat.	Вот вкусняшка.
Roll out the barrel!	Кати бочку!
Check the new look!	Глянь новый имидж!
Treasure this!	Цени это!
Usual Hero	Типовой герой
I ain't got time to die!	Мне некогда сдыхать!
That's the way it goes.	Вот так бывает.
I'm going back...	Я назад...
Please give generously.	Давайте щедро.
I'm going to swing for the fences.	Бью на вынос.
I'm stuck fast.	Я намертво застрял.
See you in the morning!	Увидимся утром!
Right. Where next?	Так. Куда дальше?
Never forget!	Никогда не забудь!
I'm going to finish this!	Я это закончу!
Archetypal Hero	Архетипный герой
Decommissioned...	Списан...
Aren't you going to run?	Ты не будешь бежать?
Gone too soon.	Ушёл слишком рано.
Search and destroy.	Ищи и уничтожай.
Cyborg!!!	Киборг!!!
Preparing to drain HP...	Готовлюсь сосать ХП...
Preparing to launch spin...	Готовлюсь к крутилке...
Flashy!	Ярко!
It's in my blood.	Это в крови.
I ain't going anywhere.	Я никуда не иду.
Sleep...	Сон...
Back me up!	Прикрой!
Vanilla Hero	Ванильный герой
Ah, death's sweet embrace.	Ах, сладкие объятия смерти.
Put up a fight, why don't you?	Ну поборись же!
Please come back!	Вернись, пожалуйста!
Who needs a name?	Кому нужно имя?
Mysterious sustenance!	Таинственная пища!
Mana from heaven!	Мана с небес!
The wind of change!	Ветер перемен!
It's still too dark...	Всё ещё темно...
Say no to numbness.	Скажи нет онемению.
I'll just rest a while.	Просто отдохну чуть.
Sleep, darn you!	Спи, чёрт возьми!
Mystery data!	Таинственные данные!
Ice age!	Ледниковый период!
Enjoy!	Наслаждайся!
Mehero	Ягерой
How can this be?	Как так?
It's showtime!	Шоу начинается!
Pitiful...	Жалко...
I'm comin' to get ya!	Я за тобой!
Light up!	Светись!
It's something I ate...	Это я что-то съел...
It's just the flu...	Просто грипп...
Is there ever a bad time to sleep?	Бывает ли плохое время спать?
Hmmm... I'm kinda lost.	Хммм... Я как-то потерялся.
Sleep it up!	Выспись!
Save this!	Сохрани это!
Holy water!	Святая вода!
Lava!	Лава!
Whirlwind!	Вихрь!
Its getting cold.	Холодает.
Shield me.	Защити меня.
Foul-Mouthed Failure	Матерный неудачник
"I **** can't ***** the ****!"	"Я **** не ***** этот ****!"
S*r*ly s*me m*st*ke.	Т*чн* к*к*я-т* ош*бк*.
B*dm*n!	Б*дм*н!
D*n't d*e *n me!!!	Н* сд*х*й н* мн*!!!
N*t aga*n!?	Н* оп*ть!?
I f**l g**d!	Я в к**фе!
HP *******!	ХП *******!
N*ce tw*st*r!	Кл*ссн*й в*хрь!
Th*t's br*ght!	Ярк* ж*!
D*rn p**s*n!	Ч*рт*в яд!
G*tt*ng n*mb*r.	Всё н*м*е.
I'm try*ng to sl**p.	П*т*юсь сп*ть.
Wh*r* the h*ck is h*!?	Гд* ч*рт *н!?
Sl**p t*ght!	Сп* кр*пк*!
S*ve th* g*m*.	С*хр*н* *гр*.
Bl*zz*rd!	М*т*ль!
I'm feeling *****!	Я ч*вств*ю *****!
A m*g*c b*rri*r!	М*г*ч*ск*й б*рь*р!
Dungeon Tour Guide	Гид по данжу
"Come take a look around!"	"Заходи, глянь вокруг!"
Cut down in my prime!	Срубили в расцвете!
Bow before your lord!	Поклонись своему лорду!
You didn't die in vain. Honest.	Ты не зря сдох. Честно.
And again...	И снова...
Let's do some recon.	Давай разведку.
I see.	Понял.
Ring of light!	Кольцо света!
Let's fire it up!	Давай зажжём!
Torch!	Факел!
Numbness...	Онемение...
I grow tired.	Я устаю.
Right! Let's do this!	Так! Погнали!
Treasure chest!	Сундук с сокровищами!
Fresh-Faced Hero	Свежий герой
"I'm gonna own this dungeon!"	"Этот данж будет моим!"
The remote's broken.	Пульт сломан.
Are you from the future?	Ты из будущего?
Change the options.	Смени настройки.
Is someone making a fool of me?	Надо мной издеваются?
Let's test some magic on those lizards!	Протестируем магию на ящерицах!
Is this how you do it?	Так это делается?
Mana to man.	Мана к мужику.
Set to erupt!	Готов извергнуться!
It's all twinkly!	Всё блестит!
Pip's poisoned.	Пипа отравили.
Pip's paralyzed.	Пипа парализовало.
Zzz...	Ззз...
Pip pip!	Пип-пип!
Sky Pirate	Небесный пират
"Is this the dragon's nest?"	"Это драконье гнездо?"
Talk about bad luck...	Вот это невезение...
Kidnap 'em!	Хватай их!
You little skunks!	Мелкие скунсы!
I'll start over again!	Начну сначала!
N-N-N-Numb!?	О-о-о-онемел!?
I'll fall asleep now.	Сейчас засну.
It's too quiet...	Слишком тихо...
Eat it!	Жри!
Explode in five minutes!	Взорвусь через пять минут!
Look closely! Who is it!?	Глянь внимательно! Кто это!?
Inventor on Patrol	Изобретатель на дозоре
"Want to see my latest invention?"	"Хочешь моё новое изобретение?"
I have but many regrets.	У меня лишь много сожалений.
Eureka!	Эврика!
When did that happen!?	Когда это случилось!?
Time for another challenge!	Пора на новый вызов!
This should work!	Это должно сработать!
Whirlstool!	Крутистул!
Illuminate!	Освети!
Venom!	Яд!
Grr...	Грр...
Sleepy.	Сонно.
It's too vast.	Слишком огромно.
Flag!	Флаг!
Mouse	Мышь
Egads!	О ужас!
What a grotesque life form...	Какая гротескная форма жизни...
You were defeated!?	Тебя победили!?
Land?	Земля?
Fire!	Огонь!
Poy-zoon!	Пой-зун!
I can't stand it.	Не выношу.
How big can this labyrinth be?	Насколько велик этот лабиринт?
Neighborhood Robot	Районный робот
"Overlord Capture Protocols engaged."	"Протоколы захвата Повелителя включены."
Hmph, I've been dead before.	Хмф, я уже умирал.
Overlord location confirmed!	Местоположение Повелителя подтверждено!
No reply!?	Нет ответа!?
I'm at the entrance!	Я у входа!
Heal me!	Вылечи меня!
The hero used a Torch!	Герой использовал Факел!
The hero became poisoned.	Герой отравился.
The numbness...is overwhelming!	Онемение...невыносимо!
...Could sleep forever.	...Мог бы спать вечно.
No trouble here...	Тут всё тихо...
Tranquilizers set.	Транквилизаторы готовы.
"What is your name?"	"Как тебя зовут?"
Gyuarghhhh!	Гюаргхххх!
Tremble before the might of AAA...	Дрожи перед мощью ААА...
I won't forgive this!	Я этого не прощу!
I'll capture him next time!	В следующий раз поймаю!
I feel great!	Я отлично себя чувствую!
Drawing magic!	Черчу магию!
That's nice...	Класс...
I can't believe this poison.	Не верю этому яду.
Numb!	Онемел!
"What is your friend's name?"	"Как зовут твоего друга?"
I won't accept this!	Я этого не приму!
I've got you now.	Теперь ты мой.
This is not good!	Это плохо!
Where does this end?	Где этому конец?
Boom!	Бум!
I'll just put it here...	Просто поставлю тут...
Not poison...	Только не яд...
I'm numb!?	Я онемел!?
You're wasting your time!	Ты зря время тратишь!
I brought extra bombs.	Я взял запасные бомбы.
I'm Badman!	Я Бэдмен!
"What is your girlfriend's name?"	"Как зовут твою девушку?"
Impossible!	Невозможно!
You, ugly one.	Ты, урод.
That was too fast...	Это было слишком быстро...
I'll wrap this up!	Я это закрою!
...Give me strength!	...Дай мне сил!
Burning out!	Выгораю!
Paralysis!?	Паралич!?
I...won't sleep.	Я...не буду спать.
I won't let you escape!	Я не дам тебе сбежать!
Even without MP...!	Даже без МП...!
3 hours gone!	3 часа пропали!
I found ya!	Нашёл тебя!
I'm not sc-scared!	Я не б-боюсь!
Poi-Poi-Poison?	Я-я-яд?
Wahhh!!	Ваххх!!
*yawn*	*зевок*
What should I do?	Что мне делать?
You would cry too if it happened to you.	Ты б тоже плакал, случись такое с тобой.
Overlorrrrrd!	Повелитееел!
Try this angle!	Попробуй этот угол!
Let's walk as we light this.	Пойдём, пока светим.
A poison mist?	Ядовитый туман?
I'll grow old and die at this pace...	Я состарюсь и сдохну в таком темпе...
It's so cumbersome.	Так громоздко.
If you're out there, come on out!	Если ты там — выходи!
My allowance!	Мои карманные!
Yes! I'm gonna do it this time!	Да! В этот раз получится!
Sukisuki!	Сукисуки!
It's not like I'm lost!	Я вовсе не заблудился!
Blood Sword!	Кровавый меч!
It's bright now!	Теперь светло!
Poison damage!	Урон ядом!
I'm numb...	Я онемел...
I'm really...sleepy.	Я очень...сонный.
I'll be careful from now on.	Дальше буду осторожнее.
You told me you got some bread!	Ты сказал, у тебя есть хлеб!
Mr. Overlord, it's time.	Мистер Повелитель, пора.
Shota!	Шота!
I'm lost! Let's start over!	Я заблудился! Начнём сначала!
Healio!	Хилио!
I don't have a detox herb.	У меня нет травы от яда.
I'm numb all over!	Я весь онемел!
No freebies...	Халявы не будет...
I don't want any more scandals!	Хватит со мной скандалов!
Farewell, my glorious beard.	Прощай, моя славная борода.
There's the Overlord!	Вон Повелитель!
That was a major setback!	Это был крупный откат!
I need to start over again!	Надо начать сначала!
I'll kill you!	Я тебя убью!
This is the only way!	Другого пути нет!
This is just the right brightness!	Как раз нужная яркость!
I'm soaked with poison.	Я пропитан ядом.
My legs fell asleep!	Ноги затекли!
Lack of sleep is dangerous for heroes.	Недосып для героев опасен.
I want to know where the exit is.	Хочу знать, где выход.
What a shame...	Какой позор...
Overlord! Forward!	Повелитель! Вперёд!
You're way too reckless!	Ты слишком безрассуден!
I just went to find some food.	Я просто пошёл за едой.
I'll really kill you!	Я тебя правда убью!
Spin around and hit them!	Крутись и бей их!
I'm serious! Can't you see that?	Я серьёзно! Разве не видно?
Venom...	Яд...
My bed...	Моя кровать...
What's next?	Что дальше?
Why is this happening here!?	Почему это происходит тут!?
There's the mastermind!	Вон мозговой центр!
I shall examine your body!	Я осмотрю твоё тело!
Let's go to a safe area for now.	Пойдём пока в безопасное место.
I stole something of yours.	Я у тебя кое-что украл.
Mossimo Volcano!	Моссимо-вулкан!
Ah, mood lighting!	Ах, свет для настроения!
Paralyzed...	Парализован...
It's time to dream.	Пора мечтать.
No one is after us...	За нами никто не гонится...
Belmon...	Белмон...
The Overlord is just ahead of us!	Повелитель прямо впереди!
Why-!?	Почему-!?
Our Auto-Map isn't working!	Наша автокарта не работает!
I'll use it myself!	Я сам этим воспользуюсь!
Blazebest!	Блейзлучш!
I can see your face!	Я вижу твоё лицо!
Poison...is not good.	Яд...это плохо.
I can't move.	Не могу двигаться.
Zzz... Zzz...	Ззз... Ззз...
What's a diversion?	Что такое отвлекающий манёвр?
What is this thing called the end?	Что это за штука под названием конец?
I don't know why I found him.	Не знаю, почему я его нашёл.
Are you serious!?	Ты серьёзно!?
I came back once.	Я уже возвращался.
Healorama!	Хилорама!
Inferbetter!	Инферлучше!
We're safe now.	Теперь мы в безопасности.
I'll die from poison.	Я сдохну от яда.
I'm paralyzed.	Я парализован.
I'm going to sleep.	Я иду спать.
Which path should I choose?	Какой путь выбрать?
What's going on here!?	Что тут происходит!?
I'll stop the Overlord.	Я остановлю Повелителя.
Sinead was defeated!?	Шинейд победили!?
I hate these walls!	Ненавижу эти стены!
Feel my Pyramid Power!	Чувствуй силу пирамиды!
Icebowl!	Ледочаша!
I can see all the lines!	Я вижу все линии!
Germs cause injuries!	Микробы вызывают раны!
I can't feel my hands...	Рук не чувствую...
I'm so tired...	Я так устал...
I'll just use telepathy...	Просто телепатией...
But I don't have a beard...	Но у меня нет бороды...
I missed you!	Я скучал по тебе!
I can't believe you weren't eaten first.	Не верю, что тебя не съели первым.
Let's resume the game!	Давай продолжим игру!
Fantasy Drain!	Фэнтези-сос!
Turning Hawk!	Крутящий ястреб!
Ingerworse!	Инферхуже!
Swing the torch!	Махни факелом!
Lockjaw...?	Столбняк...?
It's binding me!	Это меня связывает!
I can't see clearly.	Плохо вижу.
Search the field.	Ищи по полю.
What...I've been defeated again!?	Что...меня снова победили!?
Here he is!	Вот он!
Darn you!	Будь ты проклят!
Darn! Where did he go?	Чёрт! Куда он делся?
Miracle Axe Swing!	Чудо-взмах топора!
Axe Spinner!	Топорокрутилка!
I feel strong!	Я чувствую силу!
Tetanus...?	Столбняк...?
Everything's rubbery...	Всё как резина...
I'm...a Slimemoss... Hehehe!	Я...слизьмох... Хехехе!
Where are you wimps hiding!?	Где вы прячетесь, слабаки!?
He tricked me with that bread!	Он обманул меня тем хлебом!
This is the Overlord!	Это Повелитель!
Please leave your money where you are!	Оставьте деньги где стоите!
Do it again!	Сделай ещё раз!
Heal deal!	Хил-сделка!
Light it up!	Зажигай!
Poison?	Яд?
Love is all there is...	Любовь — это всё...
Where there's a will, there's a problem!	Где воля, там проблема!
This was just a fragment after all.	Это был всего лишь осколок.
There he is!	Вон он!
*gasp* Next might be...	*ах* Дальше может быть...
Let's try again!	Давай ещё раз!
Burn you down!	Сжечь тебя!
Say cheese!	Скажи сыр!
My body's turning purple.	Тело становится фиолетовым.
I'm naturally stuck!	Я от природы застрял!
Sleepy...zzz.	Сонно...ззз.
Patrol clear!	Дозор чист!
"This dungeon is already under control."	"Этот данж уже под контролем."
Nnn-ohhh!	Ннн-оххх!
Thought you could escape from me?	Думал, сбежишь от меня?
Once more for justice!	Ещё раз во имя справедливости!
Now, return...	Теперь вернись...
Ooh! Shiny!	Оо! Блестит!
Central nervous system...shutting down...	Центральная нервная система...отключается...
Brute force...leaving me....	Грубая сила...покидает меня....
Nighty night...	Баиньки...
Are you waiting for me?	Ты меня ждёшь?
Hehe...you're so strong.	Хехе...ты такой сильный.
What a strong aura...	Какая сильная аура...
This isn't fire stuff, but...	Это не огонь, но...
Please make it so easy a monkey can do it.	Сделай так, чтоб даже обезьяна смогла.
I'll bite you and suck your ki.	Укушу и высосу ки.
Inferno to the face!	Инферно в лицо!
I don't trust invisible guys I can't see.	Не доверяю невидимым, которых не вижу.
Where are you, Super Water God?	Где ты, Суперводный бог?
Urgh...I can't move.	Ургх...не могу двигаться.
I feel like I'm in a ball...	Чувствую себя как в шаре...
Eek! Eek!	Иик! Иик!
Did I go down in history?	Я вошёл в историю?
This is a Hero's story.	Это история героя.
I told you not to rush!	Я ж говорил не торопиться!
Let's try it again!	Давай ещё раз!
I wanna jump around!	Хочу попрыгать!
This reminds me of the moonlight.	Это напоминает лунный свет.
I thought I was immune to poison...	Думал, я иммунен к яду...
I know sleeping means admitting defeat, but...	Знаю, сон — это признать поражение, но...
Looking, looking...	Ищу, ищу...
You disposed of me?	Ты меня утилизировал?
I shall write more epics.	Я напишу ещё эпосов.
You were sent where?	Тебя куда отправили?
I'll dive in again, man!	Снова нырну, мужик!
Form of a whirlpool!	Форма водоворота!
I feel the power!	Я чувствую силу!
You know the Flu? It's that bad, man.	Знаешь грипп? Вот настолько плохо, мужик.
I'm groggy now.	Меня разморило.
I have to do this quick!	Надо сделать это быстро!
The door's closing...	Дверь закрывается...
A rare delicacy!	Редкий деликатес!
Oh boy!	Ого!
Botulism!	Ботулизм!
Uh...I can't move.	Э-э...не могу двигаться.
Where's that smell coming from?	Откуда этот запах?
I made a mistake by one space.	Я ошибся на одну клетку.
This is the chamber!	Это покои!
You again!?	Снова ты!?
I forgot to get the items.	Забыл взять предметы.
Charge and drain!	Заряд и отсос!
Torch dance!	Танец факела!
Poison sucks!	Яд — отстой!
My legs...	Мои ноги...
Anti-sleep...	Антисон...
Are there any traps?	Тут есть ловушки?
This was slightly out of character.	Это было слегка не в характере.
Looks expensive!	Выглядит дорого!
Since you're gone...	Раз тебя нет...
Retreat is not an option!	Отход — не вариант!
Heal well!	Хили хорошо!
Jumping Typhoon!	Прыгающий тайфун!
Lighting the torch!	Зажигаю факел!
I can't believe...	Не могу поверить...
What if I keep pressing X?	А если жать X дальше?
I hope I don't hit my head...	Лишь бы головой не стукнуться...
Give me back my 3 hours!	Верни мои 3 часа!
I finally found the Dark Emperor!	Я наконец нашёл Тёмного императора!
This is dangerous!	Это опасно!
Let's do the sums again.	Давай пересчитаем.
I'll exert all my strength!	Я выложусь изо всех сил!
Rolling Day Trader!	Катящийся дневной трейдер!
Adult supervision!	Взрослый присмотр!
I'm getting weak...	Я слабею...
My connection was severed.	Связь оборвалась.
I can't move when I'm asleep.	Во сне я не двигаюсь.
Must be some good loot round here...	Тут наверняка хороший лут...
Geez!	Ёлки!
I'll hang him later!	Повешу его потом!
Run away!	Беги!
What a formidable labyrinth.	Какой грозный лабиринт.
Say your prayers!	Читай молитвы!
Woohooooo!	Ууухуууу!
I brought the rain!	Я принёс дождь!
Turn around and blow them down!	Развернись и сдуй их!
Torchah!	Факелах!
Demon's Venom...	Демонский яд...
I feel...	Я чувствую...
Is there an audience for us?	Для нас есть публика?
This can't be the end...	Это не может быть концом...
I found the doll!	Я нашёл куклу!
Are those your tears!?	Это твои слёзы!?
Let's charge in again.	Давай снова рванём.
She cried, "More! More!"	Она кричала: "Ещё! Ещё!"
This is the power of N2!	Это сила N2!
I said Torch!	Я сказал Факел!
I wanna return to the void.	Хочу вернуться в пустоту.
Borders? What's that?	Границы? Это что?
Who will take over being da mastah?	Кто будет следующим хозяином?
This is what I aimed for!	Вот к чему я стремился!
Something's not right here...	Тут что-то не так...
Where did he go?	Куда он делся?
Whatah!	Чеготах!
Kee ahhh!	Кии аххх!
Wow! That's bright.	Вау! Ярко.
Poison, huh?	Яд, да?
He should be around here.	Он должен быть где-то тут.
I'm da mastah...	Я тута хозяин...
Gwahh!	Гвахх!
I shall return you to the Inferno!	Верну тебя в Инферно!
I can't be stopped here.	Меня тут не остановить.
This can't end well.	Это плохо кончится.
Elixir!	Эликсир!
Ninja stars in 8 directions!	Сюрикены в 8 сторон!
A torch...	Факел...
P-poison!	Я-яд!
I won't let them go!	Я их не отпущу!
I'll always be here.	Я всегда буду тут.
We're taking you down!	Мы тебя снесём!
What happened!?	Что случилось!?
Calm down and think this through.	Успокойся и подумай.
Demon Ripper!	Демон-потрошитель!
This is a torch.	Это факел.
Poison, it is?	Яд, так?
I'm paralyzed!	Я парализован!
Where are you!?	Где ты!?
Knowing is only half of it.	Знать — это только половина.
Dark Hero!? Don't make me laugh!	Тёмный герой!? Не смеши меня!
You went too far!	Ты слишком далеко зашёл!
Retreat for now!	Пока отходим!
Fire in the hole!	Огонь в дыру!
Torch Illusion!	Факельная иллюзия!
It's eroding my body.	Это разъедает тело.
Can't do...jumping jacks...	Не могу...прыжки...
D... L...	Д... Л...
We've got to find him.	Нам надо его найти.
That was tricky!	Это было хитро!
There's the Dark Hero!	Вон Тёмный герой!
So many enemies!	Столько врагов!
Retreat, men!	Отход, мужики!
Aurora attack!	Атака авроры!
Lightning Sword!	Меч молнии!
Crystal Torch!	Кристальный факел!
My energy...	Моя энергия...
I lost control of my body!	Я потерял контроль над телом!
Hypnosis...?	Гипноз...?
Regroup!	Перегруппировка!
It's not fair, I fell.	Нечестно, я упал.
I found the Overlord on my own.	Я сам нашёл Повелителя.
Your account has a zero balance.	На счёте ноль.
You can't escape.	Тебе не сбежать.
This torch is fashionable.	Этот факел модный.
I received poisonous damage.	Получил ядовитый урон.
I need my pajamas...	Мне нужны пижамы...
What should I do now?	Что мне теперь делать?
They were too much for me.	Они были слишком сильны для меня.
Don't leave me like this!	Не оставляй меня так!
Let's try this again.	Давай ещё раз.
Don't kill this light.	Не гаси этот свет.
I can lose weight now!	Теперь я похудею!
Paralysis trap!?	Ловушка паралича!?
I'm going to fall asleep.	Я сейчас засну.
Oh, don't look at me without my make-up.	О, не смотри на меня без макияжа.
I've taken quite a fall.	Я здорово упал.
You're coming home with me.	Ты пойдёшь со мной домой.
My poor ally...	Бедный мой союзник...
That's not what the map says.	Карта говорит не так.
Rocking Chase!	Рок-погоня!
Up in flames!	В огне!
Poison, how romantic.	Яд, как романтично.
You bound my feet!?	Ты связал мне ноги!?
I'm losing consciousness.	Я теряю сознание.
I'll be more careful from now on.	Дальше буду осторожнее.
Enter a name.	Введи имя.
Enter your name.	Введи своё имя.
Enter your naaaamahhh!	Введи своё имяяяяяххх!
Enter your name!	Введи своё имя!
Inferno your name!	Инферно твоё имя!
Enter your poison...	Введи свой яд...
Naaammme!	Имяяяя!
Zzz...least enzzzer your name... 	Ззз...хотя бы вввведи имя... 
Enter all your names!	Введи все свои имена!
Who comes after me?	Кто идёт за мной?
Gotcha.	Попался.
That was too soon...	Это было слишком рано...
Huh? Where am I?	А? Где я?
This is not good.	Это плохо.
I'll test my skills!	Проверю свои навыки!
I got ya!	Поймал тебя!
I'll take your mana!	Заберу твою ману!
Hrrgh!	Хрргх!
How's this!?	Ну как!?
Hyahahahaha!	Хьяхахахаха!
Looks good around here.	Тут неплохо выглядит.
Darnit!	Чёрт!
Erghhhh...	Эргхххх...
...Can't keep my eyes...open.	...Глаза...не держатся...открытыми.
You hid well, Overlord.	Хорошо спрятался, Повелитель.
I'll put you to sleep!	Усыплю тебя!
This looks like a good place.	Тут хорошее место.
Now you're all done for!	Теперь вам всем крышка!
I'll leave it to you.	Оставляю это тебе.
I'll set this here just in case.	Поставлю тут на всякий случай.
Let's give this a try.	Давай попробуем.
This is as much as I could do.	Это всё, что я смог.
There you are!	Вот ты где!
You did it.	Ты сделал это.
Come on!	Давай!
Here!	Сюда!
It's mine!	Это моё!
Tahhh!	Таххх!
Wahahaha!	Вахахаха!
Give up already!	Сдавайся уже!
Why don't I leave a torch here or something?	Почему бы не оставить тут факел или что?
Huh!?	А!?
Argh! Para...lysis.	Аргх! Пара...лич.
Wh-why am I so sleepy?	П-почему мне так хочется спать?
This is weird...	Это странно...
Eternal Sleep!	Вечный сон!
I hope you savor this.	Надеюсь, ты это распробуешь.
Blow 'em away!	Сдуй их!
Get 'em!	Бери их!
Save, save...	Сохранить, сохранить...
Wait for me, Badman!	Подожди меня, Бэдмен!
So this is my fate...	Так вот моя судьба...
So this is where you are.	Так вот где ты.
This is strange.	Это странно.
I've searched the depths to find you!	Я обыскал глубины, чтоб найти тебя!
Release energy!	Высвободить энергию!
I'll suck your energy!	Высосу твою энергию!
I'll inhale your mana!	Вдохну твою ману!
I'm sorry!	Прости!
Firada!	Фирада!
I won't be lenient!	Я не буду милостив!
It'll mark our path as well.	Это ещё и путь отметит.
Urgh...is this poison?	Ургх...это яд?
Urgh...paralysis...	Ургх...паралич...
Th-this is so hypnotic.	Э-это так гипнотично.
He's not around here...	Его тут нет...
I'll put you to sleep first.	Сначала усыплю тебя.
HmHmmm...	ХмХммм...
There's no escape for you!	Тебе не сбежать!
Get over here!	Иди сюда!
Let's save for now.	Давай пока сохранимся.
I suppose I've gotta do this.	Видать, придётся это сделать.
Why!?	Почему!?
I finally found you!	Я наконец тебя нашёл!
Say what!?	Чего!?
We gotta do it again?	Надо снова?
I can still go!	Я ещё могу!
Boomshakazulu!	Бумшаказулу!
I'll take your HP!	Заберу твоё ХП!
Grabbing MP!	Хватаю МП!
Disappear into the void!	Исчезни в пустоту!
Go away!	Прочь!
Let's make some light.	Давай сделаем свет.
Anti-toxidant!	Антитоксдант!
What humiliation!	Какое унижение!
Urgh... Zzz...	Ургх... Ззз...
Huh?	А?
Sleep!	Спи!
Mmhm.	Мгм.
Viola!	Вуаля!
Gooo!	Пооошли!
Well, maybe.	Ну, может.
The last roll of the dice.	Последний бросок костей.
Hyahhh!	Хьяххх!
Huh!? Over there!	А!? Вон там!
Then they're gonna get me...	Тогда они меня достанут...
Urgh...I really want to go home...	Ургх...так хочу домой...
I don't wanna die yet!	Я ещё не хочу сдыхать!
I-I'll do it!	Я-я сделаю!
You let your guard down!	Ты ослабил защиту!
Shahhh!	Шаххх!
Fireworks!	Фейерверк!
It's so soothing.	Так успокаивает.
Hey!	Эй!
I-I can't move...	Я-я не могу двигаться...
I can't stay...awake...	Не могу...держаться...в сознании...
Is he this way!?	Он в ту сторону!?
Please sleep now! I beg you!	Пожалуйста, спи сейчас! Умоляю!
Eat this.	Жри это.
Ahahaha!	Ахахаха!
Summoning successful!	Призыв успешен!
Saving is important.	Сохраняться важно.
Since I made it this far...	Раз уж я зашёл так далеко...
This isn't good.	Это плохо.
Woohoo!	Уухуу!
What's going on?	Что происходит?
I'm not even close to finishing!	Я даже близко не закончил!
I refuse to fall!	Я отказываюсь падать!
Here I come!	Вот я иду!
Lucky! 	Повезло! 
Lucky!	Повезло!
Taste this!	Попробуй это!
This light is good.	Этот свет хороший.
This is p-poison!	Это я-яд!
I-I-I can't move...	Я-я-я не могу двигаться...
This is so strange...	Это так странно...
It's time for you to go to bed!	Пора тебе в кровать!
Please eat this.	Пожалуйста, съешь это.
Mmm hehehehe.	Ммм хехехехе.
Thank you, come again!	Спасибо, приходите ещё!
Saved.	Сохранено.
See what they make of this look.	Глянь, что они скажут на этот вид.
I just realized my name is a food...	Я только понял, что моё имя — еда...
I call dibs on the kill!	Труп — мой!
What did I do to deserve this!?	За что мне это всё!?
Let's just heal for now!	Пока просто полечимся!
Now's a good time to die.	Самое время сдохнуть.
Survival!	Выжить!
Suffer from this!	Страдай!
You'll be crispy!	Поджаришься!
I'll rip you apart!	Разорву на части!
I'm relieved all of a sudden.	Вдруг как-то легче.
I feel kinda stiff!	Что-то я закоченел!
I'm suddenly sleepy.	Внезапно спать охота.
Is that the Overlord's energy?	Это энергия Повелителя?
Bait the trap.	Приманка в капкан.
I'll blow them away!	Сдую их всех!
Now, go!	Ну, вперёд!
Now's a good time to save.	Самое время сохраниться.
He he he!	Хе-хе-хе!
What the heck is going on!?	Что, чёрт, творится!?
Don't go yet!	Не уходи ещё!
We can still make it.	Мы ещё успеем.
Heal!	Лечись!
Wooooo!	Ууууу!
I'll suck your vitality dry!	Высосу из тебя жизнь!
How do you like this!?	Ну как тебе это!?
Burn!	Гори!
Fly away!	Лети прочь!
This torch really adds to the decor.	Факел так к обстановке.
D-Darn it!	Ч-чёрт!
Paralysis?	Паралич?
Urgh... Now I'm sleepy.	Ургх... Спать охота.
Hmm...	Хмм...
Sleep, morons!	Спите, болваны!
Are you going to eat it?	Будешь это есть?
Monster created!	Монстр готов!
Let's save.	Сохранимся.
They'll never tell it's me!	Никто не узнает, что это я!
I leave the rest to you...	Остальное за тобой...
I found you!	Нашёл тебя!
Kaila was defeated!?	Кайла пала!?
Don't panic!	Без паники!
Let's do some healing!	Давай подлечимся!
...Now's the time!	...Вот оно, время!
I think I'll drain your vitality.	Кажется, высосу твою жизнь.
Get lost!	Проваливай!
Erupting Volcano!	Вулкан, извергайся!
Channel Tornado!	Смерч по каналу!
Let this be evidence of my journey.	Пусть это будет след пути.
He's not here?	Его тут нет?
Please go to sleep!	Ну же, засыпайте!
Hmm.	Хмм.
It's not pretty, but...	Некрасиво, но...
Hmph. Do I have to do this?	Хмф. Я обязан это делать?
Stay still!	Не дёргайся!
What did you do to him!?	Что ты с ним сделал!?
Don't go easy on me just cuz I'm a chick!	Не щади, я ж девчонка!
Hey, hey, hey!	Эй, эй, эй!
Your MP is mine!	Твои МП — мои!
Don't touch me!	Не трогай меня!
Bang!!	Бах!!
Sheeesh!	Ёлки!
I don't like the dark. It's creepy.	Темнота — это жутко.
Aww, poison...	Ой, яд...
Urgh...	Ургх...
(yawn) I'm sleepy.	(зевок) Спать охота.
Sleep already!	Да спи уже!
Hehehe.	Хехехе.
Run!	Беги!
Don't be scared.	Не бойся.
Nobody say "cosplay".	Только не говорите "косплей".
Earthlingish	Землянинчик
"I like to wake up early."	"Люблю вставать спозаранку."
My mission is not complete...	Миссия ещё не выполнена...
Your location has been found.	Ваше местоположение найдено.
Luffy!!	Луффи!!
I never give up!	Я никогда не сдаюсь!
Restoring optimal conditions!	Восстанавливаю оптимум!
Attack program set!	Программа атаки задана!
I can reroute your HP!	Перенаправлю твои ХП!
I claim your mana!	Забираю твою ману!
Countermeasures deployed!	Контрмеры задействованы!
I hope you find this satisfactory!	Надеюсь, вас это устроит!
Galaxy Tornado!	Галактический смерч!
Deploying Photon Emitter!	Запускаю фотонный луч!
Erosion detected.	Обнаружена эрозия.
My limbs are offline.	Конечности отключены.
Power supply depleted...	Питание исчерпано...
Navigational systems disrupted.	Навигация сбита.
Consume this.	Съешь это.
Escape!	Бегство!
Display extreme effort.	Проявить крайнее усилие.
Uploading to backup storage.	Гружу в резервное хранилище.
Will they see through this?	Раскусят ли они это?
Operator	Оператор
"We got one!"	"Есть контакт!"
Aww, man!	Эх, блин!
Target located!	Цель обнаружена!
That's too cruel!	Это слишком жестоко!
I'll resume my search.	Продолжу поиски.
I'll cure some wounds.	Подлечу раны.
Discount karate!	Каратэ со скидкой!
I'm great at sucking up!	Я мастер высасывать!
I sucked up mana.	Высосал ману.
I'll try spinning!	Попробую покрутиться!
I'll demolish it!	Снесу это!
Super Tornado Spin!	Супер-смерч-крутилка!
I'll put a marker here.	Поставлю метку тут.
The enemy uses poison.	Враг травит ядом.
May Day! May Day!	На помощь! На помощь!
I don't see the target.	Цели не вижу.
I'll try "Sleep"!	Попробую "Сон"!
I'll set a bomb!	Заложу бомбу!
You can do it!	Ты сможешь!
I'll save right now.	Сохранюсь прямо сейчас.
Time for a cunning disguise!	Время хитрой маскировки!
1,000% Hero	Герой на 1000%
"I'm 1,000%! What are you?"	"Я на 1000%! А ты?"
I died!?	Я сдох!?
Ha ha, found ya!	Ха-ха, нашёл!
Did you give it 1,000%?	Ты выложился на 1000%?
Until I find him...	Пока не найду его...
This is my 1,000%	Это мои 1000%
This power is mine.	Эта сила — моя.
Spinja!	Крутильня!
1,000пј… Fever!	Жар 1000%!
1,000% Tornado!	Смерч на 1000%!
It's 1,000% brighter than normal.	Ярче обычного на 1000%.
Oh no, it's poison.	О нет, это яд.
I shouldn't have done that!	Не надо было так!
Where is he?	Где он?
I hope they eat this.	Надеюсь, съедят.
1,000% bomb!	Бомба на 1000%!
Reinforce them!	Подкрепи их!
It'll suck if I die...	Будет гадко, если сдохну...
I can't wait!	Не могу ждать!
Aquamarine Hero	Аквамарин-герой
"I'm here to do something pleasant."	"Я здесь ради чего-то приятного."
Did I do well?	Я хорошо справился?
I found you, evil-doer!	Нашёл тебя, злодей!
Hold on a little longer!	Держись ещё чуть-чуть!
This is so creepy.	Какая жуть.
Heal organically!	Лечись натурально!
Aqua Cure!	Аква-лечение!
Aqua Steal!	Аква-кража!
Aqua Spin!	Аква-крутилка!
I've got no choice!	У меня нет выбора!
Aqua Tornado!	Аква-смерч!
Fire's overrated...	Огонь переоценён...
That was poison!	Это был яд!
Urgh... Darn!	Ургх... Чёрт!
Did I get lost again?	Опять заблудился?
Aqua sleep!	Аква-сон!
Hmhmhm!	Хмхмхм!
I'll destroy as many as I can!	Уничтожу сколько смогу!
Please help us!	Помогите нам!
Just in case...	На всякий случай...
Surprise attack!	Внезапный удар!
Brother	Братец
"I'll kill you!"	"Я тебя убью!"
Please let me rest.	Дайте отдохнуть.
I thought you were here.	Я думал, ты тут.
You killed Mist!	Ты убил Мист!
Darnnit!	Чёрт!
I'm not done yet!	Я ещё не закончил!
I'll slay you all!	Перебью вас всех!
Please light us up.	Посветите нам.
Not poison again!	Только не яд опять!
I feel sleepy.	Клонит в сон.
Well then...	Ну что ж...
Now Saving...	Сохраняюсь...
Sister	Сестрица
"Get Down!"	"На землю!"
I wanted to be with my brother a bit longer...	Хотела ещё побыть с братом...
The Overlord is here, Brother!	Повелитель здесь, братец!
B-Brother!	Б-братец!
I won't give up!	Я не сдамся!
You shall fall!	Ты падёшь!
I feel safer when it's lit.	Спокойнее, когда светло.
M-my body!	М-моё тело!
Huh...?	А...?
Please sleep!	Усните, пожалуйста!
You can see the savings!	Вот она, экономия!
Exalted Grandson	Высочайший внук
"Huh? You can't buy levels with money?"	"А? Уровни за деньги не купить?"
It can't be!	Не может быть!
I found a cool creature!	Нашёл крутую тварь!
Hmph, you tried too hard to look cool.	Хмф, слишком хотел казаться крутым.
I won't die yet!	Я ещё не умру!
Isn't this is a bit ridiculous?	Это не слегка нелепо?
Why me!?	Почему я!?
Sorry!	Прости!
You're annoying!	Ты бесишь!
How blasphemous!	Какое кощунство!
Alright, time to die!	Ладно, пора умирать!
I have to make it bright, right?	Надо сделать светло, да?
This is so dirty!	Какая грязь!
Why am I so sleepy?	Почему так клонит в сон?
Ahh?	Аа?
Sleep is good for your skin.	Сон полезен для кожи.
Save! Save!	Сохрани! Сохрани!
Revived Hero	Воскресший герой
"Once again, in prime time..."	"Снова в золотой час..."
That's the entertainment biz for ya!	Вот она, эстрада!
I love how you dance.	Люблю, как ты танцуешь.
Why am I lost?	Почему я заблудился?
From the bottom of my heart!	От всего сердца!
Anti-blitz trance!	Антиблиц-транс!
Blood Dance!	Кровавый танец!
Magic Dance!	Магический танец!
Extreme Spin!	Жёсткая крутилка!
Volcano Dance!	Вулканий танец!
Tornado Dance!	Танец смерча!
Our future is looking brightney!	Будущее сияет по-бритни!
Poison is dangerous!	Яд опасен!
Am I lost again?	Опять заблудился?
I want to revive!	Хочу воскреснуть!
One-Two Hero	Герой раз-два
"Can you handle my Combination Punch?"	"Потянешь мой комбо-удар?"
I coulda been a contender.	Я мог выйти в люди.
Found him!	Нашёл его!
Did I get lost?	Я заблудился?
You haven't seen the last of me.	Это ещё не конец.
I'll do my best!	Выложусь на полную!
Jungle Rumble!	Джунглевый грохот!
Fever Punch!	Удар лихорадки!
Typhoon!	Тайфун!
We need a torch right here.	Тут нужен факел.
It's so paralyzing!	Так сковывает!
Where's the Overlord?	Где Повелитель?
Yes, please.	Да, пожалуйста.
We can watch it again later.	Потом пересмотрим.
How do I look?	Как я выгляжу?
Eco-Warrior	Эко-воин
"On your bike!"	"На велик!"
Should've pedaled harder...	Надо было крутить сильнее...
I found quite a specimen!	Вот это экземпляр!
What kind of poison is this!?	Что это за яд!?
Mmm...	Ммм...
He's not around?	Его нет поблизости?
Health Hazard	Угроза здоровью
"Pedal to the metal!"	"Газуй до упора!"
Should've driven faster...	Надо было жать сильнее...
You ain't goin' anywhere, buddy.	Никуда не денешься, дружок.
I can't find him.	Не могу найти его.
I'm dying...from venom?	Погибаю... от яда?
I feel numb... I must be dying.	Немею... Видать, помираю.
If I sleep...I'll die.	Усну... и помру.
Come on out!	Выходи!
Fierce Warrior	Ярый воин
"You have offended me..."	"Ты меня оскорбил..."
You're gonna kill me?	Ты меня убьёшь?
Am I a genius?	Я гений?
I see the light.	Вижу свет.
Shocking!	Шок!
Why isn't he here?	Почему его нет?
Private Eye	Частный сыщик
"Nothing here is...eye-catching."	"Тут ничего... глаз не цепляет."
I can't breathe!	Не могу дышать!
That was easy!.	Это было легко!.
Let's light it up.	Давай зажжём.
Stop poisoning me!	Хватит меня травить!
The usual numbness!?	Обычное онемение!?
Maybe I should rest a bit.	Может, чуть отдохну.
Let's shake things up!	Давай встряхнём!
Wandering Hero	Странствующий герой
"Do you read the Unwritten Book of the Road?"	"Читал неписаный кодекс дороги?"
Maybe I'm not the tyranny of evil men.	Может, я не тирания злых людей.
You're the weak...	Ты слабак...
Done already!?	Уже всё!?
We should have shotguns.	Надо было взять дробовики.
What just happened was a miracle!	Это было чудо!
Time to get into character.	Пора войти в роль.
Mana Drain!	Кража маны!
Twirl!	Крутись!
Tornado!	Смерч!
I'm lighting this up!	Зажигаю свет!
I'm too tired for this.	Я слишком устал для этого.
You ain't talkin' your way outta this.	Болтовнёй не отвертишься.
This is a tasty burger!	Вкусный бургер!
Barrel bomb!	Бочка-бомба!
C'mon, let's go!	Давай, пошли!
I'm saving this.	Это сохраню.
Dark Mage	Тёмный маг
"Double accumulation for me."	"Двойное накопление мне."
Where are my sisters?	Где мои сёстры?
I thought so.	Так я и думал.
Mystic Box!	Мистический ящик!
Spirit of flames...	Дух пламени...
I don't have a cure!	У меня нет лекарства!
I don't have an answer for this.	У меня нет ответа.
I feel like I'm lost.	Кажется, я заблудился.
Have a bite!	Кусни!
Agsmogstic	Смогностик
"Littering may be bad for the environment."	"Мусорить, быть может, вредно для среды."
I'm in worse shape than our environment.	Я в худшей форме, чем природа.
That's a lot of unrecyclable waste.	Сколько неперерабатываемого мусора.
Fritz!	Фриц!
Shall we try this again?	Попробуем ещё раз?
Like the flame of child literacy.	Как пламя детской грамоты.
Poison...?	Яд...?
No...I mustn't sleep now.	Нет... нельзя спать сейчас.
Is there a recycle bin around here?	Тут есть урна для вторсырья?
Try some!	Попробуй!
Weather Caster	Ведущий погоды
"Tomorrow will be sunny, rainy, cloudy or snowy."	"Завтра будет ясно, дождь, облачно иль снег."
I couldn't predict this!	Этого я не предсказал!
My forecast was right!	Прогноз сбылся!
Killgore!	Смерчгром!
Just relax. I'll find him next time.	Расслабься. В следующий раз найду.
Let the healing roll right in.	Пусть лечение накатит.
My forecast is pain!	Мой прогноз — боль!
Heat Wave!	Волна жары!
Today's typhoon!	Сегодня тайфун!
Can you feel it?	Чувствуешь?
I'm going to sleep for now.	Пока посплю.
Darn! Where is he!?	Чёрт! Где он!?
Wanna taste?	Хочешь на вкус?
Non-Imitational	Бесподделка
"I'm so stroooong!"	"Я такой сииильный!"
This data is corrupted.	Данные повреждены.
I found himв™Є	Нашёл его♪
This isn't the right path.	Это не тот путь.
I won't die!	Я не умру!
Activate cheat code!	Включаю код!
Burn Away!	Сгори!
I'm hitting the torch button now.	Жму кнопку факела.
Poison is so annoying.	Яд так бесит.
Paralysis...	Паралич...
Sleep attacks are so lame.	Сонные атаки — отстой.
How do I activate no clipping?	Как пройти сквозь стены?
Here, eat this.	На, съешь.
I'm the master!	Я мастер!
Better save twice.	Лучше сохранить дважды.
Reckless Is He	Безрассуден он
"Your overconfidence is your weakness."	"Твоя самоуверенность — твоя слабость."
I never shoulda left Diego's Bar.	Не надо было уходить из бара Диего.
You've failed, your highness.	Ты проиграл, ваше высочество.
Do I gotta start over?	Надо начинать заново?
Attack boost!	Усиление атаки!
16 Blasters!	16 бластеров!
I'll put a torch here.	Поставлю факел тут.
Neon Lighter	Неоновая зажигалка
"Please don't call my name!"	"Пожалуйста, не зовите меня по имени!"
This is all a lie!	Всё это ложь!
I found him!	Нашёл его!
A-again!	О-опять!
Hmph, Barely a scratch.	Хмф, царапина.
Now, come to me.	А теперь иди ко мне.
Burn to ashes!	Сгори дотла!
Disappear!	Исчезни!
N-numb...	Н-немею...
Dream demon's magic...?	Магия демона сна...?
Come out please!	Выходи, прошу!
Just get them!	Просто бери их!
Brute	Громила
"Die again, moron."	"Сдохни ещё раз, болван."
What are you up to!?	Ты чего задумал!?
I should just slay him...	Надо его просто зарезать...
I'll make up for it!	Я это заглажу!
I hate spinach.	Ненавижу шпинат.
Hey, you!	Эй, ты!
HP's suckin' out!	ХП высасывает!
Sucking mana out!	Высасываю ману!
64 times faster than before!	В 64 раза быстрее!
Let's see some heat!	Давай жару!
It's dusty!	Пыльно!
I feel sick.	Меня мутит.
Grrrhh!	Грррхх!
I'm not asleep!	Я не сплю!
It's lonely around here.	Тут одиноко.
Shut up!	Заткнись!
I hope it's tasty.	Надеюсь, вкусно.
Explode!	Взорвись!
Come quickly!	Быстрее иди!
Time to write in my diary.	Пора писать в дневник.
We can do this now!?	Мы это можем сейчас!?
Devil-Tongued Vocalist	Адский вокалист
"I had a great time at the zoo."	"В зоопарке было супер."
Darn this mad city!	Чёрт этот безумный город!
The Overlord may be 666, but we're 777!	Повелитель — 666, а мы — 777!
Now I'm all alone.	Теперь я один.
Rock Lords, give me one more chance!	Рок-лорды, дайте ещё шанс!
Come on! 	Давай! 
Maybe I'm just lazy...	Может, я просто ленивый...
Eat and breed!	Жри и плодись!
My Game Play Log.	Журнал моей игры.
Possessed Guitarist	Одержимый гитарист
"That felt great."	"Это было огонь."
I can't believe it!	Не верю!
You're pretty good!	Ты ничего так!
I kinda think I'm kinda lost or something.	Типа я вроде как заблудился.
Blaze it up!	Зажигай!
I'll leave it to you, honey!	Остальное за тобой, милая!
Now I'm a bit relieved.	Теперь чуть легче.
Drummer of the Damned	Барабанщик проклятых
"It's my turn to break something."	"Моя очередь что-нибудь сломать."
But, we never lose!	Но мы никогда не проигрываем!
I think I found the Overlord guy.	Кажется, нашёл того Повелителя.
They're pretty impressive...	Они впечатляют...
Can I rest here for awhile?	Можно тут чуть передохнуть?
Global Sand!	Глобальный песок!
Save, save, save...	Сохрани, сохрани, сохрани...
Here is where I fall.	Здесь я падаю.
LacKing	Озеркороль
"Please don't step on me."	"Пожалуйста, не наступайте на меня."
I'm trying not to make a big splash.	Стараюсь не поднимать волны.
I hope I can take him home with me.	Надеюсь, смогу утащить его домой.
I want to go home.	Хочу домой.
Huh? Where are they?	А? Где они?
Hydring Hero	Гидрогерой
"Cut off one head, and two more will take its place."	"Срубишь одну голову — вырастут две."
I hope two more guys are out there.	Надеюсь, там ещё двое.
Lemme see the map.	Дай глянуть карту.
Dragon Breath!	Дыхание дракона!
Darn, it's poison!	Чёрт, это яд!
M-my body can't move!	Т-тело не слушается!
S-sleepy...	С-спать...
Where is the Overlord?	Где Повелитель?
Here. Have some rations.	На. Держи паёк.
They'll never spot me!	Меня ни за что не заметят!
No Need for Antennae!	Усики ни к чему!
"I'm hungry. Let's eat!"	"Я голоден. Давай жрать!"
Sa...yo...na...ra? What does that mean?	Са...ё...на...ра? Это вообще что?
Oh! I found my food!	О! Нашёл еду!
Hmm...this is so bizarre.	Хмм...это так странно.
Our hearts fed the fire!	Наши сердца кормили огонь!
Poisonous as a cobra...	Ядовит, как кобра...
Did I eat too much spicy curry!?	Переел острого карри!?
I'm hungry, so I should go to sleep.	Голоден, так что пора спать.
Ah, where's the food? Where's the food?	А, где еда? Где еда?
You got lucky this time.	Тебе повезло в этот раз.
You're the Overlord? What low resolution...	Ты Повелитель? Какое низкое разрешение...
This is getting monotonous.	Уже однообразно.
Patching up.	Подлатаюсь.
Gimme a break!	Дай передохнуть!
Drain gain!	Высос-плюс!
Spin kick to the face!	Удар с разворота в морду!
Firagwa!	Фирагва!
Marking the path.	Мечу путь.
It's really numbing!	Сильно немеет!
I don't have time to sleep now...	Сейчас некогда спать...
*sigh*	*вздох*
Who do you think I am!?	Ты вообще знаешь, кто я!?
Preppy Heroine	Мажорка-героиня
"Hello, my name is June."	"Здравствуйте, меня зовут Июнь."
I miscalculated something.	Что-то не так посчитал.
Overlords don't kick you back.	Повелители в ответ не пинаются.
Hurricane Shot!	Ураганный выстрел!
I don't sleep much.	Я мало сплю.
Lazy Hero	Ленивый герой
"Hmm...I'm bored."	"Хмм...мне скучно."
I shouldn't have done this!	Не надо было этого делать!
Great...!	Отлично...!
You really died?	Ты правда сдох?
Geez, what the heck is going on!?	Ёлки, что, чёрт, творится!?
Setting the torch.	Ставлю факел.
Ahhhh!	Ааааа!
I'm seriously drowsy!	Меня серьёзно клонит!
Hahaha...	Хахаха...
Relaxed Hero	Расслабленный герой
"...Nonsense."	"...Чепуха."
Ungh, not again!	Унгх, опять!
Finally!	Наконец-то!
Am I lost?	Я заблудился?
How 'bout here?	Как насчёт тут?
Grr. It hurts.	Грр. Больно.
I reckon I owe ya some pain.	Похоже, должен тебе боли.
Ha, I tracked you down.	Ха, выследил тебя.
I gotta start over.	Надо начать заново.
Talk about poison...	Вот это яд...
I hate paralysis!	Ненавижу паралич!
I don't see him.	Его не вижу.
Just burn!	Просто гори!
It's my new look!	Это мой новый образ!
People are selfish...	Люди эгоисты...
You're not what I was expecting.	Ты не то, чего я ждал.
I better start over.	Лучше начать заново.
Repairs underway.	Идёт ремонт.
I'll take care of you!	Я о тебе позабочусь!
Shine bright!	Сияй ярко!
Let me sleep.	Дай поспать.
I'm in a bad mood.	Я в дурном настроении.
Hello!	Привет!
I copied my friend's save data!	Я скопировал сохранение друга!
Aha, there you are!	Ага, вот ты где!
What? This isn't the right place?	Что? Это не то место?
Urrah!	Урра!
Engulf in flames!	Охвати огнём!
One more torch!	Ещё один факел!
Poisoned!	Отравлен!
Numbness!	Онемение!
Fatigue is the best futon.	Усталость — лучшая перина.
Wanna bite?	Хочешь куснуть?
Younger Brother	Младший брат
"I'll get experience now."	"Сейчас наберу опыт."
I didn't save!	Я не сохранился!
Got ya!	Попался!
You got knocked out!?	Тебя вырубили!?
Where's he hiding?	Где он прячется?
Middle Brother	Средний брат
"Keep it down, Rook."	"Тише, Грач."
I didn't save yet!	Я ещё не сохранился!
I found him! I found him!	Нашёл его! Нашёл его!
Stop doing that!	Прекрати это!
Hmm?	Хмм?
I'm sleepy.	Спать охота.
Older Brother	Старший брат
"Look to me for a role model."	"Бери с меня пример."
I never saved from the start!	С самого начала не сохранялся!
I'll show 'em what a Big Bro can do!	Покажу, на что способен Старший!
You killed my brother!	Ты убил моего брата!
Hmmm?	Хммм?
Super Spin!	Супер-крутилка!
I think this is my favorite torch!	Кажется, это мой любимый факел!
Getting sleepyвЂ¦	Клонит в сон…
I'd better start over.	Лучше начать заново.
Recovery!	Восстановление!
Rough'n'Ready	Крутой наготове
"Let's hit the road!"	"В путь!"
We'll get you!	Мы тебя достанем!
I've had my fill!	Я наелся!
He he!	Хе-хе!
Big Dawg	Большой пёс
"I ain't tired!"	"Я не устал!"
We'll take you down!	Мы тебя уделаем!
I've had enough.	С меня хватит.
Ice me up!	Охлади меня!
Monkey Trouble	Обезьянья заварушка
"I've got my eye on the prize!"	"Глаз не спущу с приза!"
I'll do it!	Я сделаю это!
Headin' home.	Домой.
Get blizzy!	Леденей!
I'm compost...	Я компост...
I spy with my little eye...	Вижу-вижу своим глазом...
Not here?	Не здесь?
Darn world!	Чёртов мир!
Don't think about escaping!	И не думай сбежать!
Whatever!	Да какая разница!
Show yourself!	Покажись!
Ball Gazer	Шарогляд
"I foresee...ritual humiliation!"	"Предвижу... ритуальное унижение!"
Where did I go wrong!?	Где я свернул не туда!?
Bullseye!	В яблочко!
Just as I foresaw...	Как я и предвидел...
I need to clear my head.	Надо прочистить голову.
Sweet recovery!	Сладкое восстановление!
Crystal Balls!!!	Хрустальные шары!!!
Give me strength!	Дай мне силы!
More mana for me!	Ещё маны мне!
In a spin!	В крутилке!
All will burn!	Всё сгорит!
Storming!	Штормит!
I can't believe this paralysis.	Не верю этому параличу.
Getting tired...	Устаю...
Let me see...	Дай глянуть...
Rest up!	Отдохни!
Tuck in!	Засыпай!
More bang for your buck!	Больше взрыва за ваши деньги!
Now's the time!	Вот оно, время!
Now to record my progress!	Теперь запишу прогресс!
What a transformation!	Вот это превращение!
Chill out!	Остынь!
Happy Hunter	Весёлый охотник
"You've gotta see this monster!"	"Ты обязан видеть этого монстра!"
But it's too soon...	Но ещё рано...
I hunted you down!	Я тебя выследил!
One down...	Один есть...
Relaunch!	Перезапуск!
Monster medicine!	Монстрячье зелье!
Hear me!!!	Слышь меня!!!
Thanks for that!	Спасибо за это!
It's raining mana!	Маны как из ведра!
Round I go!	Кругом пошёл!
Inferno!	Адское пламя!
Look at this!	Глянь на это!
I'm in bits.	Я в клочья.
I'm a mess.	Я весь растрёпан.
What's the outlook?	Какой прогноз?
Some leftovers for ya!	Тебе остатки!
A trusty barrel!	Надёжная бочка!
Ah, my ally!	Ах, мой союзник!
Appearance is everything!	Внешность — это всё!
I'm frozen!	Я замёрз!
Churlish Choker	Грубый душитель
"Don't put that in your mouth!"	"Это в рот не клади!"
I choked...	Я подавился...
Don't make me tie you up...	Не заставляй меня вязать тебя...
Sorry I couldn't help.	Жаль, не смог помочь.
One step forward, two steps back.	Шаг вперёд, два назад.
Puts a spring in the step.	Пружина в шаге.
Take my wife!!! Please!!!	Заберите жену!!! Пожалуйста!!!
Mine, all mine!	Моё, всё моё!
Your mana's mine!	Твоя мана — моя!
Spin Maneuver!	Крутильный манёвр!
Breath of fresh air.	Глоток свежего воздуха.
Getting ready to camp.	Готовлюсь к лагерю.
Darn. I'm stuck.	Чёрт. Застрял.
Yawn!	Зевок!
This isn't looking good.	Дело плохо.
All set, suckers!	Готово, сосунки!
Bombs away!	Бомбы пошли!
I'm countin' on you!	Я на тебя рассчитываю!
Pitch a tent!	Ставь палатку!
Don't blow my cover...	Не спали меня...
Bit chilly.	Прохладно малость.
Green-Eyed Monster	Зеленоглазый монстр
"What is she to you?"	"Кто она тебе?"
I'm all outta juice...	Сок кончился...
That's Badman!?	Это Бэдмен!?
I'm back on top!	Я снова на коне!
WHO IS SHE!?!!	КТО ОНА!?!!
Mine! Mine! Mine!	Моё! Моё! Моё!
Don't touch my mana!	Не трогай мою ману!
Spinning spinster!	Крутящаяся старая дева!
Yes! Burn!!!	Да! Гори!!!
Whip up a storm!!!	Вздымай бурю!!!
Some light!	Света!
I've been poisoned!	Меня отравили!
I've gone numb!	Я онемел!
Let's have a look...	Давай глянем...
Pajama party!	Пижамная вечеринка!
Get blown sky-high!	Взлети до небес!
Come, my lovelies!	Идите, мои милые!
Costume change.	Смена костюма.
It's colder than my heart.	Холоднее моего сердца.
Pushy Parent	Настырный родитель
"C'mon Junior! Do it for me!"	"Давай, сынок! Сделай это для меня!"
First aid kit anyone...?	Аптечка есть...?
I knew I'd find you!	Я знал, что найду тебя!
Another one bites the dust.	Ещё один отбросил коньки.
Dagnabit!	Вот чёрт!
I'm on top of the world!	Я на вершине мира!
Fresh blood!	Свежая кровь!
Rotor blades!	Лопасти ротора!
Antidote!	Противоядие!
I'm rooted to the spot.	Прирос к месту.
So very tired...	Так устал...
I wonder...	Интересно...
Don't let the bedbugs bite!	Спокойной ночи, клопы не кусайте!
Better make a note...	Лучше сделать пометку...
Freeze!	Замри!
Let's go nuts!	Давай с ума!
A portable barrier!	Переносной барьер!
Daddy's Boy	Папин сынок
"Can I go now, daddy?"	"Можно мне уже, пап?"
Curse you all!	Будьте вы прокляты!
Come and meet the folks.	Иди знакомиться с роднёй.
Fare thee well.	Прощай.
Back we go.	Назад пошли.
I'm a grown man!	Я взрослый!
More for me!	Ещё мне!
Better step back!	Лучше отойди!
Does this go any brighter?	Это ещё ярче бывает?
Hair of the dog?	Опохмелиться?
I'm all tingly.	Всё покалывает.
Beddy-bye-bye!	Баю-бай-бай!
Don't leave me alone!	Не оставляй меня одного!
It's an insurance policy.	Это страховка.
Laid-Back Loafer	Лоботряс в отрыве
"You seen my socks, bro?"	"Не видел мои носки, брат?"
Bummer, bro.	Облом, брат.
Hey, bro, come with me!	Эй, брат, пойдём со мной!
We're still BFF, bro.	Мы всё ещё лучшие друзья, брат.
Spin the bottle, dude!	Крути бутылку, чувак!
That hits the spot, bro.	В самое яблочко, брат.
Don't bogart the mana, dude!	Не присваивай ману, чувак!
Cool tornado, dude.	Крутой смерч, чувак.
Torches rock!	Факелы — огонь!
I'm tingling, bro.	Покалывает, брат.
I'm zoning out, bro.	Плыву куда-то, брат.
Which way to go, bro?	Куда идти, брат?
Bedtime, bro.	Спать, брат.
Um, should I, like, save...?	Эм, мне, типа, сохраниться...?
Um, it's kinda cold.	Эм, как-то холодно.
There you go, bro.	На, брат.
Put-Upon Putz	Замученный растяпа
"He's moving out, I swear."	"Он съезжает, честное слово."
Oh, that's just GREAT!	Ну это просто ПРЕЛЕСТЬ!
You expect me to drag you back!?	Ты ждёшь, что я тебя обратно потащу!?
Probably for the best.	Наверное, так даже лучше.
Must I go round again?	Опять по кругу!?
Well, that's a little better.	Ну, чуть получше.
Mana donations welcome!	Пожертвования маны приветствуются!
A fine tornado!	Славный смерч!
Ah, a good torch!	Ах, хороший факел!
Poison? How awful.	Яд? Как ужасно.
Paralysis? How awful.	Паралич? Как ужасно.
Getting drowsy.	Клонит в дрёму.
Let's think about this calmly.	Давай подумаем спокойно.
We must save ourselves!	Мы должны себя спасти!
Frigid beam!	Ледяной луч!
Shuffle things up!	Перетасуем!
King-Sized Kid	Король-переросток
"My people love me!"	"Народ меня любит!"
Take my crown!	Бери мою корону!
Locked-on!	Захват цели!
Don't go!	Не уходи!
From the top!	С начала!
Fit for a king!	Достойно короля!
I'll steal ya!	Я тебя украду!
Hello hurricane!	Привет, ураган!
This makes things clearer.	Так всё яснее.
Where's my beefeater!?	Где мой стражник!?
Darn paralysis.	Чёртов паралич.
King-sized yawn...	Королевский зевок...
What's a king to do?	Что королю делать?
Snooze!	Дремли!
A good backup plan!	Хороший запасной план!
Cool it!	Остынь!
Royal riot!	Королевский бунт!
I feel so safe...	Так спокойно...
Harsh Taskmaster	Суровый надсмотрщик
"Work 'em till they drop!"	"Гонь их, пока не свалятся!"
They bled me dry!	Меня выжали досуха!
Hands up!	Руки вверх!
Avenge me!	Отомсти за меня!
Sheesh. Not again...	Ёлки. Опять...
Blood sucker!	Кровосос!
Ring-a-ring-o'- roses!	Каравай-каравай, кого хочешь выбирай!
They poisoned me!	Меня отравили!
My body's broken.	Тело сломано.
Well now...	Ну что ж...
Good spot for a save.	Хорошее место сохраниться.
Check me out!	Глянь на меня!
Queen Bee	Королева улья
"Think outside the box!"	"Думай шире коробки!"
Don't you know who I am!?	Ты что, не знаешь, кто я!?
Let's go, sunshine.	Пошли, солнышко.
You'll never make it without me!	Без меня тебе не выжить!
Another lap?	Ещё круг?
Simply magical!	Просто волшебство!
Volcanic ash!	Вулканический пепел!
The poison's overpowering.	Яд пересиливает.
I can't move a muscle!	Мышца не слушается!
Sleep prevails...	Сон побеждает...
Think outside the box.	Думай шире коробки.
I'll save my place.	Сохраню местечко.
Priest of Yeast	Жрец дрожжей
"I'm fresh outta the oven!"	"Я только из печи!"
I got burnt.	Меня подпалило.
Your goose is cooked!	Тебе крышка!
They got fried!	Их зажарили!
Let's try a new recipe.	Давай новый рецепт.
It's a new me!	Это новый я!
Let's have a taste!	Давай на вкус!
Whirligig!	Вертушка!
Torch me!	Поджарь меня!
A virus?	Вирус?
Paralyzed pastry!	Парализованная выпечка!
I'm knackered.	Я выдохся.
Where is everyone?	Где все?
Frozen bread!	Мёрзлый хлеб!
Freshly-baked Doughie!	Свежеиспечённый Тестяш!
Bread barrier!	Хлебный барьер!
Cheesaholic	Сыроголик
"Ever tried Slimemoss on rye?"	"Пробовал слизьмоха на ржи?"
You won't get far without me!	Без меня далеко не уйдёшь!
C'mon!	Давай!
Never!	Никогда!
Again!?	Опять!?
That's some tasty mana!	Вот это вкусная мана!
Believe me!!!	Поверь мне!!!
Atmospheric!	Атмосферно!
Filthy poison.	Грязный яд.
I'm getting number by the second.	Немею с каждой секундой.
Where's he at?	Где он?
Save the last dance for me!	Последний танец — мне!
Legendary Lad	Легендарный малый
"What can I say? I rule!"	"Что сказать? Я рулю!"
This can't happen to me!	Со мной такого быть не может!
Pack your bags!	Пакуй чемоданы!
They got you!	Тебя достали!
Oh, come on!	Да ладно!
Give in to Ledge!	Сдайся Легенде!
Spin!	Крутись!
Poison!? Well I never.	Яд!? Ну надо же.
Paralysis!? Who'd o' thunk-it?	Паралич!? Кто б мог подумать?
Sleeping on the job.	Спит на работе.
Which way to turn?	Куда повернуть?
Get my autograph!	Бери автограф!
Baby, I'm a star!	Детка, я звезда!
Staff Sergeant	Старшина
"I blame the government."	"Во всём виновато правительство."
They got me...	Меня достали...
You're gonna give me the truth.	Ты мне выдашь правду.
You can't handle the truth!	Ты правды не выдержишь!
They're tailing me.	Они хвостом сидят.
It's a conspiracy.	Это заговор.
Poison! I knew it!	Яд! Я так и знал!
Paralysis! I knew it!	Паралич! Я так и знал!
What's with this fatigue?	Что за усталость?
Where's the truth at?	Где правда?
Grow up big and strong.	Расти большим и сильным.
Explosive truth.	Взрывная правда.
Record the truth.	Запиши правду.
I'm going undercover.	Иду под прикрытием.
No ordinary box.	Не простой ящик.
Dragon Baggin'	Дракон в мешке
"If it's got scales, it's mine!"	"Если есть чешуя — оно моё!"
What a drag...	Какая тягомотина...
Don't make any sudden moves!	Без резких движений!
How did it come to this!?	Как до этого дошло!?
An encore...	На бис...
I'm dry-heaving.	Меня тошнит вхолостую.
I'm numb to it all...	Я ко всему онемел...
Give it your all.	Выложись полностью.
A blizzard!	Метель!
Ludicrous Lady	Нелепая леди
"It's that loveable Lala!"	"Это та самая милая Лала!"
Lalalaaaargh!!!	Лалалааааргх!!!
Lala found a bad man!	Лала нашла плохого человека!
Lala not like!!!	Лала не нравится!!!
Lala wanna go home!	Лала хочет домой!
Lalalight!	Лаласвет!
Cure me!	Вылечи меня!
Paralalalaysis.	Паралалалич.
Lalazzz...	Лалаззз...
Lalala, where next?	Лалала, куда дальше?
Sleepy Lala time!	Сонный час Лалы!
Save Lala!	Спаси Лалу!
Purify!	Очисти!
Fly!	Лети!
Can't touch Lala!	Лалу не трогать!
Idiotic Ingrate	Тупой неблагодарный
"Sure, I've made some mistakes."	"Конечно, я кое в чём ошибался."
Father, forgive me...	Отче, прости меня...
This guy's the end-of-level boss?	Это босс конца уровня?
Idiot!	Идиот!
Back here again.	Снова тут.
Rustas revival!	Возрождение Рустаса!
Gimme that mana!	Гони ману!
Hello light!	Привет, свет!
I'm gonna be sick...	Сейчас стошнит...
Growing numb...	Немею...
I'm crashing out.	Отключаюсь.
You gotta think like Badman...	Думай как Бэдмен...
Hit that hay!	Вали на сеновал!
Blizzard comin' at ya!	Метель вам в морду!
Special delivery!	Особая доставка!
Pretty Pitcher	Красавец-подающий
"The Quest for the Golden Mitt!"	"Погоня за золотой перчаткой!"
Strike three... You're out!	Третий промах... Ты вне игры!
And who do we have here?	А это ещё кто у нас?
Restart!	Сначала!
Big swing!	Широкий замах!
Home run!	Вынос за поле!
Night game!	Ночная игра!
Wake me when it's over.	Разбуди, когда кончится.
Strike?	Промах?
Bases loaded!	Базы забиты!
Extra innings!	Дополнительная серия!
Bottomless Pit	Бездонный живот
"Anyone got a spare spork?"	"У кого лишняя ложка-вилка?"
I wanted one more helping...	Хотел ещё одну порцию...
I found him! Do I get to eat him?	Нашёл его! Можно его съесть?
I gotta look after number one.	Сначала о себе позабочусь.
Guess I'll start over.	Видать, начну заново.
A free lunch!	Бесплатный обед!
Pass the HP!	Передай ХП!
Bright 'n' breezy!	Ярко и свежо!
Can I eat that?	Это можно есть?
Even my guts are numb.	Даже кишки онемели.
Lemme sleep off lunch.	Дай отоспаться после обеда.
I'm lost.	Я заблудился.
Hit the bunks!	По койкам!
Bizarre blizzard!	Странная метель!
I got it!	Понял!
Reflector!	Отражатель!
Vengeful Vigilante	Мстительный страж
"You stole my baby brother!"	"Ты украл моего младшего брата!"
It was all for you, bro...	Всё было ради тебя, брат...
It's all your fault!	Во всём виноват ты!
Gotta plunge back in.	Надо нырнуть обратно.
Get some!!!	Получай!!!
Blood transfusion!	Переливание крови!
A blow for justice!	Удар за справедливость!
Not that I need light...	Не то чтобы мне нужен свет...
What's that funny taste?	Что это за странный вкус?
I'm frozen to the spot.	Примёрз к месту.
I'm nodding off.	Клюю носом.
I'm getting worried.	Мне уже тревожно.
Take note!	Запиши!
Bequiffed Battler	Боец с коком
"I'm NOT taking my hat off!"	"Я шапку НЕ сниму!"
There's no dignity in it...	В этом нет достоинства...
They died as they lived...	Умерли так, как жили...
Re-Re-Rewind!	Пе-пе-перемотка!
Barnet boost!	Усиление шевелюры!
What you gonna do!?	Ну и что будешь делать!?
Drain that mana!	Высоси ману!
Airborne assault!	Удар с воздуха!
I'm not blind!	Я не слепой!
I'm poisoned, I tells ya!	Меня отравили, говорю!
I'm numb, I tells ya!	Я онемел, говорю!
Where's my nightcap?	Где мой ночной колпак?
Where's my stylist?	Где мой стилист?
Sleep it up, suckers!	Спите, сосунки!
Save our souls!	Спасите наши души!
Blow!	Дуй!
Over to you.	Дальше за тобой.
Goat-Herder	Пастух коз
"Badmella gets my goat!"	"Бэдмелла меня бесит!"
Bury me with my goats.	Похороните меня с козами.
You got your daughter's number?	Номер дочери есть?
They got you?	Тебя достали?
Back at the entrance.	Снова у входа.
Healing water!	Целебная вода!
I'm so alive!	Я так живой!
Let me squeeze you.	Дай тебя потискать.
Mana squeeze!	Выжимка маны!
Let's dance!	Давай танцевать!
Power of a goat herd!!!	Сила козьего стада!!!
Attack of wind!	Атака ветра!
They poisoned Peter.	Отравили Питера.
They paralyzed Peter.	Парализовали Питера.
Sleep, you scoundrels!	Спите, негодяи!
Wholesome food!	Здоровая еда!
A place to lay my knapsack.	Место для котомки.
Time for a costume change.	Пора менять костюм.
Where's my goatskin overcoat?	Где мой козий тулуп?
Here you are!	Вот вы где!
Toolbox!	Ящик с инструментом!
Pure water.	Чистая вода.
Lava lover!	Любитель лавы!
We're in for a cold snap.	Нас ждёт похолодание.
I'm safe in here.	Тут я в безопасности.
Lovelorn Loser	Влюблённый неудачник
"My heart cries out for her!"	"Сердце кричит по ней!"
I fell for a woman's wiles.	Попал на женские чары.
We need to talk about Badmella.	Надо поговорить о Бэдмелле.
Let go of your ego.	Отпусти своё эго.
Charged up!	Заряжен!
I'll have some of that!	От этого и мне!
Mana please!	Маны, пожалуйста!
Stand back!	Назад!
Burning up!	Полыхаю!
Twister time!	Время смерча!
Let there be light!	Да будет свет!
It's a trap!	Это ловушка!
It's up to you!	Дальше за тобой!
Let's change it up.	Давай сменим пластинку.
Don't move a muscle.	Мышца не дёргай.
Big bad box!	Большой злой ящик!
Synchronized swimming?	Синхронное плавание?
You're going to burn!	Ты сгоришь!
You'll be sent flying!	Тебя унесёт!
You won't be moving!	Ты не сдвинешься!
Collapsed Psyche	Разбитая психика
"Can I still call myself a man?"	"Могу ли я ещё звать себя мужчиной?"
Goodbye cruel world.	Прощай, жестокий мир.
Are you responsible for this place?	Ты за это место в ответе?
You're a grown-up. Deal with it.	Ты взрослый. Справься.
And back we come again.	И снова мы тут.
Ah, blessed relief.	Ах, благословенное облегчение.
Is that it?	И это всё?
I got him!	Достал его!
Get that mana!	Забирай ману!
Can I get away with this?	Прокатит ли это?
Burn out!	Выгори!
Enlightenment, at long last...	Просветление, наконец...
Pathetic poison...	Жалкий яд...
Pitiful paralysis...	Жалкий паралич...
Snack time!	Пора перекусить!
I'm serious!	Я серьёзно!
Hello, you!	Привет, ты!
Out with the old...	Долой старое...
Don't dream of moving.	И не мечтай пошевелиться.
Is that right?	Так, что ли?
Let's run riot!	Давай устроим разгром!
Get swallowed up!	Будь проглочен!
Get washed away!	Будь смыт!
Protective Parent	Заботливый родитель
"Vacancy for a daughter."	"Вакансия на дочь."
I knew this was going to happen.	Я знал, что так будет.
Is that make-up?	Это грим?
You don't get it!	Ты не понимаешь!
I'm going back in!	Я иду обратно!
You're gonna get it!	Ты получишь!
Mana for me!	Мана мне!
Sweet!	Сладость!
Blaze of glory!	Пламя славы!
Wanna fly!?	Хочешь полетать!?
Disobedient limbs!	Непослушные конечности!
You can't hide forever!	Вечно не спрячешься!
Have a little nap!	Вздремни чуток!
Check this out!	Глянь сюда!
Have a blast!	Будет взрыв!
This is gonna be fun!	Это будет весело!
Hold it right there!	Стоять!
Go for it!	Давай!
Time to roll up my sleeves.	Пора засучить рукава.
Time to tidy up!	Пора навести порядок!
Samurai Savior	Самурай-спаситель
"If it be my master's will..."	"Коль такова воля господина..."
It's all just a dream...	Всё лишь сон...
I thought I might bump into you.	Думал, могу на тебя наткнуться.
My liege!	Мой господин!
I have returned.	Я вернулся.
Who dares face me!?	Кто смеет мне противостоять!?
Your HP is mine!	Твои ХП — мои!
Death by a thousand cuts!	Смерть от тысячи порезов!
Ah, torchlight.	Ах, свет факела.
I...grow sick...	Меня... мутит...
Save us!	Спасите нас!
Despicable Despot	Мерзкий деспот
"All this will be mine!"	"Всё это будет моим!"
What about my ambitions?	А как же мои амбиции?
The root of all evil!	Корень всех зол!
Contemptible fool!	Презренный дурак!
I must not falter.	Я не должен дрогнуть.
Despot boost!	Деспот, ускорься!
Squeeze them dry.	Выжми их досуха.
What a pain.	Какая боль.
I can see now.	Теперь вижу.
Growing so numb...	Так немею...
ZZzzz...	Хрррр...
Where does my destiny lie?	Где лежит моя судьба?
Sleep now!	Спи сейчас!
History demands that I save!	История требует, чтобы я сохранился!
Turn them to ice!	Обратить их в лёд!
I'm counting on you!	Я на тебя рассчитываю!
Man of Mystery	Человек-загадка
"Please donate your old socks!"	"Пожертвуйте старые носки!"
The mystery remains unsolved...	Загадка так и не разгадана...
Marry me!	Выходи за меня!
The bitter taste of defeat.	Горький вкус поражения.
Hand it over!	Гони сюда!
This could get messy.	Может выйти грязно.
Bloomin' poison, innit?	Яд проклятый, да?
I'll get some rest.	Чуть отдохну.
Where now?	Куда теперь?
Save, innit?	Сохраниться, да?
I'm all inspired!	Я весь вдохновлён!
Valiant Valet 	Доблестный камердинер
"Is this wise?"	"Это мудро?"
The air's gone out of my balloon...	Воздух вышел из моего шара...
My love!	Любовь моя!
What a tragedy.	Какая трагедия.
Let us not falter.	Не дрогнем.
Bright thinking!	Яркая мысль!
Poison...	Яд...
How're things looking?	Как обстановка?
Come, my fine fiends!	Идите, мои славные гады!
Air-con!	Кондиционер!
Sharp-Witted Warrior	Острослов-воин
"I'll dissect your best men!"	"Рассеку твоих лучших людей!"
Is that my blood?	Это моя кровь?
I hear wedding bells!	Слышу свадебный звон!
Please don't go...	Пожалуйста, не уходи...
Back to the drawing board...	Назад к чертежам...
I can be somewhat cutting.	Я бываю резок.
Storm warning!	Штормовое предупреждение!
Fine lighting.	Славный свет.
My vision grows dim.	Зрение тускнеет.
My legs grow heavy.	Ноги тяжелеют.
Is there much more?	Много ещё осталось?
Get devoured!	Будь сожран!
Yellow-Bellied	Желтобрюхий
"The yolk's on you!"	"Желток на тебе!"
I got beaten...	Меня побили...
Egg on your face...	Яйцо на лице...
The walls are closing in.	Стены сжимаются.
Alby's so alive!	Альби так живой!
Batten down the hatches.	Задраить люки.
Nice fireworks!	Славный фейерверк!
Toxic eggs?	Ядовитые яйца?
Scrambled eggs?	Яичница-болтунья?
Which direggcion?	В какую яйцосторону?
Sunny side up!	Глазунья кверху!
Serve chilled.	Подавать охлаждённым.
How eggciting!	Какая яйцепция!
I can't hear you!	Я тебя не слышу!
Merciless Mercenary	Беспощадный наёмник
"I'll marry you - for a price!"	"Выйду за тебя — за плату!"
They finally got me...	Меня наконец достали...
Do I get a reward?	Мне будет награда?
Leave your gold when you go!	Золото оставь, как уйдёшь!
I'm not escaping!	Я не сбегу!
Give up your wealth!	Отдай богатство!
Boost me, baby!	Подстегни меня, детка!
Get ready for this!	Готовься к этому!
They poisoned my breakfast!	Отравили мой завтрак!
Cursed paralysis!	Проклятый паралич!
I'll grab some shut-eye.	Вздремну чуток.
Gotta sniff out the gold...	Надо вынюхать золото...
This one's a keeper.	Этого оставлю.
Newbie Hero	Герой-новичок
"I'm getting the hang of this!"	"Я уже втягиваюсь!"
I don't get it...	Не въезжаю...
Is this the one for me!?	Это тот, что мне нужен!?
I'm lost!	Я заблудился!
Suck that mana out!	Высоси ману!
It's ready to explode!	Сейчас рванёт!
My lips are blue...	Губы синие...
Limbs of lead.	Конечности как свинец.
I'll sleep it off.	Отосплюсь.
Where am I?	Где я?
Somewhere to rest.	Где передохнуть.
Tragic Tattoo Victim	Жертва неудачной тату
"There's a story behind this one..."	"За этой есть история..."
I just needed a better weapon.	Мне просто нужно было лучшее оружие.
I found you at last!	Наконец-то нашёл тебя!
You got killed!	Тебя убили!
Makes things clearer...	Так всё яснее...
I feel sickened.	Меня мутит.
Don't let me down!	Не подведи меня!
Safest to save.	Безопаснее сохраниться.
This'll stop you in your tracks.	Это тебя остановит.
Crybaby Babe-Magnet	Нытик-сердцеед
"Look deep into my eyes..."	"Загляни мне в глаза..."
I couldn't cut it...	Я не потянул...
Must I drag you home?	Мне тебя домой тащить?
You knew the risks.	Ты знал риски.
Let's take it from the top.	Давай с начала.
Light relief.	Светлая передышка.
Is poison good for you?	Яд тебе полезен?
I didn't want to move anyway.	Я и так не хотел двигаться.
Ah-phew...	Ах-фух...
Sleep, my love!	Спи, любовь моя!
Purify yourselves!	Очиститесь!
You'll all burn!	Вы все сгорите!
Get blown away!	Вас сдует!
Solid shield!	Крепкий щит!
Love Machine	Машина любви
"Women can't resist."	"Женщины не устоят."
So these are my dying words?	Так это мои предсмертные слова?
I see you!	Вижу тебя!
How can this happen?	Как такое возможно?
From the start.	С начала.
I can see myself better!	Себя лучше вижу!
Where'd he go?	Куда он делся?
Earn your keep!	Отработай своё!
Polished Poser	Лощёный позёр
"Maybe we could settle down here?"	"Может, тут осядем?"
Don't forget me...	Не забудь меня...
Wanna party?	Потусим?
Can we check the map?	Карту глянем?
Is this HP decaf?	Это ХП без кофеина?
Percolation!	Прокапало!
This is sick.	Это мерзко.
I'm tingling in a bad way.	Покалывает по-плохому.
Scope out the surroundings.	Осмотри окрестности.
Go to bed!	Иди спать!
Check this out.	Глянь сюда.
I'm highly motivated!	Я крайне мотивирован!
Block it out!	Заблокируй!
Decaf Heroine	Героиня без кофеина
"There's nothing you can't do!"	"Нет ничего, чего ты не сможешь!"
I'm getting off this ride.	Я схожу с этих горок.
Come and stay with us.	Иди погости у нас.
Farewell!	Прощай!
I've still got plenty of fight in me!	Во мне ещё полно боя!
Ah... Feels good!	Ах... Как хорошо!
It's a bit blustery.	Ветрено малость.
Night light!	Ночник!
Poison, eh?	Яд, да?
Paralysis, eh?	Паралич, да?
So...sleepy...	Так...спать...
I can't see him.	Его не вижу.
Must save.	Надо сохраниться.
Which Witch	Какая ведьма
"Who ever heard of a witch on a mop!?"	"Кто слышал о ведьме на швабре!?"
Bury me with my mop.	Похороните меня со шваброй.
Eeeeh!	Эээээ!
Mana sap!	Высос маны!
Eeeehhh!!!	Эээээххх!!!
Light's on!	Свет горит!
Urgh... What's this!?	Ургх... Это ещё что!?
Witch way to go?	Ведьмин путь?
Bandleader	Лидер группы
"I prefer your early stuff."	"Мне больше раннее твоё."
Creative differences...	Творческие разногласия...
Let me serenade you!в™Є	Дай спеть тебе серенаду!♪
What about the band!?	А как же группа!?
Light of my life!в™Є	Свет моей жизни!♪
Your love's venomous, baby.в™Є	Любовь твоя ядовита, детка.♪
I'm frozen with desire...and paralysis...в™Є	Застыл от страсти...и паралича...♪
Let me sing a little lullabyв™Є	Спою тебе колыбельную♪
Which path to choose?в™Є	Какой путь выбрать?♪
Demon Digits	Дьявольские пальцы
"My fretboard's smokin'!"	"Гриф у меня дымится!"
They cut my axe solo...	Мне срезали гитарный соло...
D'you play keys, dude?	На клавишах играешь, чувак?
You're out of the band!	Ты вне группы!
Not again.	Опять.
Trash the stage!	Разнеси сцену!
Spotlight's on me.	Софит на мне.
I hate poison.	Ненавижу яд.
I can't move my fingers!	Пальцы не слушаются!
All this shredding is making me sleepy.	От этого перебора клонит в сон.
Where's my agent?	Где мой агент?
Racy Bassist	Дерзкий басист
"Is that too funky for you?"	"Это слишком забойно для тебя?"
Should've...turned up...for rehearsal...	Надо было...явиться...на репетицию...
You should be in a band.	Тебе бы в группу.
You missed a beat!	Ты пропустил долю!
Back down we go.	Снова вниз.
Bright lights!	Яркий свет!
Gross out!	Фу, гадость!
Body...growing numb...	Тело...немеет...
Where's my bass amp?	Где мой басовый комбик?
Shameless Cheat	Бессовестный мошенник
"Who needs dumb MMORPGs?"	"Кому нужны тупые сетевые качалки?"
I just got pwned.	Меня только что уделали.
You're so caught.	Ты так попался.
You got pwned!!!	Тебя уделали!!!
Darn entrance!	Чёртов вход!
Take that, lo5ers!	Получайте, лохи!
This is gonna blow.	Сейчас рванёт.
Ah, it's too bright.	Ах, слишком ярко.
Poison won't faze me!	Яд меня не проймёт!
Paralysis won't faze me!	Паралич меня не проймёт!
Maybe I need an energy drink...	Может, нужен энергетик...
Aren't there any cheats?	Кодов нет, что ли?
Best to save.	Лучше сохраниться.
Box of tricks!	Ящик фокусов!
Skeletal Slimmer	Костлявый худышка
"Never drink dungeon water!"	"Никогда не пей воду из данжа!"
I did my best...	Я выложился...
The famous Badman!	Знаменитый Бэдмен!
I've got no money for the inn!	Нет денег на ночлег!
How many calories in this?	Сколько тут калорий?
HPmungous!	ХПгромадный!
My eyes hurt!	Глаза болят!
I'm tingly.	Покалывает.
Sleeping powder...	Сонный порошок...
Freeze you to the spot!	Приморозь к месту!
Slim pickings!	Тощая добыча!
Right back at you!	Тем же макаром!
Ineligible Bachelor	Непригодный холостяк
"Line up, ladies!"	"В очередь, дамы!"
So I die alone...	Так я умру один...
You're shorter in real life...	В жизни ты ниже...
I feel so forlorn.	Мне так тоскливо.
Yes, I'm back.	Да, я вернулся.
Revolving doors!	Вращающиеся двери!
Poisoned in my prime...	Отравлен в расцвете...
Where are the bachelorettes?	Где невесты?
The die is cast!	Жребий брошен!
This'll blow your mind.	Это взорвёт мозг.
Save, my love!	Сохранись, любовь моя!
I can change, I swear.	Я могу измениться, клянусь.
Bulging box!	Пузатый ящик!
Ex-Bearded Lady	Экс-бородатая дама
"What's wrong with me!?"	"Что со мной не так!?"
It wasnвЂ™t meant to be...	Так не должно было быть...
It's just business.	Это просто дело.
No!	Нет!
Back I come.	Я снова тут.
My mana!	Моя мана!
Lovely lava!	Прелестная лава!
Nice and bright!	Так светло!
Limbs...growing heavy...	Конечности...тяжелеют...
I need forty winks.	Мне надо вздремнуть.
Where'd you go?	Куда ты делся?
Record my progress.	Запиши мой прогресс.
Serial Self-Doubter	Серийный сомневающийся
"Is this the career for me!?"	"Это карьера для меня!?"
What was it all for?	Ради чего всё это было?
I've struck gold!	Я напал на золото!
Hmph. The entrance.	Хмф. Вход.
Is that...poison?	Это...яд?
Gah, paralyzed. Or am I?	Гах, паралич. Или нет?
Bedtime, methinks.	Пора спать, сдаётся мне.
Where am I headed?	Куда я направляюсь?
Let us set forth!	В путь!
Cold front.	Холодный фронт.
Karaoke King	Король караоке
"Join in on the chorus!"	"Подпевайте припеву!"
The final song...	Последняя песня...
Let me serenade you.	Дай спеть тебе серенаду.
What about our duet?	А как же наш дуэт?
Once more, from the top...	Ещё раз, с начала...
It's our song!	Это наша песня!
Smash 'n' grab!	Хвать и беги!
Too sick...to sing...	Слишком плохо...чтобы петь...
Too numb...to sing...	Слишком немею...чтобы петь...
Let's go, go, go!	Пошли, пошли, пошли!
Lonely Heart	Одинокое сердце
"Show me how to love..."	"Покажи, как любить..."
What a shock.	Какой шок.
You wretched man!	Ты жалкий человек!
Can it be true?	Может ли это быть правдой?
Must look harder!	Надо искать лучше!
It'll cure what ails me.	Это вылечит, что мучает.
Spin the wheel!	Крути колесо!
I'm intoxicated.	Я пьян.
I'm zapped.	Меня шарахнуло.
Impassive Alchemist	Бесстрастный алхимик
"Still waters run deep."	"В тихом омуте черти водятся."
Whatever...	Да какая разница...
You look mean.	Ты злобно выглядишь.
Ah well...	Ну что ж...
Back here...	Снова тут...
That thing's a fire hazard.	Эта штука пожароопасна.
Venom!?	Яд!?
I'm getting into this.	Я втягиваюсь.
I'll save here.	Сохранюсь тут.
Failed Entertainer	Провальный артист
"What's not to like?"	"Что тут не любить?"
I died on stage...	Я умер на сцене...
I've gotta drag you out!?	Мне тебя вытаскивать!?
Let's go through this again.	Давай пройдём это снова.
I'm smiling once again!	Я снова улыбаюсь!
Who's laughing now!?	Кто теперь смеётся!?
Mana drip.	Капельница маны.
You'll love this one.	Этот номер тебе зайдёт.
Brighten up!	Посветлей!
Did I set my alarm?	Я будильник ставил?
Check position.	Проверь позицию.
Night night!	Спокойной ночи!
Plant the flag.	Воткни флаг.
F-F-Freeze!	З-з-замри!
Tropical Fruitcake	Тропический кекс
"100% natural ingredients."	"100% натуральные ингредиенты."
They squeezed me dry.	Меня выжали досуха.
Want some juice?	Хочешь соку?
Out of juice...	Сок кончился...
From the start!	С начала!
Natural light!	Естественный свет!
Poison juice!	Ядовитый сок!
My mouth's all numb!	Рот весь онемел!
Seed of Sleep!	Семя сна!
Better to be safe...	Лучше подстраховаться...
Hi-class water.	Вода высшего сорта.
Burnt bits.	Подгоревшие кусочки.
Chaos tornado!	Хаос-смерч!
Blizzard!	Метель!
Defensive wall.	Оборонительная стена.
Jumpkicking Joker	Джокер с летящим ударом
"Hi-YAAH!"	"Хай-ЯАА!"
Hi-yaaargh...	Хай-яаааргх...
You come with me!	Пошли со мной!
Bye-yah!	Пока-йя!
Do this once more...	Ещё разок...
Hi-YA!	Хай-Я!
Hi-YAAAARGH!	Хай-ЯАААРГХ!
They poison me!	Меня травят!
Too numb...to fight...	Слишком немею...чтобы биться...
I sleep now!	Теперь сплю!
Hi-Yaaa!?	Хай-Яаа!?
HI-YAAAAAH!!!	ХАЙ-ЯАААА!!!
Lilith-Fancier	Фанат Лилит
"It's perfectly normal."	"Это совершенно нормально."
Oh, sweet Lilith...	О, милая Лилит...
Does this place have elevators?	Тут есть лифты?
But why!?	Но почему!?
Graar!	Граар!
Booyah!	Буйя!
Tingly-wingly...	Покалывает-макалывает...
Pause...	Пауза...
Where do the Liliths hang out?	Где Лилиты тусуются?
Make a record.	Сделай запись.
No limits!	Без границ!
Genial Giant	Добрый великан
"I never asked for this."	"Я об этом не просил."
Darn you, Daddy...	Чтоб тебе, папаша...
Don't say a word.	Ни слова.
Give generously!	Давай щедро!
Cut and run!	Руби и беги!
Venom running through my veins.	Яд бежит по жилам.
My skin's itching.	Кожа чешется.
Where would Badman hang out?	Где бы тусовался Бэдмен?
Save my soul!	Спаси мою душу!
I can do this!	Я смогу!
Flea-Bitten Feline	Блохастый кот
"Don't ask about the ears."	"Про уши не спрашивай."
Nice to meet you all...	Приятно всех видеть...
Do I get to keep you?	Тебя мне оставят?
You were too laid back.	Ты слишком расслабился.
Is this the scenic route?	Это живописный маршрут?
Feline fine!	Котово в порядке!
Catnip!	Кошачья мята!
Tailspin!	Крутихвост!
Catnip?	Кошачья мята?
My ears are tingling.	Уши покалывают.
I'm dog-tired...	Я пёсье устал...
Where should I slink next?	Куда бы красться дальше?
Take a catnap.	Вздремнуть по-кошачьи.
Permafrost.	Вечная мерзлота.
Cat claws!	Кошачьи когти!
Bad-ass barrier.	Крутой барьер.
Cerebral Scrapper	Мозговитый драчун
"I'm always 10 steps ahead."	"Я всегда на 10 шагов впереди."
I should've known...	Надо было знать...
I flushed you out.	Я тебя выкурил.
I'll inform your mother.	Сообщу твоей маме.
Back once more.	Снова назад.
Brain drain!	Утечка мозгов!
Spinning swordplay!	Крутящийся меч!
I've contracted a hideous virus...	Подхватил жуткий вирус...
Is this some kind of wasting disease?	Это какая-то чахотка?
My brain's overheating...	Мозг перегревается...
Mustn't lose focus...	Нельзя терять фокус...
Save my  position, you hear?	Сохрани мою позицию, слышишь?
Willowy Whelp	Хилый щенок
"I OD-ed on power shakes!"	"Перебрал силовых коктейлей!"
Curse my weakness!	Проклятье моей слабости!
Who'd have thunk it!	Кто б мог подумать!
Heroing's a tough business.	Геройство — тяжёлый бизнес.
From the top...	С начала...
Power shake!	Силовой коктейль!
The wind's picking up.	Ветер крепчает.
Power torch!	Силовой факел!
Poisoned power shake!?	Отравленный силовой коктейль!?
Paralysis is the last thing I need.	Паралич мне сейчас совсем не нужен.
Hypnosis!	Гипноз!
This is a good spot.	Хорошее место.
Freeze.	Замри.
Total Primadonna	Сплошная примадонна
"Kneel before Vainessa!"	"На колени перед Тщеславной!"
How can one such as I die?	Как такой, как я, может умереть?
Him again!	Опять он!
Tough.	Жёстко.
Let's strut the catwalk once more.	Ещё раз пройдёмся по подиуму.
Mana time!	Время маны!
Almost as hot as me!	Почти так же горячо, как я!
That light's very flattering.	Этот свет мне очень к лицу.
Paralysis? Pah!	Паралич? Пф!
Where are my fans?	Где мои фанаты?
Woolly Jumper	Шерстяной прыгун
"Boing! Boing!"	"Прыг! Прыг!"
Boing! Boing! Splat...	Прыг! Прыг! Шлёп...
Boing-a-loing!	Прыг-а-лыг!
Bye-Boing!	Пока-прыг!
Bing-Boing!	Бинг-прыг!
Boing!	Прыг!
Boing! Boing! Bleurgh!!!	Прыг! Прыг! Блёургх!!!
B-B-Boing!	П-п-прыг!
Boingzzz...	Прыгззз...
Boing? Boing?	Прыг? Прыг?
Record my quest!	Запиши мой поход!
It's not a rabbit hutch!	Это не кроличья клетка!
Spawny Boy	Мальчик-головастик
"Ribbit!"	"Ква!"
Ribbit!	Ква!
Ribbit! Ribbit!	Ква! Ква!
Ribbislash!	Кваруб!
Ribbitornado!	Квасмерч!
Ribbright!	Квасвет!
Ribbleurgh!!!	Кваблёургх!!!
R-R-Ribbit!	К-к-ква!
Ribbit...	Ква...
I got this far.	Я так далеко зашёл.
It's not a dog kennel!	Это не собачья будка!
High-Brow Type	Высоколобый тип
"Your argument is risible!"	"Твой довод смешон!"
O, fickle fortune!	О, превратная фортуна!
The implications are immense.	Последствия огромны.
Take the rough with the smooth.	Прими горькое со сладким.
Once more, into the dungeon depths.	Ещё раз в глубины данжа.
High-brow hacking!	Высоколобая рубка!
Ah, sweet illumination.	Ах, сладкое озарение.
A venomous brew.	Ядовитое варево.
Which way shall I turn?	Куда мне повернуть?
Fragile Soul	Хрупкая душа
"A mysteriously-wrapped enigma."	"Загадка в таинственной обёртке."
Bash those buttons!	Жми эти кнопки!
Badman sighted!	Бэдмен замечен!
No response...	Нет ответа...
Knock knock!	Тук-тук!
Mystery massacre!	Загадочная бойня!
A breath of fresh air.	Глоток свежего воздуха.
I'm not feeling too hot.	Мне не очень хорошо.
Shutting down...	Отключаюсь...
This-a-way? That-a-way?	Сюда? Туда?
Save to memory.	Сохранить в память.
Tempting treasure.	Манящее сокровище.
Bargain Bot	Уценённый бот
"File corrupted..."	"Файл повреждён..."
Shutdown.	Отключение.
Offline...	Не на связи...
Insert another coin?	Вставить ещё монету?
Botslash!	Ботруб!
LED!	Светодиод!
Virus!?	Вирус!?
Hacked!?	Взломали!?
Sleep Mode	Спящий режим
Calculating route...	Считаю маршрут...
Make a copy!	Сделай копию!
Robo chest.	Робоящик.
Complex Character	Сложный характер
"Who am I going to be today?"	"Кем я сегодня буду?"
Don't look at me...	Не смотри на меня...
You! Move! NOW!	Ты! Двигай! СЕЙЧАС!
Meh.	Мээ.
I haven't got the patience for this.	У меня нет на это терпения.
This is going to hurt.	Это будет больно.
A spot of wind.	Чуть ветра.
They poisoned me?	Меня отравили?
They paralyzed me?	Меня парализовали?
Grumble mumble...	Ворчу-бормочу...
I really don't have the patience for this.	У меня правда нет на это терпения.
Never forget.	Никогда не забывай.
Open it if you dare!	Открой, если осмелишься!
Laser Lover	Лазерный кавалер
"I'm a state-of-the-art guy."	"Я парень последней модели."
I'll get them next time...	В следующий раз достану их...
Are you going to come quietly?	Пойдёшь спокойно?
I'll never forget you.	Я тебя никогда не забуду.
Laser-guided...	Лазерное наведение...
Orbit!	Орбита!
Solar storm!	Солнечный шторм!
Moonlight!	Лунный свет!
Space virus!	Космический вирус!
Decompression...	Разгерметизация...
I need some sleep.	Мне надо поспать.
I can't see the stars.	Звёзд не вижу.
Record for posterity.	Запиши для потомков.
Check the chest!	Проверь сундук!
Towering Intellect	Выдающийся ум
"Who stole my highlighter?"	"Кто украл мой маркер?"
A simple miscalculation...	Простой просчёт...
You should've stayed in school.	Надо было сидеть в школе.
You've gone to a better place.	Ты ушёл в лучший мир.
Must pull my socks up!	Надо подтянуть носки!
School's out!	Уроки кончились!
Storm season!	Сезон штормов!
Some light on the subject!	Свет на предмет!
Let's analyze this poison.	Давай разберём этот яд.
What are the causes of paralysis?	Каковы причины паралича?
No sleeping in class...	На уроке не спать...
Any unruly students?	Есть непослушные ученики?
Stick a flag in it.	Воткни в это флаг.
Impressive chest.	Впечатляющий сундук.
Scheming Shyster	Пронырливый аферист
"Trust me - I'm a professional."	"Доверься — я профессионал."
This is a bad investment...	Плохая инвестиция...
I cornered the Badman market.	Я скупил рынок Бэдмена.
Sign your assets over to me.	Перепиши на меня активы.
Let's restart trading.	Давай заново торговлю.
Spin like you mean it!	Крутись так, будто вкладываешься!
It's an ill wind...	Злой ветер...
Invest in light!	Инвестируй в свет!
Shortsell poison!	Продавай яд в короткую!
There's no future in paralysis.	В параличе нет будущего.
Trading's closed...	Торги закрыты...
Watch the markets...	Следи за рынком...
Savings and investments.	Сбережения и вложения.
Invest in the chest!	Инвестируй в сундук!
Legend of Old	Старая легенда
"I ain't doing this for the money."	"Я это не ради денег делаю."
Dead! Again!	Мёртв! Опять!
You terrible man!	Ты ужасный человек!
Answer me!	Ответь мне!
The entrance, if I'm not mistaken.	Вход, если не ошибаюсь.
I spun right round.	Я крутанулся вокруг.
Spin up a storm!	Навей бурю!
I lit a torch!	Я зажёг факел!
I'm all envenomed!	Я весь в яду!
I'm frozen stiff!	Я закоченел!
Out like a light!	Отключило напрочь!
Why are there no roadsigns?	Почему нет указателей?
Saved!	Сохранено!
I dropped a chest.	Я бросил сундук.
Idyllic Idol	Идиллический кумир
"100% natural ingredients"	"100% натуральные ингредиенты"
I bought the farm...	Я отбросил коньки...
Ugh! A grown-up!	Угх! Взрослый!
Farewell, loyal friend...	Прощай, верный друг...
Back I go.	Я назад.
Ah, that's the stuff!	Ах, вот это вещь!
Mind I don't singe my sideburns.	Смотри не опали бакенбарды.
Which way will I roam?	Куда я подамся?
I'm saving this!	Это сохраню!
Here comes the deep-freeze.	Вот и глубокая заморозка.
The wind's in my sails!	Ветер в парусах!
DIY Barrier!	Самодельный барьер!
Grungey Guy	Грязнуля
"Real men don't wash!"	"Настоящие мужики не моются!"
It's growing dim...	Всё тускнеет...
I'll tie you up with a reef knot.	Свяжу тебя рифовым узлом.
Didn't pan out.	Не выгорело.
Once more - with feeling!	Ещё раз — с чувством!
Let's rustle up some mana!	Давай наскрежём маны!
Let's dance 'round the volcano!	Станцуем вокруг вулкана!
That's fine torchmanship.	Вот это факельное мастерство.
Poison? Let me suck it out.	Яд? Дай высосу.
I-I-I'm motionless...	Я-я-я неподвижен...
Who brought the map?	Кто карту принёс?
Gap-Year Goon	Балбес свободного года
"This dungeon's got so commercial."	"Этот данж стал таким продажным."
How quaint...	Как мило...
I befriended a local!	Я подружился с местным!
You never saw my slide-show!	Ты не видел мои слайды!
I love exploring.	Люблю исследовать.
Feels good!	Как хорошо!
Got some weird poison down here.	Тут какой-то странный яд.
Tropical sickness!	Тропическая хворь!
It's past curfew...	Уже после отбоя...
Where's my compass?	Где мой компас?
Ha ha ha!	Ха-ха-ха!
Fearless Adventurer	Бесстрашный искатель
"That treasure won't find itself."	"Сокровище само себя не найдёт."
Lost...forever...	Потерян...навсегда...
Mr. Badman, I presume?	Мистер Бэдмен, полагаю?
Back to the entrance...	Назад ко входу...
Ah, blessed light!	Ах, благословенный свет!
My body's revolting...	Тело бунтует...
Adventurers need their rest...	Искателям нужен отдых...
This'll go with a bang!	Это бабахнет!
Reckless Apprentice	Безбашенный ученик
"This is one slipshod dungeon."	"Этот данж сшит на живую нитку."
I didn't expect that...	Этого я не ждал...
You're a bad, bad man.	Ты очень, очень плохой человек.
Don't die, Digby!	Не умирай, Дигби!
The entrance? Haven't we been here?	Вход? Мы тут уже были?
Mood lighting!	Свет для настроения!
Poison! I HATE poison!	Яд! Я НЕНАВИЖУ яд!
Is it normal to sweat like this?	Нормально ли так потеть?
Let's hit the hay.	Вали на сеновал.
There's nowhere to hide!	Прятаться негде!
Can't wait to see this!	Не могу дождаться, чтобы увидеть!
General Dogsbody	Генерал на побегушках
"Anyone order deep-pan pepperoni?"	"Кто заказывал толстую с колбасой?"
Here I fall...	Здесь я падаю...
Did you order a pizza?	Вы пиццу заказывали?
Rather you than me...	Лучше ты, чем я...
I'll never deliver this in time.	Никогда не доставлю вовремя.
TWO-FOR-ONE DEAL!!!	ДВЕ ПО ЦЕНЕ ОДНОЙ!!!
I'll slice you up!	Я тебя нашинкую!
Poisoned pizza!	Отравленная пицца!
My body won't obey me...	Тело меня не слушается...
I shouldn't sleep on the job...	На работе спать нельзя...
Where was that address?	Где был тот адрес?
Ninja Bigshot	Ниндзя-шишка
"Prattori! Get over here!"	"Праттори! Иди сюда!"
...Prattori!!!	...Праттори!!!
Grab your coat...	Хватай пальто...
What did you die for?	За что ты умер?
Once more.	Ещё раз.
Darn you, Prattori!	Чтоб тебе, Праттори!
Blade of justice!	Клинок справедливости!
Light at last.	Наконец свет.
I'm getting sleepy...	Меня клонит в сон...
Anger Mis-Manager	Неменеджер гнева
"WHAT DID YOU SAY!?"	"ЧТО ТЫ СКАЗАЛ!?"
I'm too angry to die...	Я слишком зол, чтобы умереть...
This can't be true.	Этого не может быть.
Not again!	Опять нет!
Now I can see.	Теперь вижу.
My limbs are frozen!	Конечности ледяные!
Which way?	Куда?
Ho ho ho!	Хо-хо-хо!
How is it?	Ну как?
