The monster-racing season is almost upon	Сезон гонок монстров уже на носу
us, My Lord, God of Destruction.	у нас, Повелитель, Бог Разрушения.
Last year we lost by a nose to those	В прошлом году нас на нос обошли те
blasted Chubby Liliths.	проклятые Пышные лилит.
They just beat us to the finish in every	Они нас обскакали на финише в каждой
single race.	чёртовой гонке.
It made me so mad I couldn't even'	Меня так взбесило, что я даже не мог'
concentrate on world domination!	думать про мировое господство!
This year, we need to redeem our	В этом году надо вернуть себе
honor. And for that, we'll need a'	честь. А для этого нам нужен'
Dvagon.	Двагон.
You know what a Dvagon is, don't you?'	Ты ж знаешь, что такое двагон, да?'
They're nowhere near as tough as other'	Они куда хилее прочих'
dragons.	драконов.
But they're the fastest fiends in the'	Зато самые быстрые твари в'
dungeon - the mach daddies, if you will!	данже — папочки-мах, если хочешь!
One of those bad boys would be enough	Одного такого красавца хватит,
to see us take the championship with	чтобы чемпионат наш стал
ease.	лёгкой прогулкой.
And with the championship under my	А с чемпионским кубком за
belt, I can get back to concentrating	поясом я снова смогу думать
on world domination!	про мировое господство!
That's where you come in, My Lord.'	Вот тут-то ты и нужен, Повелитель.'
Word on the corridor is that Dvagons	По коридорным слухам, двагоны
are born from Dragons who don't have'	рождаются от драконов, у которых нет'
enough nutrients and mana.	достаточной пищи и маны.
When Dragons get weak, they disperse	Когда драконы слабеют, они сбрасывают
all their nutrients and mana in the	всю пищу и ману в
soil around them and lay an egg.	почву вокруг и кладут яйцо.
If you make a Dragon lay an egg a few	Если заставить дракона снести яйцо
times without feeding it, it'll run low'	несколько раз без кормёжки, у него сразу'
on nutrients and mana in no time.	сядут пища и мана.
And once that happens, you might just	И когда это случится, глядишь —
be able to make a Dvagon.	получится двагон.
We've got two minutes left until the'	До дедлайна новых заявок две'
deadline for new entrants. Think you	минуты. Как думаешь,
can do it in time?	успеешь?
Make a mach daddy!	Сделай папочку-мах!
Good day to you. Badman here.	Добрый день. Бэдмен на связи.
I know it's a bit out of the blue, but'	Знаю, это как снег на голову, но'
I've decided to set you a test today.'	я решил устроить тебе тест сегодня.'
It's called Runeology 101.'	Называется Рунология 101.'
You need qualifications if you want to	Без корочек нынче никуда,
get anywhere these days, so it'll stand'	если хочешь чего-то добиться, так что это'
you in good stead.	тебе пригодится.
Ooh, are you alright? Your face went a	Ой, ты в порядке? Лицо у тебя
little grey when I started talking	посерело, как я заикнулся
about tests...	про тесты...
Come on, there's no need to get all'	Да ладно, не надо так'
worked up - you'll be fine!'	психовать — ты справишься!'
It's just a little trial to test your'	Это просто маленькая проверка твоих'
knowledge of runeborn beasts and how to	знаний про рунных тварей и как их
spawn them.	плодить.
It'll be a walk in the park for a big'	Для большого взрослого Бога Разрушения'
grown-up God of Destruction like	это плёвое дело, как для
Hmm... Not exactly the fired-up	Хм... Не совсем тот запал,
response I was looking for...	на который я рассчитывал...
Wait a second! You're not trying to'	Секунду! Ты же не хочешь'
tell me you don't know which runes'	сказать, что не знаешь, какие руны'
spawn which monsters, are you?	каких монстров плодят, а?
Sorry, what am I saying? Of course you	Прости, что я такое говорю? Конечно
do. You just need a bit of a warm-up to	знаешь. Тебе просто надо чуть размяться,
refresh your memory, right?	чтобы освежить память, верно?
Very well. Here goes...	Отлично. Поехали...
Aye or nay: soil in the second	Да или нет: почва на втором
stratum with 17 nutrients and 19 mana	слое с 17 пищи и 19 маны
would spawn a Talos.	родит Талоса.
Excellent! See, you know more than you	Отлично! Видишь, ты знаешь больше,
think, Lord!	чем думаешь, Повелитель!
Right, now you're in the mood, it's	Ну, раз ты в настроении, пора
time for the main event.	за главное событие.
You have two minutes to make me a	У тебя две минуты, чтобы сделать мне
Majin and an Ash Lady.	Мазина и Пепельную леди.
Ready...	На старт...
Steady...	Внимание...
...What is this, My Lord? Some sort of	...Это что, Повелитель? Какая-то
joke? It's not very funny...'	шутка? Совсем не смешно...'
Of course it would spawn a Talos!	Конечно же родит Талоса!
Well, now I am worried...	Ну, теперь я правда волнуюсь...
A good working knowledge of Monstrology	Рабочие знания Монстрологии —
is the foundation of efficient dungeon	фундамент толкового
management.	управления данжем.
You must do some emergency studying,	Срочно учись,
Lord, or we'll all be in trouble.'	Повелитель, иначе нам всем крышка.'
Right, let's start with a lecture on'	Так, начнём с лекции про'
runes and the monsters they spawn. Open	руны и тварей, которых они плодят. Открой
your runeology textbooks...	учебники по рунологии...
Shall we begin?	Начнём?
Very well. Now, runes spawn different	Отлично. Итак, руны плодят разных
monsters depending on the dungeon	монстров в зависимости от того,
stratum they occupy.	на каком слое данжа сидят.
Runes in the first stratum spawn	Руны на первом слое плодят
Demons, and runes in the second stratum	Демонов, а руны на втором слое
spawn Golems.	плодят Големов.
Runes in the third stratum spawn Ladies.	Руны на третьем слое плодят Леди.
And runes in the fourth stratum spawn	А руны на четвёртом слое плодят
Demons, Golems or Ladies, depending on	Демонов, Големов или Леди — смотря
how much time has passed.	сколько времени прошло.
So, to summarize, runes summon	Итак, коротко: руны призывают
different monsters depending on how	разных монстров в зависимости от
deep they are in the dungeon.	глубины в данже.
But they also summon different monsters	Но ещё они призывают разных тварей
depending on the amount of nutrients	в зависимости от того, сколько пищи
or mana they have absorbed.	или маны впитали.
Runes that have absorbed 30 or more	Руны, что впитали 30 и больше
nutrients or mana reach Level 2,	пищи или маны, выходят на Уровень 2
and spawn stronger monsters.	и плодят более сильных монстров.
Now, let's introduce you to some of the'	А теперь познакомлю тебя с теми'
monsters that can be summoned.	тварями, которых можно призвать.
First of all, there are the Demons of	Для начала — Демоны
the first stratum:	первого слоя:
A Level 1 rune here will spawn a	Руна 1 уровня тут родит
Wookiemon, while a Level 2 rune will	Вукимона, а руна 2 уровня —
spawn an Idle Wookiemon.	Ленивого вукимона.
A Level 1 mana rune will spawn a	Мана-руна 1 уровня родит
Diabro, and a Level 2 mana rune will	Диабро, а мана-руна 2 уровня —
spawn a Brahzuzu.	Браззузу.
Next, there are the Golems of the	Дальше — Големы
second stratum:	второго слоя:
A Level 1 rune here will spawn a Golem,	Руна 1 уровня тут родит Голема,
while a Level 2 rune will spawn a Blob.	а руна 2 уровня — Блоба.
A Level 1 mana rune will spawn a Talos,	Мана-руна 1 уровня родит Талоса,
and a Level 2 mana rune will spawn a	а мана-руна 2 уровня —
Majin.	Мазина.
And last, but by no means least, the	И последнее, но не по значению —
lovely Ladies of the third stratum:	милые Леди третьего слоя:
A Level 1 rune here will spawn an Ash	Руна 1 уровня тут родит Пепельную
Lady, while a Level 2 rune will spawn a	леди, а руна 2 уровня —
Scary Lady.	Страшную леди.
Phantom Lady, and a Level 2 mana rune	Призрак-леди, а мана-руна 2 уровня
will spawn a Crystal Lady.	родит Кристальную леди.
And there you have it: the twelve	Вот и все: двенадцать
basic species that can be summoned	базовых видов, которых можно
from runes.	призвать из рун.
Hmm. Too many monsters to get your head	Хм. Слишком много тварей, чтоб
around, eh? I understand.	уложить в голову, а? Понимаю.
We can't expect you to remember them'	Нельзя ждать, что ты запомнишь их'
all after hearing their names just the	всех, услышав имена всего
once.	раз.
But that's why you've been taking	Но на то ты и вёл
careful notes. You did write all that	аккуратные записи. Ты же всё это
down, didn't you?'	записал, да?'
You'll need to refer to them if you're	Они тебе понадобятся, если хочешь
going to pass my little test.	сдать мой маленький тест.
If there was time, I'd talk a little'	Будь время, я бы ещё чуть'
about the different effects of the	рассказал про разные эффекты
various runeborn monsters.	разных рунных тварей.
But we're running late, so you'll	Но мы опаздываем, так что сам
have to find out for yourself.	разберёшься.
Now, shall we begin?	Ну что, начнём?
Make a Majin and an Ash Lady!	Сделай Мазина и Пепельную леди!
Ah, it's you, My Lord.'	А, это ты, Повелитель.'
Perfect timing!	Как раз вовремя!
I have need of your inestimable powers.	Мне нужны твои бесценные силы.
I'm in a terrible pickle, you see.'	Я в жуткой переделке, видишь ли.'
I've been running a little bar for a'	Я уже как-то веду маленький бар,'
while now, which I staffed with lovely	а персонал набрал из милых
Liliths.	лилит.
There was a gap in the market for a	На рынке была дыра: красивый бар
beautiful bar with beautiful barmaids,	с красивыми официантками,
and I filled it beautifully.	и я её красиво закрыл.
And things were going so well, I	Дела шли так хорошо, что я
decided to up my game and open a sister	решил замахнуться на филиал
branch staffed with lovely Ladies.	с милыми Леди.
Things were going swimmingly, and today	Всё плыло как по маслу, сегодня
was supposed to be the grand opening,	должно было быть торжественное
but...	открытие, но...
But... Oh, what a catastrophe!	Но... О, какая катастрофа!
While I was busy arranging everything,	Пока я суетился с организацией,
the different species of Lady all	разные виды Леди все
started bickering...	переругались...
And when I went there to open up,	А когда я пришёл открывать,
they'd all gone off in a huff!'	они все дулись и свалили!'
All the lovely Ladies I spent so much	Все милые Леди, на чей набор я
lovely money recruiting had run away!	потратил кучу милых денег, сбежали!
I was so caught up in organizing things	Я так увлёкся организацией,
that I forgot all runeborn beasts	что забыл: все рунные твари
despise each other. What a fool!	друг друга терпеть не могут. Дурак!
And now there's only just over a minute'	А до торжественного открытия осталась'
left until the grand opening...	чуть больше минуты...
I can't open a beautiful bar without'	Не откроешь красивый бар без'
beautiful barmaids - I'll be ruined!'	красивых официанток — я разорён!'
All I've got to offer is Dragon-baked'	Всё, что у меня есть — пицца на'
pizza, and who wants that served to	драконьем жару, и кому она нужна
them by an ugly old Overlord?	из рук уродливого старого Повелителя?
Please, Lord, I'm desperate! You're the	Прошу, Повелитель, я в отчаянии! Ты
only God of Destruction I can turn to!	единственный Бог Разрушения, к кому идти!
You have to get out there and recruit	Тебе надо выйти и набрать
some classy Lady barmaids for me!	мне стильных Леди-официанток!
And by classy, I mean Ladies born from	А стильных — это Леди с рун
Level 2 runes, not those basic runeborn	2 уровня, не тот базовый рунный
riff-raff, understand?	сброд, понял?
My bar will go bust without your help.	Без тебя мой бар разорится.
Come on, I'm counting on you!'	Давай, я на тебя рассчитываю!'
Make 3 Scary Ladies and 2 Crystal Ladies!	Сделай 3 Страшных леди и 2 Кристальных леди!
It's a little out of the blue, My Lord,'	Это как снег на голову, Повелитель,'
I know, but how much do you know about	знаю, но что ты знаешь про
unique monster species?	уникальные виды монстров?
They're species that are spawned only'	Это виды, что плодятся только'
under certain very specific conditions.	при очень конкретных условиях.
The Dvagon I had you make recently,	Двагон, которого ты недавно сделал, —
that was a good example of a unique	хороший пример уникального
species.	вида.
Today I'd like you to make me a unique'	Сегодня хочу, чтоб ты сделал мне уникальный'
species of Slimemoss - the Slimederella	вид слизьмоха — Слизереллу-
Moss.	мох.
From what I hear, they're spawned from'	По слухам, они рождаются из'
Slimeblossoms that have absorbed 8 or	Слизьцветов, что впитали 8 или
more mana.	больше маны.
Now, take a look at the dungeon...	А теперь глянь на данж...
Look at that - you've got some Fungus'	Смотри-ка — у тебя Гриб'
and some Magic Fungus growing in a	и Магический гриб растут в
perfect spot right there.	идеальном месте вот тут.
Why don't you use them to tweak the'	Что не юзануть их, чтоб подкрутить'
nutrient and mana levels and make me a	уровни пищи и маны и сделать мне
nice Slimederella Moss?	славную Слизереллу-мох?
Go on, get going!	Давай, пошёл!
Make a Slimederella Moss!	Сделай Слизереллу-мох!
Good news, My Lord!	Добрые вести, Повелитель!
I've just had word from the Underworld'	Мне только что стукнули из Разведки'
Intelligence Agency that a new unique	Подземелья: открыт новый уникальный
species has been discovered.	вид.
Apparently, if you dig up some soil	Якобы если выкопать почву,
that has absorbed 16 nutrients and 16	что впитала 16 пищи и 16
mana, it makes something amazing!	маны, выходит нечто чудесное!
What in the Underworld could it be? I'm'	Чтоб его Подземельем, что это? Я'
absolutely dying to find out!	просто умираю от любопытства!
And it seems that different	И, кажется, разные
combinations of nutrients and mana will	сочетания пищи и маны дают
produce different unique species.	разные уникальные виды.
But I'm getting ahead of myself. This'	Но я забегаю вперёд. На этот'
time, try and make the 16 nutrient and	раз попробуй сделать того гада с 16 пищи и
mana monster we were told about.	маны, про которого сказали.
Okay, most esteemed God of	Ладно, многоуважаемый Бог
Destruction, get out there and do your	Разрушения, выметайся и делай своё
dungeon-digging thing!	копательное дело!
Well? What are you doing just sitting	Ну? Чего сидишь с открытым
there with your mouth open like some	ртом, как какой-то
kind of imbecile?	идиот?
Get digging! Make some soil with 16	Копай! Сделай почву с 16
nutrients and 16 mana and dig it up!	пищи и 16 маны и выкопай её!
Come on! Chop chop!	Давай! Живо-живо!
Make the unique monster!	Сделай уникального монстра!
My Lord! My Lord! Look at this, My Lord!	Повелитель! Повелитель! Глянь-ка сюда!
The article at the bottom on the right!	Статья внизу справа!
Yes, that one!	Да, вот эта!
"WANTED: Herculomnom, Hellish Hooligan"	"РОЗЫСК: Геркуломном, адский хулиган"
of the insect world.""	насекомого мира.""
"A reward of 2,000,000 dullors is"	"Награда 2 000 000 далларов тому,"
offered to whosoever can capture	кто сумеет изловить
this monstrous menace.""	эту чудовищную напасть.""
Not bad, eh? What do you think?	Неплохо, а? Ну как?
2 million big ones if we can hand over	Два ляма, если сдадим
a Herculomnom. Easy pickings!	Геркуломнома. Лёгкие деньги!
It's not every day a license to print'	Не каждый день печатный станок'
money lands in your lap! Ahh, I've'	бабла сам падает в руки! Ах, мне'
got the luck of the devil!	чёртово везение!
You'll help, of course, Lord?'	Поможешь, конечно, Повелитель?'
But of course you will! Excellent!	Ну конечно поможешь! Отлично!
Wh-What!?	Ч-что!?
Please, Lord! Don't say such dreadful'	Прошу, Повелитель! Не говори таких жутких'
things!	вещей!
We've been through so much together.'	Мы столько вместе прошли.'
You can't start saying "no" to my'	Нельзя сейчас говорить «нет» на мои'
perfectly reasonable requests now!	совершенно разумные просьбы!
Now, to the business at hand.	А теперь к делу.
The Herculomnom...	Геркуломном...
If I'm not much mistaken - which I'	Если я не ошибаюсь — а я'
never am - it's a unique species of'	никогда не ошибаюсь — это уникальный вид'
Omnom.	Омнома.
My memory is a little patchy, but my	Память дырявая, но мой
predecessor once said something that	предшественник как-то сказал штуку
went a little like this...	примерно такую...
"Omnom Flies that absorb lots of mana"	"Мухи-омном, что впитали кучу маны,"
give birth to Omnoms of a very	рожают омномов очень
interesting hue...""	занятного оттенка...""
Don't ask me why, but my seventh sense'	Не спрашивай почему, но моё седьмое чувство'
tells me that he must have been talking	твердит: он говорил
about Herculomnoms.	про геркуломномов.
Well, there's only one way to find out'	Ну, один способ узнать'
- you'll have to make an Omnom Fly'	— тебе надо заставить Муху-омнома'
absorb a lot of mana.	впитать кучу маны.
The quickest way to do that will be to	Быстрее всего это выйдет, если
have your Omnom Flies defeat heroes.	твои Мухи-омном побьют героев.
Insects suck up all the nutrients and	Насекомые высасывают всю пищу и
mana left behind when heroes are	ману, что остаётся, когда героев
defeated, you see.	побеждают, понимаешь.
So you'll need to dig a dungeon that'	Так что тебе надо выкопать данж,'
lends itself to Omnom-Fly-based	удобный для мушино-омномовского
hero-bashing.	мордобоя героев.
If you don't think your Omnom Flies can'	Если не веришь, что Мухи-омном'
do it on their own, you might want to	справятся сами, можно
use other monsters to help.	подключить других гадов в помощь.
But you'll have to leave the last'	Но последний удар надо'
strike for your Omnom Flies, otherwise	оставить Мухам-омном, иначе
it won't work.'	не сработает.'
Got it? Great, get to it!	Понял? Отлично, за дело!
Make a Herculomnom!	Сделай Геркуломнома!
I'm sure there are times when you want'	Уверен, бывают моменты, когда хочешь'
to concentrate nutrients and mana in	собрать пищу и ману в
one specific spot, Lord.	одном конкретном месте, Повелитель.
You can do this by mercilessly culling	Это делается безжалостным прореживанием
your creatures when they pass close to	тварей, когда они проходят близко к
the spot in question.	нужной точке.
When they expire, the mana and	Когда они подыхают, мана и
nutrients they carry will be dispersed	пища, что несут, рассеиваются
through the soil surrounding them.	по почве вокруг них.
This allows you to concentrate	Так можно собрать
resources in a single area with a fair	ресурсы в одном месте с хорошей
degree of accuracy.	точностью.
I'd like you to practice this technique'	Хочу, чтоб ты сегодня отработал этот приём:'
today by culling enough Slimemosses	прореди достаточно слизьмохов,
that you can spawn a Wookiemon.	чтоб снести Вукимона.
Try and aim only for the Slimemosses in	Целься только в слизьмохов из
the procession of monsters that are	процессии монстров, что сейчас
about to appear.	появятся.
Cull them when they pass near the piece	Режь их, когда проходят возле куска
of soil in which you want to	почвы, где хочешь
concentrate nutrients.	собрать пищу.
Cull too many Spirits, and there will	Проредишь слишком много Духов — в почве
be too much mana in the soil, so you	будет слишком много маны, и
won't be able to make a Wookiemon.'	Вукимона не сделаешь.'
So you'll need to keep your wits about'	Так что держи ухо'
you...	востро...
Everything clear? Good, get started!	Всё ясно? Добро, начинай!
Cull Slimemosses and make a Wookiemon!	Прореди слизьмохов и сделай Вукимона!
Gah, why won't the little beggars'	Гах, почему эти попрошайки не'
listen to me!? It's so...flipping'	слушают меня!? Это так... чёртовски'
frustrating!	бесит!
I'm an Overlord, for goodness' sake!	Я Повелитель, чёрт возьми!
You'd think I was a street cleaner or'	Думаешь, я дворник,'
something...	что ли...
Oh, it's you, Lord. Hello.'	А, это ты, Повелитель. Привет.'
You always seem to appear just when I	Ты вечно являешься как раз когда я
need you. Your timing is...divine. As	нуждаюсь. Тайминг... божественный. Как
it should be...	и положено...
I need to talk to you about something.	Надо с тобой кое о чём поговорить.
The thing is, you see, I just recruited	Дело в том, видишь ли, я только что набрал
two Souper Hurtles to the Underworld	двух Супер-шипастиков в Армию
Army.	Подземелья.
And they're excellent little fighters,'	И они отличные маленькие бойцы,'
despite their youth. But...	несмотря на юность. Но...
They're so blasted full of themselves'	Они такие надутые,'
that they refuse to train or listen to	что отказываются тренироваться и слушать
anything I say.	хоть что-то из моих уст.
They just give me smart-mouthed answers	Только острят в ответ
and do nothing. I'm at the end of my'	и ничего не делают. Я на пределе'
tether!	терпения!
I just asked them to lay some eggs so	Я просто попросил их снести яйца, чтоб
we'd be well prepared for the next hero'	мы были готовы к следующему набегу'
invasion.	героев.
A direct order from me, Overlord	Прямой приказ от меня, Повелителя
Badman, and do you know what they said?	Бэдмена, и знаешь, что они сказали?
"We had a big lunch, and laying eggs is"	"Мы плотно пообедали, а нести яйца —"
hard work, especially on a full	тяжкий труд, особенно на полный
stomach." I ask you!"	желудок." Ну не смешно ли!"
The little devils!	Мелкие черти!
I need you to discipline them before	Надо их проучить, пока
they set a bad example to the other	не подали дурной пример другим
monsters.	монстрам.
You have 90 seconds.	У тебя 90 секунд.
Teach them a little lesson about real	Дай им урок настоящей
life, and get them to lay some blasted	жизни и заставь снести чёртовы
eggs!	яйца!
Get the two Souper Hurtles to lay eggs!	Заставь двух Супер-шипастиков снести яйца!
Ohhh, water is a wonderful thing♪	Оххх, вода — чудесная штука♪
It makes me very happy	От неё мне очень радостно
and it makes me want to sing♪	и петь охота♪
It can make a Water Lily	Она сделает Кувшинку
from a moldy moldering♪	из заплесневелой плесени♪
Oh water, water waterrrr!♪	О вода, вода, вооодааа!♪
What do you think? A pretty nifty	Ну как? Слабый номерок,
little number, eh? All mine, of course.	а? Мой, разумеется.
From my days as a troubadour. Yes, I	С тех пор, как был трубадуром. Да, я
wasn't always a terrifyingly'	не всегда был ужасающе'
magnificent Overlord, you know.	великолепным Повелителем, знаешь ли.
Gosh, stop asking me about it! I'm'	Господи, хватит про это спрашивать! Я'
getting all embarrassed!	весь краснею!
I was good, though...	А пел-то я хорошо...
...Ahem. Anyway, how are you finding	...Кхм. Короче, как тебе
the water? Are you putting it to good	вода? Юзаешь её с
use?	умом?
It brings forth aquatic lifeforms using	Она рождает водную живность из
the nutrients and mana in the soil	пищи и маны в почве
surrounding it, you know.	вокруг, знаешь ли.
Well, I'm sure you knew that already.'	Ну, уверен, ты и так это знал.'
But did you know just how amazing a	Но знал ли ты, до чего это
thing that is?	чудесно?
Think about it...	Подумай...
Normally, if you want to create life,	Обычно, чтоб создать жизнь,
you have to dig soil that has absorbed	надо копать почву, что впитала
nutrients and mana, don't you?'	пищу и ману, да?'
But with wonderful, wonderful water,	А с чудесной, чудесной водой
all you have to do is wait and...	надо только подождать и...
Abracadabra! Life springs forth!	Абракадабра! Жизнь прёт наружу!
And that's not all. The magic of water'	И это ещё не всё. Магия воды'
doesn't stop there. Oh no.'	на этом не кончается. О нет.'
When a monster is slain, its nutrients	Когда гада убивают, его пища
and mana are returned to the surrounding	и мана возвращаются в окружающие
soil and water...	почву и воду...
...and the stupendous cycle of life will	...и дивный круговорот жизни
bring yet more aquatic lifeforms into	выведет ещё водной живности
existence to replace it!	на смену!
Astounding, no? It's almost enough to'	Потрясающе, да? Чуть не хочется'
make you hang up your pickaxe!	повесить кирку на гвоздь!
Well, now I've sung water's praises	Ну, раз я воду восхвалил
suitably, I think it's time for you to'	как надо, пора тебе самому'
experience it for yourself.	это прочувствовать.
I'd like you to guide the flow of water'	Хочу, чтоб ты направил поток воды'
to some nutrient-rich earth and	к жирной пищевой земле и
create 99 marvelous Molds.	создал 99 чудных Плесеней.
Oh, and I almost forgot - if water	О, чуть не забыл: если вода
comes into contact with holy water, all	коснётся святой воды, вся
its magnificence is lost.	её величественность пропадает.
It will no longer be able to bring	Она больше не сможет рождать
forth life, so you must be very careful	жизнь, так что очень осторожно
to avoid it.	её избегай.
The awful, sparkling, entirely	Эта мерзкая, сверкающая, вовсе
unstagnant stuff - that's holy water.'	не застойная дрянь — вот это святая вода.'
Eurgh.	Фу.
If it gets in your way, you'll have to'	Если встанет поперёк, тебе придётся'
redirect it to protect the nice unclean	её свернуть, чтоб спасти славную грязную
stuff.	водичку.
Understood? Then get to work!	Понял? Тогда за работу!
Make 99 Molds!	Сделай 99 Плесеней!
At last!	Наконец-то!
The time has come!!!	Час пробил!!!
Oh, they're beautiful! Just look at'	О, они прекрасны! Только глянь'
them, My Lord. Look at these beautiful	на них, Повелитель. Глянь на эти прекрасные
ruins!	руины!
This is Helldorado, the legendary set of	Это Хельдорадо, легендарные
ruins that appears for only 2 minutes	руины, что являются лишь на 2 минуты
every 5,125 years!	раз в 5 125 лет!
And at the very bottom of them lies a	А на самом их дне лежит
secret treasure known only as the	тайное сокровище, известное лишь как
Colossal Fossil.	Колоссальное ископаемое.
Inside it is sealed a mythical beast of	Внутри запечатан мифический зверь
terrifying power!	ужасающей силы!
If the water at the top of the dungeon	Если воду с верха данжа
can be made to reach the Colossal	довести до Колоссального
Fossil...	ископаемого...
The beast that has slumbered for so	Зверь, что спал столько
many millennia will awaken!	тысячелетий, проснётся!
But the problem, of course, is all the	Но проблема, конечно, во всех
traps laid throughout Helldorado's'	ловушках по извилистым коридорам'
winding corridors.	Хельдорадо.
The water must be made to flow past	Вода должна пройти мимо них,
them, and not a drop can be lost.	и ни капли нельзя потерять.
It is a nigh-on impossible task, I fear.	Задача почти нереальная, боюсь.
It was not completed 5,125 years ago,	Её не решили 5 125 лет назад,
nor 10,250 years ago either, nor before	ни 10 250 лет назад, ни ещё
that, even...	раньше...
Many bold-hearted treasure-seekers have	Много смелых искателей сокровищ
tried to solve the riddle of	пытались разгадать загадку
Helldorado.	Хельдорадо.
But nary a one has succeeded...	Но никто не преуспел...
None has discovered what sleeps in the	Никто не открыл, что спит в
depths of these dark and dangerous	глубинах этих тёмных и опасных
ruins...	руин...
But of course!	Но конечно же!
A God of Destruction like yourself	Бог Разрушения вроде тебя
should be able to solve the mystery	должен разгадать тайну,
without even breaking a sweat!	даже не вспотев!
Come, it will be thousands of years	Давай, тысячи лет пройдут,
before the chance comes round again.	пока шанс выпадет снова.
In 2 minutes' time, the ruins will sink'	Через 2 минуты руины снова уйдут'
beneath the earth again, and their	под землю, и секрет
secret with them.	с ними.
Come on, there's no time to sit around'	Давай, некогда сидеть и'
dithering! You must get a move on!	мешкать! Надо шевелиться!
And don't worry. Even if you fail, you'	И не парься. Даже если провалишь, тебя'
won't be trapped inside by a great big'	не запрёт внутри здоровенный'
boulder or anything!	валун или что-то такое!
Though you will sorely disappoint me,	Хотя ты меня жестоко разочаруешь,
of course, and you wouldn't want that'	разумеется, а этого ты б не хотел,'
now, would you?	правда?
And don't think you can just tap the'	И не думай, что можно просто тыкнуть'
Colossal Fossil open with your pickaxe,	Колоссальное ископаемое киркой,
you big cheat. It won't work.'	большой ты читер. Не сработает.'
Anyway, there's no time! You have to'	Короче, времени нет! Надо'
get started! Come on, Lord, make me	начинать! Давай, Повелитель, сделай мне
proud!	честь!
Make the water reach the fossil!	Доведи воду до ископаемого!
Huh?	А?
Blast! There's not enough of them.'	Чёрт! Их маловато.'
I need at least one more Lizardman.	Нужен ещё хотя бы один Ящер.
Hmm...what to do...what to do...	Хм... что делать... что делать...
This really is annoying...	Это реально бесит...
The only one I can count on in a	Единственный, на кого можно рассчитывать
crisis like this is...	в таком кризисе, это...
That's right! The God of Destruction's	Точно! Служба доставки пищи
nutrient delivery service.	Бога Разрушения.
Day or night, through soil or water,	День и ночь, сквозь почву и воду,
they will deliver!	они доставят!
24 hours a day, 365 days a year,	24 часа в сутки, 365 дней в году
they'll deliver as little as a single'	доставят хоть одну-единственную'
nutrient, or die trying!	единицу пищи — или сдохнут пытаясь!
What do you think?	Ну как?
I suddenly had a flash of inspiration.	Меня вдруг осенило.
I realized that the thing every	Я понял: то, чего хочет каждый
go-getting young dungeon-dweller wants	рвущийся вперёд обитатель данжа
these days must be...	нынче, это...
That's right - a dedicated door-to-door'	Точно — выделенная служба доставки'
nutrient delivery service!	пищи от двери до двери!
The only thing I can't decide is what'	Единственное, что не могу решить — как'
to call it.	это назвать.
"The Freight of Your Life"...?	«Груз твоей жизни»...?
Nah, too silly.	Не, тупо.
"Underworld Nutrient Solutions...?"	«Пищевые решения Подземелья»...?
Nah, too boring...	Не, скучно...
"Nutrients Now"...?	«Пища Сейчас»...?
Ooh, close, but it needs a bit	Оо, близко, но надо чуть
more...oomph...	больше... перца...
Gah, it's no good. I just can't think	Гах, бесполезно. Никак не
of one.	придумаю.
Okay, well let's forget about the name'	Ладно, забудем про имя'
for the moment and concentrate on	пока и сосредоточимся на
streamlining delivery.	ускорении доставки.
That's where you come in. Feeling up to'	Вот тут ты и нужен. Готов'
it? Well you'd better be.'	к этому? Лучше бы да.'
There are two blocks of Level 1 soil in	В каждом из четырёх углов по два
each of the four corners of this	блока почвы 1 уровня вот в этом
I want you to spawn Slimemosses from	Хочу, чтоб ты плодил слизьмохов из
them, then cull them, then spawn some	них, потом резал, потом плодил
more...	ещё...
Until you've managed to move them down'	Пока не спустишь их вниз'
to the Level 2 block at the center of	к блоку 2 уровня в центре
the dungeon.	данжа.
If you can manage to do that, and make	Если справишься и сделаешь
a Level 3 block that spawns a	блок 3 уровня, что родит
Lizardman, you've got the job.'	Ящера, — работа твоя.'
But you need to be quick. We can't keep'	Но надо быстро. Нельзя заставлять'
our customers waiting. I'll give you'	клиентов ждать. Даю тебе'
2 minutes.	2 минуты.
Okay, get going!	Ладно, пошёл!
And remember - we always deliver!	И помни — мы всегда доставляем!
Move the nutrients and make a Lizardman!	Перемести пищу и сделай Ящера!
Oh no! That Skeleman's just stood up,'	О нет! Этот Скелемен только что встал,'
and he's looking over here with his'	и смотрит сюда своими'
horrible, experience-hungry eyes!	жуткими, жадными до опыта глазами!
Have you come across Skelemen before,	Ты уже встречал Скелеменов,
My Lord? They're a funny bunch.'	Повелитель? Забавная публика.'
They gain levels by defeating heroes	Они качают уровни, побеждая героев
and earning experience, then mutate	и набирая опыт, потом мутируют
into different monsters.	в других монстров.
From Skeleman to Corpse King, from	Из Скелемена в Короля трупов, из
Corpse King to Kicking King...	Короля трупов в Пинок-короля...
And finally, from Kicking King to the	И наконец из Пинок-короля в
glowing golden King of Bling.	сияющего золотого Короля понтов.
Skelemen aren't much better in battle'	Скелемены в бою ненамного круче'
than basic beasts.	базовых тварей.
But once they become Kings of Bling,	Но став Королями понтов,
they're tougher than any Lizardman out'	они жёстче любого Ящера на'
there.	свете.
And Corpse Kings and above regain	А Короли трупов и выше
vitality just by coming into contact	восстанавливают силы просто от
with water.	контакта с водой.
Meaning that as long as there's water'	То есть пока вокруг есть вода,'
around, you don't have to worry about'	можно не париться, что'
them dying.	они сдохнут.
Eurgh! He's looking this way again!'	Фу! Он опять сюда смотрит!'
It's so creepy!'	Жуть какая!'
I can't leave a monster with eyes that'	Не могу бросить гада с такими'
upsetting to be slaughtered. We need	глазами на убой. Он нам
him.	нужен.
Quickly! There are three heroes	Быстрее! Три героя
approaching.	приближаются.
Support the Skeleman so that he can	Поддержи Скелемена, чтоб он
kill all three and graduate to	убил всех трёх и дослужился до
King of Bling status!	звания Короля понтов!
He only has to finish them off, so you	Ему надо только добить, так что
can use other monsters to help him if	можешь юзать других гадов в помощь,
you like.	если хочешь.
Go on, then! Don't leave him'	Давай же! Не бросай его'
in the lurch!	в беде!
Make the Skeleman become a King of Bling!	Сделай Скелемена Королём понтов!
Hey, listen up, Lord.	Эй, слушай сюда, Повелитель.
I've been thinking...'	Я тут думал...'
Every time I see a Dragon, I can't help'	Каждый раз, как вижу Дракона, не могу не'
wondering...	задаться вопросом...
Is that really a Dragon?	Это правда Дракон?
Don't worry, I'm not getting	Не парься, я не ударяюсь в
philosophical or anything.	философию или что-то такое.
I just always thought Dragons were a	Просто я всегда думал, драконы
bit more long and...wriggly, you know?	подлиннее и... извилистее, знаешь?
Or were there two types, and one was	Или было два типа, и один был
long and granted wishes or something?	длинный и исполнял желания?
I can't quite remember...'	Что-то не припомню...'
Anyway, I'm sure there's supposed to be	Короче, уверен, должен быть
a species of Dragon that's really long.'	вид дракона, который реально длинный.'
And I've been trying to stretch their'	И я пытался тянуть им'
necks out and putting their food in	шеи и ставил жратву на
high places...	высокое...
And writing up all my experiments	И все опыты аккуратно
properly and everything, but nothing	записывал, а ничего
seems to be working.	не выходит.
But I found something out	Но я кое-что выяснил
during my research.	в ходе исследований.
I was reading Darren's Dragon Digest,'	Читал «Драконий дайджест Даррена»,'
and it says there's a species of Dragon'	и там пишут, есть вид дракона'
called a Long Dragon.	по имени Длинный дракон.
"Long", do you see? If it's called a'	«Длинный», сечёшь? Если зовут'
"Long Dragon", it must be long!	«Длинный дракон» — значит длинный!
I mean, if they called it that and it	То есть если так назвали, а он
wasn't long, we could sue them, right?'	не длинный, можно судиться, да?'
So I took down some notes on how to	Так я набросал заметки, как
make one.	его сделать.
Hang on, here we go...umm... Yes.	Секунду, вот... э-э... Да.
"Dvagons who absorb lots of mana lay"	"Двагоны, что впитали кучу маны, кладут"
Long Dragon eggs.""	яйца Длинного дракона.""
So we made a Dvagon by starving a	Мы же сделали двагона, морив
Dragon of nutrients and mana, didn't we?'	дракона голодом по пище и мане, да?'
So this time we'll have to deprive a'	Значит, в этот раз надо лишить'
Dragon of nutrients and mana to make a	дракона пищи и маны, чтоб сначала
Dvagon first...	сделать двагона...
Then we'll have to feed that Dvagon up'	Потом этого двагона откормить'
like crazy to make a Long Dragon...	как бешеный, чтоб вышел Длинный дракон...
What a chore! I can't be bothered to go'	Какая морока! Лень через это'
through all that!	проходить!
...But I suppose it might be worth going	...Но, пожалуй, стоит чуть
to a bit of trouble since we'll have a'	попотеть, раз в конце будет'
Long Dragon at the end of it all.	Длинный дракон.
I mean, imagine seeing its little long	Ну представь его длинную мордашку
face poking out of the egg. We'll be so'	из яйца. Мы будем так'
If it turns out not to be long, I'll'	Если вдруг не длинный, я'
have to call my lawyer, but...	вызову адвоката, но...
Either way, we won't find out unless'	В любом случае не узнаем, пока'
we make one. Let's get to it.'	не сделаем. За дело.'
As always, I'm counting on you to get'	Как всегда, рассчитываю, что ты'
the job done, My Lord!	это провернёшь, Повелитель!
Make a Long Dragon!	Сделай Длинного дракона!
Good day to you, My Lord. It's perfect'	Добрый день, Повелитель. Погода снова'
weather for dungeoneering again, I see.	идеальная для данжеведения, вижу.
Oh, by the way, I'm sure you know this'	О, кстати, уверен, ты и так это знаешь,'
already, being a God and all, but...	раз ты Бог и всё такое, но...
To make a truly terrifying dungeon, you	Чтоб сделать по-настоящему жуткий данж,
must manage the monster food chain	надо мастерски вести пищевую цепь
masterfully.	монстров.
This is the only way to create the	Иначе нужной экосистемы
ecosystem you need.	не выйдет.
You must have attack specialists	Нужны специалисты по атаке
such as Lizardmen and Dragons	вроде Ящеров и Драконов,
to harass heroes.	чтоб травить героев.
These top-level predators sit at the	Эти хищники верхнего уровня сидят
upper end of the food chain.	на верху пищевой цепи.
But it is the humble Slimemosses,	Но именно скромные слизьмохи,
Spirits and Omnoms who make it possible	Духи и Омномы делают возможным
for these monsters to exist.	существование этих гадов.
Forget these essential links in the	Забудь эти важные звенья
food chain at your peril.	цепи — и пеняй на себя.
But of course, they are treated merely	Но их, конечно, большинство
as fodder for the bigger beasts by most.	держит просто за корм для крупных тварей.
They are seen as stepping stones to	Их видят ступенями к
higher life forms, and sent senselessly	высшим формам и бессмысленно гонят
to their deaths in huge numbers.	на смерть толпами.
Ahh, such a sorry state of affairs...	Ах, какое печальное дело...
Which is why a coalition of concerned	Потому коалиция озабоченных
dungeon-dwellers got together.	обитателей данжа собралась.
They formed a not-for-profit	Они сколотили некоммерческую
organization to advance the cause of	организацию в защиту так
so-called "bottom-feeders".	называемых «донных».
It's called "Project Respect".'	Называется «Проект Респект».'
And I've been helping to promote their'	А я помогаю продвигать их'
cause throughout the Underworld.	дело по всему Подземелью.
And that's what got me thinking...'	И вот меня осенило...'
The first thing they'll need if they'	Первое, что им нужно, если они'
want to stand up to the more powerful	хотят дать отпор более сильным
monsters is an IQ boost.	монстрам, — баф IQ.
It's brains, not brawn, they'll need to	Мозги, не мышцы, им нужны,
fight with if they want to get the	чтоб воевать и получить
respect they deserve.	уважение, которого они достойны.
So we need to lend them a hand by	Так что надо им помочь:
boosting their IQ with Water Lilies.	качнуть IQ Кувшинками.
What do you think? Shall we help the	Ну как? Поможем мелкому
little people to rise up against their	люду восстать против их
heartless oppressors?	бессердечных угнетателей?
That's the spirit, Lord! I knew you'	Вот это дух, Повелитель! Я знал, что ты'
would support the cause!	поддержишь дело!
Wh- I beg your pardon!?	Ч- прошу прощения!?
Have you lost your mind, Lord?	Ты с ума сошёл, Повелитель?
These are the essential, irreplaceable	Это ж незаменимые, важнейшие
foundations of our food chain we're'	основы нашей пищевой цепи, о которых мы'
talking about here!	тут говорим!
Surely you of all...entities...should	Уж ты-то из всех... сущностей... должен
recognize the need to support them?	признать, что их надо поддержать?
As master of the dungeon, it's your'	Как хозяин данжа, это твой'
duty, nay, your raison d'être, to'	долг, нет, твой raison d'être —'
attend to their needs!	заботиться об их нуждах!
Well? I'm right, am I not?'	Ну? Я прав, или как?'
Yes, of course I am. As always.	Да, конечно прав. Как всегда.
Honestly, you shock me sometimes,	Честно, ты меня иногда шокируешь,
you really do.	реально.
Right, the first thing you must do is	Так, первое: надо
show your support for the Omnoms by	показать поддержку омномам,
improving their IQ.	прокачав им IQ.
You must give them the means to build	Дай им средства строить
Anthills, which will stand as symbols	Муравьиные кучи — символы
of the power of the workers!	силы трудящихся!
Project Respect has already prepared	«Проект Респект» уже заготовил
the Water Lilies that will be needed	Кувшинки, что понадобятся
for this revolutionary uprising.	для этого революционного восстания.
All they need is you to dig them out.	Им надо лишь, чтоб ты их выкопал.
A simple task for a God of	Плёвое дело для Бога
Destruction, no?	Разрушения, нет?
Then create some Omnoms and give them	Потом плоди омномов и дай им
the space to build a few confidence-	место свить пару куч для
boosting Anthills!	уверенности!
Go to it, Lord! Their success rests in	Давай, Повелитель! Их успех в
your hands. Vive la Revolution!	твоих руках. Да здравствует революция!
Make 10 Anthills!	Сделай 10 Муравьиных куч!
You know, Lord, I'm forever giving you'	Знаешь, Повелитель, я вечно сыплю тебе'
free advice, like "The heroes will be"	советами вроде «Герои будут
here soon", or..."	тут скоро», или...»
"These next heroes are weak against"	«Эти герои слабы против»
physical attacks" or whatever."	физических атак» и всё такое.»
But have you ever stopped and wondered	Но ты хоть раз задумывался,
how I come to know these things?	откуда я это знаю?
Hm hm hm. Of course you have. It is a	Хм хм хм. Конечно задумывался. Это ж
very impressive skill, after all.	очень внушительный навык.
Liar!!! Of course you have!!!	Лжец!!! Конечно задумывался!!!
You lie awake at night racking your	Ты ночами не спишь и ломаешь
brains about it! I know you do!	голову! Я знаю!
Well, I suppose, you being the God of	Ну, раз ты Бог
Destruction and all, I should let	Разрушения и всё такое, надо
you in on my little secret.	открыть тебе мой маленький секрет.
Behold...	Узри...
All I do is attach this little	Я просто цепляю эту маленькую
contraption to the side of my head like	штуковину сбоку к голове вот
so, and...	так, и...
Voila! It shows me the details of any	Вуаля! Она показывает данные любых
heroes within 5 miles!	героев в радиусе 5 миль!
Amazing, eh? I bought it from a	Круто, а? Купил по
mail-order catalogue.	почтовому каталогу.
With this, I can give you at-a-glance	С этим я даю тебе с ходу
advice about any hero who happens to	советы про любого героя, что вздумает
invade our beautiful dungeon.	вторгнуться в наш прекрасный данж.
And thanks to my advice, you're always'	И благодаря моим советам ты всегда'
able to knock the stuffing out of the	выбиваешь дурь из
heroes who appear.	героев, что являются.
Ahh, technology is a marvelous thing,	Ах, техника — чудесная штука,
don't you think? Ha ha ha ha haaa!'	не находишь? Ха-ха-ха-ха-хааа!'
Oh, that reminds me, I sensed some	О, кстати, я чуял каких-то
heroes on their way earlier on today.	героев ещё сегодня утром.
One moment... Ah, here we are.	Секунду... А, вот они.
Hmm, nothing much to worry about.	Хм, тревожиться особо не о чем.
They're just a gaggle of'	Просто стайка'
wet-behind-the-ears newcomers.	желторотых новичков.
They'll be no match for our horrendous'	Им не тягаться с нашей жуткой'
horde!	ордой!
It looks like they'll be here any'	Похоже, они будут тут с минуты'
moment now, so you have fun squishing	на минуту, так что дави их в кайф,
them, okay?	окей?
......Huhhhhh???	......Эээээ???
Eeeeeeek!!!	Иииииии!!!
What's going on? Their stats are'	Что творится? Их статы'
My Lord! They've exceeded the maximum!'	Повелитель! Они превысили максимум!'
How can this be?	Как так?
Aah! They're off the charts! I've never	Аа! Они за шкалой! Я такого
seen anything like this before!	никогда не видел!
This is impossible! My little	Это невозможно! Моя маленькая
contraption must be broken! It's the'	штуковина сломалась! Другого'
only explanation.	объяснения нет.
Well, whatever and whoever they are,	Ну, кто б они ни были,
they're headed this way...and fast!'	они прут сюда... и быстро!'
At this rate we only have...90 seconds	При таком раскладе у нас... 90 секунд
until they arrive.	до прибытия.
We have to man emergency battle	По боевым постам,
stations, Lord! This is serious!	Повелитель! Это серьёзно!
There's only one thing for it: dig, and'	Остаётся одно: копай, и'
dig fast!	копай быстро!
Go, go, go!!!	Давай, давай, давай!!!
Defeat the heroes!	Победи героев!
It's another hero, My Lord! Yet another'	Опять герой, Повелитель! Ещё один'
hero has come to invade our beautiful	герой полез в наш прекрасный
And it seems that this one commands	И кажется, этот владеет
some fairly powerful magic.	довольно мощной магией.
But look... Our dungeon's supply of'	Но глянь... Запас маны нашего данжа'
mana is depleted. Darn it!	иссяк. Чёрт!
Well, I suppose there's only one'	Ну, тогда остаётся только одно'
thing for it...	...
We'll have to call on the aid of one'	Придётся позвать на помощь одну'
of...them...	из... них...
Wookiemons have special soul mates known	У вукимонов есть особые родственные души —
as Maras, My Lord.	Мары, Повелитель.
They are extremely rare, and can only	Они крайне редки и призываются
be summoned from runes with very little	только из рун с очень малой
nutrients and mana.	пищей и маной.
Despite their weak runes, they are	Несмотря на слабые руны, они
very strong, and extremely reliable	очень сильны и крайне надёжны
in a crisis.	в кризисе.
But the problem, of course, is how to	Но проблема, конечно, как
create a rune with very little	сделать руну с очень малой
nutrients and mana...	пищей и маной...
Let me think a moment...	Дай подумать секунду...
Umm...how about... No.	Э-э... а если... Нет.
Ooh, we could... Nope. No good...	Оо, можно... Не. Не то...
Ah-ha!	Ага!
When a hero steps on a rune, its	Когда герой наступает на руну, её
accumulated mana is depleted...	накопленная мана сгорает...
...And depletes the hero's MP along'	...И жрёт MP героя заодно,'
with it, acting as a kind of trap. You	с ней, как ловушка. Ты
knew that, didn't you?'	это знал, да?'
The runes we currently have in our	Руны, что сейчас в нашем
dungeon are loaded with 100% of their	данже, заряжены на 100% своей
mana capacity.	ёмкости маны.
So if the hero steps on one, his MP will	Так что если герой наступит, его MP
be ravaged, and we'll soon have a'	выжжет, и скоро у нас будет руна'
Mara-worthy rune on our hands!	достойная Мары!
It's the perfect solution! And proof,'	Идеальное решение! И доказательство,'
if proof were needed, that I am an	если ещё надо, что я
evil genius!	злой гений!
The only problem is, we'll need the'	Единственная проблема: герою надо'
hero to step on the same rune several	наступить на ту же руну несколько
times...	раз...
Apologies, Lord. I seem to be forever	Прости, Повелитель. Вечно я
the naysayer.	этот нытик.
I'm sure you will find a very cunning'	Уверен, ты найдёшь очень хитрый'
way of encouraging the hero to revisit	способ заманить героя снова
the rune.	на руну.
Then you can summon a Mara and subject	Потом призовёшь Мару и устроишь
that horrible hero to a painful demise!	этому мерзкому герою мучительный конец!
All in a morning's work for a'	Утренняя зарядка для'
professional God of Destruction! Now go	профессионального Бога Разрушения! А теперь
to work!	за работу!
Summon a Mara and defeat the hero!	Призови Мару и победи героя!
Ohhhhh, yes!	Ооооо, да!
At long, long last!	Наконец-то, наконец-то!
The hot springs I dug are	Горячие источники, что я копал,
finally ready!	готовы!
And not a moment too soon. I'm worn out.'	И как раз вовремя. Я вымотан.'
All this hero-exterminating really	Всё это героеистребление реально
takes it out of you. I can't wait to'	выматывает. Не могу дождаться'
have a nice long soak.	долгой мочи всласть.
It seems like a million years since I	Кажется, миллион лет, как я
started digging these springs...	начал копать эти источники...
And speaking of digging, you must be	И раз про копку: ты тоже,
exhausted too, My Lord, wielding that	Повелитель, наверняка выдохся,
pickaxe day in, day out.	махая киркой день за днём.
What say the two of us take first dibs	Что если мы двое первые сядем
on Badman's Baths and soak out some of'	в Бани Бэдмена и вымоем часть'
that stress, hm?	стресса, а?
Come on, look at that water, steaming	Давай, глянь на воду, так
away so invitingly! It's just what you'	маняще парит! Это именно то,'
need!	что тебе надо!
Eeeeeek!!!	Ииииии!!!
B-Behind you, My Lord!	С-сзади тебя, Повелитель!
A- A hero!	Г- герой!
Sorry, it's my fault.'	Прости, это моя вина.'
I was so busy digging the hot springs	Я так занялся копкой источников,
that I forgot to keep my nose peeled	что забыл навострить нос
for smelly old heroes.	на вонючих героев.
How embarrassing...	Как неловко...
In any case, it looks like we'll have'	В любом случае, похоже, ванну'
to forget our bath for the moment.	придётся забыть на минутку.
Just this one hero to destroy, though,	Всего один герой на уничтожение,
and then we can soak away to our	и потом можно мочиться до
hearts' content.'	отвала.'
Right, let's get you ready to rumble!'	Так, давай готовиться к бою!'
...Hang on. You don't have any Dig'	...Секунду. У тебя же не осталось силы'
Power left, do you?	копки, да?
What are we going to do? The hero's'	Что делать? Герой уже'
already bashing down the dungeon door!	ломится в дверь данжа!
Okay, you'll have to make do with the'	Ладно, придётся обойтись теми'
monsters we have for now.	гадами, что есть.
Thankfully, there's plenty of them'	К счастью, их полно'
after my hot spring-digging escapade.	после моей источникокопательной эпопеи.
If you can make do with these aquatic	Если обойдёшься этими водными
creatures, you won't need any Dig'	тварями, сила копки не'
Power...hopefully.	понадобится... надеюсь.
Defeat the hero with aquatic monsters!	Победи героя водными монстрами!
Two heroes are coming to the dungeon in	Сегодня в данж идут двое героев
search of treasure today, My Lord.	за сокровищами, Повелитель.
One of them is a pathetic nobody,	Один — жалкий ноль,
and shouldn't prove too much of a'	и не должен стать большой'
problem.	проблемой.
The worry is the other one - he's'	Страшнее второй — он'
nowhere near as much of a pushover.	совсем не такой слабак.
His defense is so high that ordinary	Защита такая, что обычные
monsters won't even be able to scratch'	гады даже кожу не'
his skin.	оцарапают.
So we're going to use treasure chests'	Так что вместо них юзанём сундуки,'
to get rid of him instead.	чтоб от него избавиться.
Treasure chests can explode, or put	Сундуки могут взорваться, усыпить
whoever opens them to sleep, or even	того, кто откроет, или даже
heal them.	полечить.
And we'll be trying to use these'	И мы попробуем этими'
effects to rid ourselves of this hero.	эффектами спровадить героя.
If it heals them, that's too bad, but'	Если полечит — плохие новости, но'
if it explodes, you'll be laughing.'	если взорвётся — будешь ржать.'
No matter how high their defense, it	Какая б ни была защита,
will reduce their HP by half!	HP срежет пополам!
So a big tough 800HP hero can be	Так что крутой герой на 800 HP
reduced to a 400-point weakling just	станет 400-очковым хлюпиком вот
like that!	так!
It's a lifesaver when you're dealing	Спасение, когда имеешь дело
with heroes with high defense.	с героями с высокой защитой.
And if you tap a treasure chest with	А если тыкнуть сундук
your pickaxe, it will turn into a	киркой, он станет
monster called a Mimic.	монстром по имени Мимик.
When a Mimic hears a hero coming, it	Когда мимик слышит героя, он
stands stock still and pretends to be a	замирает столбом и притворяется
treasure chest.	сундуком.
And when the hero draws near, the Mimic	А когда герой подойдёт, мимик
will explode as soon as it is touched.	взорвётся от одного касания.
Meaning that you can be sure of	То есть урон будет
inflicting delicious damage!	вкусный, гарантированно!
Unfortunately, a Mimic's explosion will'	Увы, взрыв мимика не'
not reduce a hero's HP by half as a'	срежет HP героя пополам, как'
treasure chest's would.'	это делает сундук.'
The power of a Mimic's explosion is'	Сила взрыва мимика зависит'
dictated by the amount of nutrients and	от того, сколько пищи и
mana it has absorbed.	маны он впитал.
A freshly-spawned Mimic that has	Свежерождённый мимик без
absorbed no nutrients or mana will	пищи и маны нанесёт
deal a paltry 1 point of damage.	жалкую 1 единицу урона.
This is obviously not ideal...	Это, ясное дело, не идеал...
But if your Mimic has absorbed the	Но если мимик впитал
maximum amount of nutrients and mana,	максимум пищи и маны,
it's a very different story.'	это совсем другая история.'
The explosion will tear through 80% of	Взрыв вырвет 80%
the hero's hit points! Mwah-hah-hah!'	хитпоинтов героя! Муа-ха-ха!'
So as long as there's enough for it to'	Так что пока есть чем'
eat, a Mimic will make a much bigger	кормиться, мимик бахнет куда
impact than a treasure chest.	громче сундука.
For this training exercise, there are	В этом учении тебе
not one but two pearls of wisdom	не одна, а две жемчужины
for you to take away with you.	мудрости на вынос.
The terror of Treasure-chest based	Ужас урона от сундуков
damage and the might of	и мощь
Mimic-based explosions.	взрывов мимика.
And for this exercise only, you'll know'	И только в этом учении ты будешь знать,'
what's in the treasure chests before'	что в сундуках, до того'
they are opened.	как их откроют.
I'll only put treasure chests that'	Я кладу сундуки, что могут'
might heal heroes in areas of soil that	полечить героев, только в почву,
contain nutrients and mana.	где есть пища и мана.
So if you find a treasure chest in a	Так что сундук в зоне
nutrient or mana-rich area, be sure to	жирной пищи или маны обязательно
turn it into a Mimic.	преврати в мимика.
And allow that Mimic to eat its fill of	И дай мимику нажраться
its fellow monsters.	сородичей.
Oh, a quick word of warning: if a Mimic	О, коротенькое предупреждение: если мимик
is hungry enough, it won't hesitate to'	достаточно голоден, он не моргнув сожрёт'
wolf down Lizardmen or Dragons.	Ящеров или Драконов.
Okay, we're ready. When you've fed your	Ладно, мы готовы. Когда накормишь
Mimics enough, we'll call in the heroes.'	мимиков, позовём героев.'
And it'll be time to try out your'	И будет время обкатать твои'
treasure chests and Mimics.	сундуки и мимиков.
Both will make lovely big	И те и те устроят славные
explosions.	большие взрывы.
But it's up to you to use them well'	Но от тебя зависит, юзанешь ли ты их'
enough to turn those heroes into zeroes.	так, чтоб герои стали нулями.
Then you can finish them off with a	Потом добей их быстрым
quick burst of Dragon breath or	залпом драконьего дыхания или
something suitably sadistic.	чем-то достаточно садистским.
Now, I've talked for quite long'	Ну, я и так уже долго'
enough. Did you catch everything?	трепался. Всё уловил?
Well, don't worry. If you didn't, you	Не парься. Если нет,
can just press START and read the	просто жми START и читай
briefing.	брифинг.
That'll tell you exactly what you need'	Там точно сказано, что тебе надо'
to do.	делать.
Right, let's get started,'	Так, начнём,'
Defeat the heroes with treasure chests and Mimics!	Победи героев сундуками и мимиками!
The three heroes who are on their way	Трое героев, что идут сегодня,
today are a real handful, My Lord.	ещё те проблемные, Повелитель.
They all have high attack and defense,	У всех высокая атака и защита,
and are pretty nimble-footed into the	да ещё и ножки шустрые в
bargain.	придачу.
Ooh! They're already here!'	Ой! Они уже тут!'
It looks like we won't have time to dig'	Похоже, не успеем выкопать'
ourselves a decent dungeon today.	приличный данж сегодня.
So we'll use this emergency dungeon'	Так что юзанём этот аварийный данж'
As you can see, it's chock-a-block with'	Как видишь, он набит под завязку'
I had my monster minions prepare it	Его заготовили мои гады-миньоны
in case just such a situation as	на случай, если вылезет как раз
this should arise.	такая ситуация.
You should be able to spawn some	Сможешь снести мощных
powerful monsters without much effort.	монстров почти без усилий.
Now, quickly, stock up the dungeon	Теперь быстро заполни данж,
before they arrive! We haven't got much'	пока не пришли! Времени'
time!	мало!
Dun-da-duuuun!	Дун-да-дуууун!
Welcome to Advanced	Добро пожаловать на Продвинутый
Training Lesson 1!	урок тренировки 1!
(Mumble mumble mumble)	(Бормот бормот бормот)
Greetings, My Lord God of Destruction,	Приветствую, Повелитель Бог Разрушения,
and welcome to Training Mode!	и добро пожаловать в Тренировку!
This is where I'll be passing on to you'	Тут я буду передавать тебе'
my considerable knowledge of	свои немалые знания
dungeoneering.	данжеведения.
You've got a lot to learn if you're	Учить придётся многое, если
going to help me achieve my goal of	хочешь помочь мне достичь цели
world domination!	мирового господства!
What's that? You didn't know there'd be'	Что? Ты не знал, что будет'
studying involved? Well it's too late'	учёба? Ну, отступать уже поздно,'
to back out now, I'm afraid.'	боюсь.'
Now, stop moaning, and let's get on'	Хватит ныть, и давай за'
with Lesson One: The Hero-Overlord	Урок первый: отношения героя и
Relationship.	Повелителя.
Er...What's a Dungeon?	Э-э...Что такое данж?
First, allow me to introduce myself.	Сначала позволь представиться.
I'm Badman, and I'll be your partner	Я Бэдмен, и буду твоим напарником
and mentor in world domination.	и наставником в мировом господстве.
I'm the rather dapper gent to the'	Я тот щеголеватый джентльмен в'
bottom-right of your screen. Hello	нижнем правом углу экрана. Привет
there!	тебе!
And those do-gooders who come tramping	А те святоши, что топают
into my nice clean dungeon and trying	в мой чистый данж и норовят
to kidnap me are the heroes.	меня похитить, — это герои.
That's them. The three gormless fools'	Вон они. Три безмозглых болвана'
at the top-left of the screen.	в верхнем левом углу экрана.
The Hero-Overlord relationship is a	Отношения героя и Повелителя
very simple one. Obviously, I cannot be	очень простые. Ясно же, меня не
captured easily.	так легко сцапать.
No, I like to hide myself away in the	Нет, я люблю прятаться в
furthest corner of the dungeon to avoid	дальнем углу данжа, чтоб избежать
their grubby, grabbing hands.	их грязных хапающих лап.
And to make things even more difficult	А чтоб им было ещё труднее,
for them, I like to send my monstrous	я шлю своих чудовищных
minions to give them what-for.	миньонов дать им взбучку.
But, stubborn scoundrels that they are,	Но упрямые негодяи они такие,
they don't give up until they drop down'	не сдаются, пока не свалятся'
dead with 0 HP.	мертвыми с 0 HP.
So the only way to protect me is to	Так что защитить меня можно лишь
make sure the monsters annihilate them	если гады их уничтожат
before they can reach me.	до того, как доберутся до меня.
And that's where you come in, My Lord.'	Вот тут-то ты и нужен, Повелитель.'
Well, I can't be expected to do'	Ну не могу же я всё'
everything myself, can I?	делать сам, правда?
Now, let's move on to Lesson 2: What Do'	Теперь Урок 2: Что делают'
Gods of Destruction Do?	Боги Разрушения?
In a word, they dig. In order to give	Одним словом — копают. Чтоб дать
you an idea, how about a quick	тебе понятие, как насчёт быстрой
demonstration of your powers?	демонстрации твоих сил?
I'll make a block of dungeon soil glow'	Я подсвечу блок почвы данжа'
yellow, and you move your pickaxe over	жёлтым, а ты наведи кирку
it and press the □ button.	и жми кнопку □.
That's the stuff! There it is! The'	Вот это да! Вот оно! Та'
awesome power of a God of Destruction!	грозная сила Бога Разрушения!
Only you have the power to carve a path	Только у тебя сила прорубить путь
of unrighteousness through the dungeon	неправедности сквозь данж
with your pickaxe of doom, Lord!	киркой погибели, Повелитель!
And without the cursed touch of your	А без проклятого касания твоей
pick, the soil would not bring forth my	кирки почва не родит моих
monstrous minions!	чудовищных миньонов!
Truly, you move in magnificent ways!	Воистину, пути твои величественны!
Praise be to the Lord of Destruction!	Слава Господу Разрушения!
And finally, for Lesson 3: Why Do Gods	И наконец, Урок 3: Почему Боги
of Destruction Do What They Do?	Разрушения делают то, что делают?
Why, Gods of Destruction dig dastardly	Да потому что Боги Разрушения копают
dungeons to protect my marvelous self	подлые данжи, чтоб спасти мою дивную тушку
from horrible heroes, of course!	от ужасных героев, разумеется!
Digging fiendish labyrinths, spawning	Копать коварные лабиринты, плодить
fearsome hordes of monsters... It's a'	грозные орды монстров... Работа'
varied and complex job.	разнообразная и сложная.
And that's why it takes a God to do it,'	Потому это дело Бога,'
and someone as marvelous as me to	и кого-то столь дивного, как я,
guide them!	чтоб их вести!
Still, God or not, to throw you in at	И всё же, Бог или нет, кидать тебя
the deep end would be cruel. Why not	сразу в омут было б жестоко. Что не
dig here awhile first?	копать тут чуток сначала?
Just try your hand at digging up a few	Просто попробуй выкопать пару
blocks of soil. Don't worry, I'll be	блоков почвы. Не парься, я буду
keeping a watchful eye on you.	зорко за тобой следить.
How was that, Lord? Did you get a good	Ну как, Повелитель? Прочувствовал
feel for the art of excavation? I'm'	искусство раскопок? Я'
sure you did.	уверен, да.
By the way, there are one or two things	Кстати, есть одна-две вещи,
you must bear in mind when digging.	которые надо помнить, копая.
Firstly, you are only able to excavate	Во-первых, копать можно только
blocks of soil that are adjacent to	блоки почвы, соседние с уже
already-excavated blocks.	выкопанными.
Secondly, every time you dig, you will	Во-вторых, каждый раз, как копаешь,
notice that the number at the bottom-	число в нижнем правом
right of the screen decreases.	углу экрана падает.
This is your Dig Power, and if it	Это сила копки, и если она
reaches 0, even your divine self will	дойдёт до 0, даже твоя божественность
be able to dig no longer.	копать больше не сможет.
Well, I think that about wraps it up	Ну, на сегодня, кажется, закругляемся.
for today. That's more than enough to'	Этого более чем хватит, чтоб'
be going along wi-...	пока ид-...
What the devil!?	Какого чёрта!?
My Lord, it seems that some horrible	Повелитель, кажется, какие-то ужасные
heroes have found our dungeon!	герои нашли наш данж!
But it looks like it's only a scouting'	Но похоже, это лишь разведка.'
party. The meddlesome brutes will be	Назойливые громилы скоро
gone shortly.	смоются.
Come, Lord! Stop moaning! I am aware	Давай, Повелитель! Хватит ныть! Я знаю,
that this is the practice mode, but	это режим практики, но
this is an emergency!	это чрезвычайная ситуация!
Dig a nice deep dungeon and hide me at	Выкопай глубокий данж и спрячь меня
the bottom of it at once!	на дне немедленно!
It's your job to protect me, so you'	Твоя работа — меня защищать, так что'
might as well get used to it!	лучше привыкай!
Come on now, get to work!	Давай уже, за работу!
Protect me from those horrible heroes!	Защити меня от этих ужасных героев!
Good day, My Lord, and welcome to the	Добрый день, Повелитель, и добро пожаловать
second exciting installment of Training	во второй захватывающий выпуск
Mode! Ready to learn?	Тренировки! Готов учиться?
Now, as you'll remember, heroes come to'	Как помнишь, герои лезут в'
the dungeon to capture me, and I'm'	данж меня сцапать, а мне это'
naturally not too keen on this.	естественно не в кайф.
Which is why we spawn a horde of	Потому мы плодим орду
monsters to stop them from achieving	монстров, чтоб им не дать
their wicked aims.	добить свои гнусные цели.
That way, the tables are turned, and	Так столы переворачиваются, и
the hunters become the hunted. Or get a	охотники становятся добычей. Или хотя бы
run for their money, at least.	получают жару.
These monsters can only be spawned by	Этих гадов можно снести только
digging, and digging can only be	копкой, а копать может только
performed by your Godly self.	твоя божественная персона.
Let's see that in action. I'll make	Посмотрим в деле. Я подсвечу
some soil glow yellow, and you dig it	почву жёлтым, а ты её
up, okay?	выкопай, окей?
And thusly does the Lord bring forth	И так Господь изводит
life! The life of a Slimemoss, to be	жизнь! Жизнь слизьмоха, то есть
As you may have guessed, these little	Как ты, верно, догадался, эти малыши
fellows are one of the more...primitive	из более... примитивных
dungeon organisms.	организмов данжа.
Now, as you have seen, you can dig up	Как видел, из земли можно
all manner of monsters from the earth.	выкопать любых монстров.
But it's not just a matter of hacking'	Но это не просто рубить'
away willy-nilly. There's a lot more to'	как попало. Тут куда больше'
it than that.	нюансов.
It's high time you learned a little more'	Пора тебе узнать чуть больше'
about soil and the various monsters it	про почву и разных гадов, которых
can produce.	она даёт.
Listen carefully: soil absorbs	Слушай внимательно: почва впитывает
nutrients, and the more it absorbs, the	пищу, и чем больше впитает, тем
higher its level becomes.	выше её уровень.
Soil with no nutrients is Level 0, and	Почва без пищи — Уровень 0, и
produces no monsters. But just 1	не даёт монстров. Но всего 1
nutrient will make it Level 1.	единица пищи сделает её Уровнем 1.
You can tell the level of a piece of	Уровень куска почвы видно
soil by looking at it. The soil you dug	на глаз. Та, что ты копнул
just now was Level 1.	сейчас, была Уровня 1.
As soil absorbs more nutrients and	Когда почва впитывает больше пищи и
increases in level, it produces	растёт уровнем, она даёт
different monsters.	других монстров.
But it can only reach a maximum of	Но максимум — только
Level 3, no matter how many nutrients	Уровень 3, сколько пищу ни
you pump into it.	закачивай.
Let's get you back in the field and see'	Давай обратно в поле и глянем'
soil levels in action.	уровни почвы в деле.
Okay, I'd like you to dig up some Level'	Ладно, выкопай-ка почву Уровня'
2 soil. It's the sort of grainy one in'	2. Это такая зернистая в'
the middle of the diagram above.	середине схемы сверху.
Excellent! You have given life to a	Отлично! Ты дал жизнь
creepy crawly known as an Omnom.	ползучему гаду по имени Омном.
Omnoms are born from Level 2 soil, and	Омномы рождаются из почвы 2 уровня и
are slightly better battlers than	дерутся чуть лучше, чем
Now, on to Level 3 soil. That's the'	Теперь к почве 3 уровня. Это'
sort of solid white one. Go on, have	такая плотная белая. Давай,
a dig!	копни!
That's the stuff! The monster you just'	Вот это да! Монстр, которого ты только'
created is called a Lizardman.	что создал, зовётся Ящер.
They're wonderfully violent little'	Они чудесно злобные малыши,'
creatures that swing their swords about	что машут мечами с
the second they're born.'	секунды рождения.'
All these monsters are essential	Все эти гады — важные
dungeon building-blocks, so learn their	кирпичи данжа, так что учи их
names and soil types well.	имена и типы почвы назубок.
Okay, it's time to put what you've	Ладно, пора применить то, что
learned into practice!	ты выучил, на практике!
Have a dig around the dungeon and spawn	Покопай по данжу и плоди
a few monsters to get a feel for it.	пару гадов, чтоб прочувствовать.
Burn those soil types and the monsters	Вбей типы почвы и гадов,
they make into your brain - you're'	что они дают, в мозг — они'
going to need them!	тебе понадобятся!
So, dig soil to make monsters.	Итак: копай почву — плоди гадов.
That's about the size of it.'	Вот и вся наука.'
Now, why don't you fill the dungeon'	А теперь заполни данж'
with lovely, hero-hurting monsters	славными, героев-калечащими монстрами
for me?	для меня?
10 Slimemosses should suffice.	10 слизьмохов хватит.
Remember them? They're the ones born'	Помнишь их? Они рождаются'
from Level 1 soil. The stuff that looks	из почвы 1 уровня. Та, что выглядит
sort of moldy.	типа плесневелой.
Go on, make me proud!	Давай, сделай мне честь!
Make 10 Slimemosses!	Сделай 10 слизьмохов!
Okay, it's time for your third training'	Ладно, пора на третью тренировку.'
session. This time, we're going to'	На этот раз будем учить'
learn about water.	про воду.
You already know that the dungeon is	Ты уже знаешь, что данж —
full of soil that will produce monsters	полной почвы, из которой лезут гады
when you dig it up.	когда её копнёшь.
But don't think you know it all - this'	Но не думай, что ты всё схватил — этот'
time there's also soil that will make'	раз есть почва, из которой хлынет'
water when you dig it up!	вода, едва копнёшь!
As you can see in the diagram above,	Как видишь на схеме сверху,
some soil sits on top of small	часть почвы сидит над мелкими
deposits of water.	залежьми водички.
Tap it, and the water will gush forth	Ткни — и вода хлынет ключом
to fill your dungeon's corridors.'	и затопит коридоры твоего данжа.'
Well, it's never too early to try'	Ну, пробовать никогда не рано.'
things out for yourself. Fancy	Сам пощупай. Не хочешь
springing a leak or two?	дырочку-другую пробить?
I've prepared another yellow square for'	Я опять намалевал жёлтый квадрат.'
you. Why don't you give it a whack and'	тебе. Давай, долбани по нему и'
watch the water come flooding out?	смотри, как вода хлынет рекой?
Yes! That's it! Lovely, stagnant water!'	Да! Вот так! Прелесть, стоячая вода!'
One thing to bear in mind is that water	Запомни главное: вода всегда
will always flow downhill to the bottom	течёт вниз, на самое дно
of your dungeon.	твоего данжа.
So if you dig downward, any water	Копнёшь вниз — и вся вода,
you've dug up will drift downward'	что добыл, поплывёт вниз'
with you.	следом за тобой.
Why don't you see for yourself? Have a'	А сам почему бы не глянуть? Давай'
go at controlling the flow of the water.	управлять потоком воды.
Dig the yellow blocks I highlight, and	Копай жёлтые блоки, что я подсвечу,
watch the wondrous water flow!	и смотри, как дивно течёт вода!
How do you like that, hm? A dungeon	Ну как, а? Данж
full of flowing water is a wonder to	полный текущей воды — чудо,
behold, is it not?	глаз не оторвать, правда?
With a little clever pickwork, you can	С чуток умной киркой можно
send water all over the dungeon,	гнать воду по всему данжу
or pool it in places.	или копить её лужами.
And once you're water-savvy, your'	А как освоишь воду, горизонты'
dungeon-building horizons will widen	стройки данжа раздвинутся
all the more.	ещё шире.
Because water provides a magical,	Потому что вода — это магическая,
primordial, life-giving goop for	первозданная жижа, в которой
organisms to grow in.	рождаются организмы.
That's right - the nutrients dissolved'	Точно — пища, растворённая'
in water can spontaneously give rise to	в воде, сама собой рождает
all-new aquatic life-forms!	совсем новых водяных тварей!
Ta-daa! I give you the water-based	Та-даа! Представляю водных
beauties built to complement their	красоток, идеально в пару
land-based brethren perfectly!	к сухопутной братишке!
They're a new and indispensable aid in'	Они новый и незаменимый козырь,'
ridding your dungeon of nuisance pests	чтобы вычистить данж от вредных
such as heroes!	вредителей вроде героев!
Let's give you a demonstration of the'	Давай устроим тебе показ'
power of aquatic life.	мощь водяной жизни.
Excavate the yellow blocks so that the	Копай жёлтые блоки, чтобы
water flows downward through the	вода стекла вниз сквозь
And marvel as hitherto-unseen life-forms	И дивись: невиданные доселе твари
spring forth!	вылезут сами!
Aww, just look at it! Isn't it adorable?'	Ах, глянь только! Милашка, правда?'
That, My Lord, is a load of	Это, Повелитель, целая куча
lovely Mold!	прелестной Плесени!
And Mold forms the basis of all	А плесень — основа всей
aquatic life. Great oaks from tiny	водяной жизни. Большое с малого
acorns grow, after all.	растёт, как ни крути.
Mold springs up when water meets	Плесень всходит, когда вода
nutrient-rich soil. But it doesn't'	встречает пищевую почву. Но не'
appear instantly, of course.	мигом, конечно.
The water needs to stop and stagnate	Вода должна остановиться и постоять
awhile to absorb nutrients from the	чуток, впитать пищу из
soil. Mmm, lovely stagnation!	почвы. Ммм, какая застойность!
As you can see from the diagram, Mold	Как видишь по схеме, Плесень
grows as it absorbs nutrients.	растёт, впитывая пищу.
And once it has absorbed enough,	А когда впитает достаточно,
it transforms into a Water Lily Shoot	она станет Ростком кувшинки
and dives on in!	и нырнёт в воду!
Let's watch the heartwarming moment'	Давай глянем трогательный миг,'
where immobile Mold makes the leap to	когда неподвижная Плесень делает
maturity, shall we?	скачок во взрослую жизнь, а?
Bon voyage, my little friend! Aw... And	Счастливого пути, малыш! Ах... Вот
that's what happens when Mold matures.'	что бывает, когда Плесень взрослеет.'
Gets me every time...	Меня каждый раз пробивает...
And when that dear little fellow has	А когда этот милый малый
soaked up enough nutrients himself,	сам нажрётся пищи вдосталь,
he'll grow into a Water Lily Bud.'	вырастет в Бутон кувшинки.'
Tap a Water Lily Bud with your pickaxe,	Ткни Бутон кувшинки киркой —
and a monster the likes of which you've'	и вылезет гад, какого ты'
never seen will emerge!	отродясь не видел!
Let's continue our observations,'	Продолжим наши наблюдения,'
And an Aquachnid is born! Marvelous!	И родился Водяной паук! Чудо!
Tapping Water Lily Buds like this is	Тыкать Бутоны кувшинки вот так —
how aquatic monsters are spawned.	так и плодятся водяные гады.
And there's more than one type of Mold'	И Плесень бывает не одной масти,'
too, leading to more possible monsters.	а значит, и гадов больше.
Soil with a plentiful supply of mana	Почва с жирным запасом маны
will produce Mana Mold, as you may	даст Мана-плесень, как ты,
have guessed.	наверное, догадался.
And Mana Mold grows into Mana Lily	А Мана-плесень растёт в Ростки
Shoots, which grow into Mana Lily Buds.	мана-лилии, а те — в Бутоны мана-лилии.
And both types of bud like to float	И оба вида бутонов любят плавать
around soaking up nutrients and mana	и хлебать пищу и ману
from the water.	из воды.
The monsters born from buds depend on	Гады из бутонов зависят от
the type and size of bud.	типа и размера бутона.
So, to summarize, aquatic organisms can	Короче, водяных тварей можно
be spawned through careful water	плодить умным гоном воды
manipulation and Mold management.	и уходом за Плесенью.
Now, onto today's test. Stop groaning,'	А теперь к сегодняшнему тесту. Не ной,'
all I need you to do is make me some	мне от тебя нужны лишь
Aquachnids.	Водяные пауки.
Just use the principles of water	Просто гони воду по правилам
movement to guide your water to some	течения к почве,
nutrient-rich soil.	богатой пищей.
If you get it right, you'll be able to'	Если выйдет — сможешь сидеть'
sit there doing nothing until those	и ничего не делать, пока
Water Lily Buds bloom.	Бутоны кувшинки не расцветут.
Manage your water supply and make 5 Aquachnids!	Гони воду и сделай 5 Водяных пауков!
Goodness! Back for more training, are	Ого! Опять на тренировку,
you? Considering there's no rewards for'	да? Учитывая, что наград за это'
it or anything, I'm impressed!'	ноль, я впечатлён!'
I'd better give you a lesson worthy'	Надо дать урок, достойный'
of such an enthusiastic God of	такого рьяного Бога
Destruction. Um...	Разрушения. Э-э...
Okay, look at this diagram. As you	Ладно, глянь на схему. Как
know, soil is split into various levels.	знаешь, почва делится на уровни.
The levels range from 0 to 3, and	Уровни от 0 до 3, и
different monsters are spawned	разные гады плодятся
depending on the soil's level.'	в зависимости от уровня почвы.'
And the level is dictated by how many	А уровень зависит от того, сколько
nutrients the soil has absorbed.	пищи почва впитала.
Level 0 soil contains no nutrients, and	Почва 0-го уровня — без пищи, и
produces no monsters when excavated.	гадов при копке не даёт.
But as nutrients are absorbed, the	Но как пища впитывается,
level of the soil increases, and the	уровень почвы растёт, и
monsters it makes improve.	гады с неё круче.
The only problem is that most of the	Беда в том, что почти вся
soil in the dungeon is either Level 1	почва в данже — либо 1-го уровня,
or, worse luck, Level 0.	либо, ещё хуже, 0-го.
And you need the tougher monsters to	А тебе нужны крутые гады,
fend off hordes of heroes. So you need	чтобы отбивать орды героев. Значит,
to improve the level of your soil.	надо качать уровень почвы.
Which means pumping it chock-full	То есть накачать её под завязку
of delicious nutrients.	вкуснейшей пищей.
And the key to doing that lies in the	А ключ к этому — в
Slimemosses spawned from Level 1 soil.	слизьмохах с почвы 1-го уровня.
So, first things first, let's dig us up'	Итак, первым делом выкопаем'
a Slimemoss or two.	слизьмоха-другого.
Hello, little one! This is a Slimemoss.	Привет, малыш! Это слизьмох.
You're probably familiar with them from'	Ты их, небось, уже знаешь по'
your training.	тренировкам.
Slimemosses wander the dungeon, and	Слизьмохи бродят по данжу, и
when they come across nutrients, they	наткнувшись на пищу,
suck them straight up.	хлебают её сразу.
And then they wander off,	А потом уползают дальше,
nutrient-laden and extremely pleased	набитые пищей и собой
with themselves. Observe.	страшно довольные. Гляди.
There you go. A Slimemoss, in all its	Вот он. Слизьмох во всей
wobbly, nutrient-gobbling glory.	дрожащей, пищу-жрущей красе.
When Slimemosses suck nutrients from	Когда слизьмохи хлебают пищу из
the soil, they gain vitality.	почвы, им прибывает живучесть.
The process apparently takes a mere	Процесс, видите ли, занимает
microsecond. Let's watch it again.'	микросекунду. Давай ещё раз.'
...Actually, I can't be bothered.'	...Хотя, на самом деле, мне лень.'
After sucking up nutrients, they will	Нахлебав пищу, они ползут
move to another nutrient-rich piece of	к другому пищевому куску
soil and regurgitate them.	почвы и отрыгивают её.
And that's pretty much all a Slimemoss'	И это, в общем, вся жизнь'
can expect from life - carting	слизьмоха — таскать
nutrients back and forth.	пищу туда-сюда.
But thanks to their tireless - and	Но благодаря их неустанному —
mindless - efforts, nutrients move,	и безмозглому — труду пища ходит,
and soil increases in level.	и уровень почвы растёт.
Without these wonder-workers, nutrient	Без этих чудо-работяг круговорот
circulation would cease, and dungeon	пищи встанет, и жизнь данжа
life along with it.	вместе с ним.
Let's take another look at a Slimemoss'	Давай ещё раз глянем слизьмоха'
going about its business.	за его работой.
But this time I'm going to show you'	Но в этот раз я покажу тебе'
the soil's status so you can see the'	статус почвы, чтоб видел,'
nutrients moving.	как ходит пища.
As you just saw, the Slimemoss's'	Как только что видел, отрыгнутая'
regurgitated nutrients added to those	слизьмохом пища добавилась к той,
already present in the soil.	что уже была в почве.
And if enough nutrients are up-chucked	А если на один клочок почвы
onto the same patch of soil, its level	отрыгнуть достаточно, его уровень
will increase.	вырастет.
And when a block of soil's level'	И когда уровень блока почвы'
increases, it will spawn a stronger	растёт, при копке из него
monster when excavated.	вылезет более крутой гад.
Skilful Slimemoss-wrangling is	Умелое пастушество слизьмохов
necessary to circulate nutrients and	нужно, чтобы гонять пищу и
spawn stronger monsters.	плодить более крутых гадов.
But there's something you must know. It'	Но есть кое-что, что ты должен знать. Может'
might hurt your Godly pride, but you	ударить по божественной гордыне, но
need to hear it...	тебе надо это услышать...
Contrary to what you might think,	Вопреки тому, что ты думаешь,
monsters won't do what you tell them -'	гады не делают, что им велишь —'
they have minds of their own.	у них свои мозги.
You have to rein in your almighty urges	Придержи всемогущие порывы
and let them go about their business.	и дай им заниматься своим делом.
But if you do your homework, you'll be'	Но если сделаешь домашку, сможешь'
able to bend them to your world-	согнуть их под свою волю
dominating will.	к мировому господству.
For example, Slimemosses will keep	Например, слизьмохи ползут
moving in the same direction until they	в одну сторону, пока не
bump into a wall.	врежутся в стену.
If you know this, you can dig your	Зная это, можно копать
dungeon in such a way that nutrients	данж так, чтобы пища
are moved where you want them.	шла туда, куда тебе надо.
Give it a go. Dig a corridor that the	Попробуй. Выкопай коридор, по
Slimemosses will circulate the	которому слизьмохи будут гонять
nutrients around in.	пищу по кругу.
If you limit the number of directions a	Если урезать, куда слизьмох
Slimemoss can move in, you can cause	может ползти, можно заставить
nutrients to accumulate.	пищу копиться.
Let me teach you some nice nutrient-	Научи-ка тебя классным формам
building corridor formations. They're'	коридоров под набор пищи. Они'
the same as in the last game...	те же, что в прошлой игре...
First there's the T-shape. It forces'	Сначала Т-образная. Она гонит'
mosses to go along the same path and	мхов по одному пути
back again.	туда и обратно.
Then there's the square. That keeps'	Потом квадрат. Он гоняет'
them going round and round, and	их по кругу-кругу и
circulating nutrients as they go.	разносит пищу по пути.
Last but not least, there's the'	И под занавес —'
C-shape. Mosses move around it, and	С-образная. Мхи ходят по ней
deposit nutrients in the center.	и кладут пищу в центр.
There are others, but you'll have to'	Есть и другие формы, но их'
find out for yourself what they are.	тебе искать самому.
Experience is the best teacher.	Опыт — лучший учитель.
Now, Slimemosses will eventually	А слизьмохи со временем
become flowers, and this also aids	становятся цветами, и это тоже
nutrient circulation.	гоняет пищу.
First they become buds, then flowers.	Сначала бутоны, потом цветы.
Both buds and flowers absorb nutrients	И бутоны, и цветы хлебают пищу
from further away.	издалека.
So their nutrient-absorption range	Так их радиус хлебания пищи
increases like this.	растёт вот эдак.
But, on the other hand, they can no	Зато, с другой стороны, они
longer move, so if they take root in	больше не ползают, и если укоренятся
barren soil, they wither and die.	в пустой почве — чахнут и дохнут.
Let's take a look at the budding and'	Глянем процесс бутонизации и'
flowering process, shall we?	цветения, а?
Slimemosses that take root are unable	Слизьмохи, что укоренились, не
to move, but can absorb nutrients from	ползают, но хлебают пищу
up to two spaces away.	аж с двух клеток.
And once they flower, their nutrient-	А как зацветут, радиус
absorption range increases to	хлебания пищи растёт до
an impressive three spaces.	внушительных трёх клеток.
But as with so many things, these	Но, как и многое на свете, эти
flowers soon wither and die.	цветы скоро чахнут и дохнут.
Such is life...	Такова жизнь...
But all is not lost! The withering	Но не всё пропало! Чахнущие
flowers give birth to more Slimemosses,	цветы рожают новых слизьмохов,
and thus the cycle is maintained.	и цикл крутится дальше.
"He who mastereth the moss mastereth"	«Кто мхом владеет — тот»
the dungeon", they say, and they're not"	и данжем владеет», — говорят, и они не"
wrong.	не врут.
I think it's time for a little test,'	Пора, кажется, на маленький тест,'
don't you?'	правда?'
Oh, shh. It's an easy one. Use the'	Тс-с. Лёгкий. Просто юзай'
Slimemosses to get some soil to Level 2	слизьмохами почву до 2-го уровня
and spawn some Omnoms.	и плоди омномов.
Just use the corridor shapes I taught	Просто юзай формы коридоров, что
you to control how the nutrients	я учил, и рули, как пища
are distributed.	разложится.
Make 10 Omnoms!	Сделай 10 Омномов!
Okay, Lord, your training has been nice	Ладно, Повелитель, тренировка была
and easy until now, but it's time to'	милой и лёгкой, но теперь пора'
take things up a notch.	закрутить гайки.
They're big, they're bad, and they're'	Они большие, злые, и они'
most definitely ugly... It's time to'	определённо уродливые... Пора'
bring on...the heroes!	выпускать... героев!
As I told you way back in Training 01,	Как я говорил ещё в Трен. 01,
they're the idiots who come to the'	это идиоты, что прют сюда в'
dungeon to try and take me away.	данж, чтобы утащить меня.
But we won't let that happen, will we,'	Но мы этого не допустим, да,'
Lord? You'll dig a fiendish dungeon and'	Повелитель? Выкопаешь лютый данж и'
protect me no matter what!	защитишь меня любой ценой!
Okay, let's limber up with a little'	Ладно, разомнёмся маленькой'
dungeon-digging.	копкой данжа.
You haven't forgotten how, have you?'	Ты ж не забыл, как копать, да?'
Just get hammering that □ button to	Просто долби кнопку □, чтобы
swing your pick!	махать киркой!
Hmm. That will do, I suppose.	Хм. Сойдёт, положим.
But it's just a load of empty corridors'	Но это пока пустые коридоры'
at the moment. There's nothing to stop'	на данный миг. Нечем остановить'
those horrible heroes invading.	этих мерзких героев.
We'd better populate it with some'	Надо бы заселить это место'
monsters to make their lives miserable.	гадами, чтоб им жизнь мёдом не казалась.
I've already bored myself silly'	Я уже сам себя занудил'
teaching you how to make them in	уроками, как их плодить, на
earlier training sessions.	прошлых тренировках.
So let's just get on and spawn some'	Так что давай сразу плодить'
beasties, shall we?	тварей, а?
It's a S-S-S-Slimemossss!!!'	Это С-С-С-Слизьмоооох!!!'
But a single Slimemoss isn't exactly'	Но один слизьмох вряд ли всерьёз'
going to put the fear of...you...into a	вгонит страх... тебя... в
hardened hero, now, is it?	закалённого героя, правда?
Get those nutrients moving, and level	Гони пищу и качай
up the soil so you can make some Omnoms.	почву, чтобы плодить омномов.
As you know, Slimemosses suck up	Как знаешь, слизьмохи хлебают
nutrients and spit them out again to	пищу и плюются ею снова,
move them around the dungeon.	гоняя её по данжу.
If enough nutrients are concentrated in	Если пищи скопится в
one place, the soil will level up, and	одном месте, почва качнётся, и
you can make stronger monsters.	можно плодить более крутых гадов.
Level 1 soil makes Slimemosses, but	Почва 1-го уровня даёт слизьмохов, но
you'll need Level 2 soil to make an'	для омнома нужна почва уже'
Omnom appear.	2-го уровня.
Omnoms are a little tougher than	Омномы чуть круче
Slimemosses, and can make light work of	слизьмохов и легко делают фарш
low-end heroes.	из слабых героев.
So you'll need to move some nutrients'	Так что придётся погонять пищу,'
about, but that's all in a day's work	но для тебя это семечки
Take advantage of the Slimemosses''	Выжми толк из безмозглых шагов'
mindless movements to get some soil up	слизьмохов, чтобы довести почву
to Level 2.	до 2-го уровня.
Ah, I see you've made yourself an'	А, вижу, ты себе сварганил'
Omnom. You're a regular master of'	омнома. Прям мастер разводки'
nutrient distribution, My Lord.	пищи, Повелитель.
But monsters alone maketh not a	Но одними гадами данж
dungeon, as you should know.	не делается, как ты должен знать.
Here, let me show you what I mean...	Вот, покажу, о чём я...
When heroes enter the dungeon, the nosy	Когда герои лезут в данж, эти носытые
little beggars search every nook and	попрошайки шарят каждый угол и
cranny to try and find me.	щель, чтобы меня найти.
If you cram everything together right	Если всё запихать сразу
near the entrance, they'll rumble me in'	у входа, они меня расколют'
no time flat.	в два счёта.
But if you wear them out with a long	А если замотать их длинной
and winding wild goose chase, they'll'	извилистой гонкой за призраком, их'
be much easier to outfox.	куда проще перехитрить.
So your best bet is to dig the most	Так что лучший ход — копать
fiendish dungeon you can, and hide me	самый лютый данж и прятать меня
in the furthest-flung corner.	в самом дальнем углу.
Obviously, a sprawling labyrinth of a	Ясно, что раскидистый лабиринт
dungeon will be much harder for you to	данжа тебе самому будет
keep under control, though.	труднее держать в узде.
So you'll need to take care that my'	Так что следи, чтобы моих'
minions aren't being massacred while'	слуг не вырезали в мясо, пока'
your attention is elsewhere.	ты пялишься в другую сторону.
Gah, what am I doing? I've been'	Гах, что я делаю? Я так'
harping on so long that I completely	долго трындел, что совсем
failed to notice...	не заметил...
The heroes! They're here! And they're	Герои! Они тут! И на этот раз
not going to content themselves with	им мало просто
just snooping around this time!	пошариться вокруг!
It's kill or be killed, My Lord! And I'	Убить или быть убитым, Повелитель! И я'
know which I'd rather!'	знаю, что мне милей!'
Don't fail me now! Don't let them get	Только не облажайся! Не дай им
their grubby hands on me, do you hear?	наложить на меня лапы, слышишь?
Take out those horrible heroes!	Прикончи этих мерзких героев!
Greetings, My Lord, and welcome to	Приветствую, Повелитель, и добро пожаловать
Training 08!	на Трен. 08!
Today we're going to be learning about'	Сегодня будем учить про'
evolution, which is- (splutter) Gah!	эволюцию, которая— (кхе) Гах!
Ahem! This diagram shows the various	Кхм! Эта схема показывает разные
stages in the development of what we	стадии развития того, кого мы
know today as the Lizardman.	ныне знаем как Ящера.
You can probably draw a number of very	Ты, небось, сделаешь кучу очень
clever conclusions from looking at it,	умных выводов, глядя на это,
Lord.	Повелитель.
But I'm afraid I have neither the time'	Но у меня нет ни времени,'
nor the inclination to discuss your	ни желания разбирать твои
egg-headed ponderings today.	яйцеголовые мыслишки сегодня.
Now, you might think from the diagram	Теперь, по схеме можно подумать,
that our monsters have all finished	что наши гады уже всё
evolving, but this is not so.	эволюционировали, но нет.
Monsters can become even more advanced	Гады могут стать ещё круче,
when their IQ is increased- Ach!	когда качается IQ— Ач!
(splutter)	(кхе)
We'll discuss what happens when IQ'	Что бывает при росте IQ,'
increases later on.	обсудим позже.
Before that, I need to explain to you	Сначала надо объяснить тебе,
how IQ can be increased.	как IQ вообще качается.
You already learned about the aquatic	Ты уже учил водяных
organisms that can be spawned from	тварей, что плодятся из
Water Lily Buds in Training 03.	Бутонов кувшинки в Трен. 03.
But did you know that when you tap open	Но знал ли ты: если ткнуть
a Water Lily Bud at its largest, a	Бутон кувшинки на максимуме,
fully-formed Water Lily blooms?	расцветает целая Кувшинка?
I bet you want to see one for yourself,	Бьюсь, сам хочешь одну глянуть,
don't you? Well, I certainly do.'	да? Ну я так точно хочу.'
You know the drill - I make them	Знаешь схему — я крашу
yellow, you dig them up. Let's get'	жёлтым, ты копаешь. Поехали,'
started, shall we?	ладно?
Now, our water has produced a nice	Итак, наша вода сварганила нам
Water Lily Bud for us.	славный Бутон кувшинки.
Let's take a closer look at it. It's	Глянем ближе. Он
already pretty big, wouldn't you say?'	уже здоровенный, не правда ли?'
Nutrient-rich earth makes nutrient-rich	Пищевая земля даёт пищевую
water, which produces big buds from the	воду, а та сразу рождает
outset.	здоровенные бутоны.
Now, before you get all upset and	А теперь, пока ты не завёлся и
start saying...	не заныл...
"Ohhh, but I'm no good with all this"	«Оййй, я же ноль в этой всей»
water stuff! I'll never be able to'	водяной мути! IQ мне не прокачать,'
increase IQ! Waaah!!!""	никогда!!! Уаааа!!!»"
Just calm down. You can use Slimemosses	Просто остынь. Можно слизьмохами
to concentrate nutrients in one spot,	сгрузить пищу в одно место,
then get the water flowing.	потом пустить воду.
It's like they say: the best things'	Как говорят: лучшее приходит'
come to those who wait.	к тем, кто ждёт.
Now, if you've quite finished with your'	Ну, если ты закончил свой'
amateur dramatics, I'll continue.'	самодеятельный театр, я продолжу.'
When Water Lily Buds appear, they	Когда появляются Бутоны кувшинки, они
voraciously consume nutrients from the	жадно жрут пищу из
soil and water around them.	почвы и воды вокруг.
Until eventually, they grow to a grand	Пока не вырастут до знатного
old size. That's when you need to give'	размера. Вот тогда их и надо'
them a good old tap.	добром тыкнуть.
Okay, let's sit back and watch the'	Ладно, сидим спокойно и смотрим'
wonders of Water Lily Bud growth for a	чудеса роста Бутона кувшинки
little while, shall we?	чуток, а?
Look at it! It's gloriously enormous!'	Глянь! Он славно-громадный!'
Quick! Tap it! Tap it good!	Живо! Тычь! Тычь как следует!
Behold! It's the flower with the power'	Се! Цветок, чья мощь бьёт'
beyond all flowers! It's a wondrous'	выше всех цветов! Дивная'
Water Lily!	Кувшинка!
The sparkly stuff you saw floating off	Блёстки, что улетели
the top of it is what gets the	с макушки — это то, от чего
monsters' minds working overtime.'	мозги гадов пашут сверхурочно.'
I'm not really sure how it works, so'	Сам не очень врубаюсь, как,'
don't ask.'	так что не спрашивай.'
All you need to know is that when Water	Тебе знать одно: когда
Lilies bloom, monsters get mega-brainy.	Кувшинки цветут, гады — мега-мозги.
And that goes for every single monster	И это на каждого гада
in your whole dungeon. Impressive, eh?	во всём данже. Впечатляет, а?
It takes time and effort to make them	Цвести их долго и муторно,
bloom, but it's an investment that pays'	но это вклад, что платит'
devilish dividends.	дьявольские дивиденды.
And now, for the answer to our initial	А теперь ответ на наш первый
question - what happens when IQ	вопрос — что бывает, когда IQ
increases?	растёт?
Well, your monsters will start behaving	Ну, твои гады начнут вести себя
in ways so clever that you'll drop your'	так умно, что ты выронишь'
pickaxe in amazement!	кирку от изумления!
But I'm afraid that's all I can tell	Но боюсь, на сейчас это всё,
you for the moment. Sorry.	что могу сказать. Сорри.
Okay, to put it more accurately, that's'	Ладно, точнее говоря, это'
all I can be bothered to tell you, but	всё, что мне не лень сказать, но
you know what I mean.	ты понял, о чём я.
Let's just practice making Water Lilies'	Давай пока потренируем, как из'
bloom from Water Lily Buds for now,	бутонов кувшинки делать кувшинки,
You can find out what happens when	Сам узнаешь, что бывает, когда
monster IQ increases for yourself. I	IQ гадов растёт. Я не
can't always be holding your hand.'	всегда буду водить тебя за руку.'
Make a Water Lily!	Сделай Кувшинку!
It's here - the lesson you've all been	Вот оно — урок, которого все
waiting for - it's Training 07, and the'	ждали — это Трен. 07, и сами'
monsters are raring to go!	гады рвутся в бой!
Raring to go out and do what monsters	Рвутся делать то, что гады
do best: fill their bellies!	умеют лучше всего: набить брюхо!
And the first monster itching to get a	А первый гад, что чешется
good feed today is...the Slimemoss!	сегодня жрать... слизьмох!
Ta-daaa!	Та-дааа!
These sucky little so-and-sos just love	Эти сосущие мелкие гады обожают
to drain the soil dry of nutrients!	высасывать почву досуха от пищи!
Okay, who's up next?'	Ладно, кто следующий?'
There's only one way to find out: dig'	Узнать можно только так: копай'
up the squares that I outline in	квадраты, что я обвёл
yellow! Wooo!	жёлтым! Уууу!
What's this I see before me? Could it'	Что это я вижу пред собой? Неужели?'
be? Yes, it's the most standard bug'	Да, это самый обычный жук'
of all - the Omnom!	из всех — омном!
Unlike Slimemosses, these insects are	В отличие от слизьмохов, эти насекомые
unable to absorb nutrients from the	не могут хлебать пищу из
soil that surrounds them.	почвы вокруг себя.
So how do they survive, I hear you ask?	Так как же они живут, слышу вопрос?
Let me tell you with the help	Расскажу с помощью
of...Diagram No. 2!!!	...Схемы № 2!!!
That's right, folks! They...eat'	Точно, народ! Они... жрут'
Slimemosses! Eurgh!	слизьмохов! Блёургх!
Yes, these unfussy eaters keep	Да, эти непривередливые едоки
themselves going by gobbling up our	держатся на плаву, пожирая наших
slimy, bottom-feeding friends!	слизистых донных друзей!
I just know you want to see that in	Я ж знаю, ты хочешь это
action! Your wish is my command! Dig	в деле! Твоё желание — закон! Копай
the yellow soil!	жёлтую почву!
I'll show you the Omnom's status so you	Покажу статус омнома, чтобы ты
can see the vitality-boosting action as	видел, как прыгает живучесть,
it happens!	прямо в моменте!
And without a moment's hesitation, the'	И без секунды сомнения тот'
Omnom tucks into a hearty meal of	омном вгрызается в сытный обед из
still-squirming Slimemoss!	ещё дёргающегося слизьмоха!
And did you notice his vitality	И ты заметил, как ему
increasing when he did so? I thought	прибыла живучесть? Я так и думал,
you did, you clever Lord!	умница ты, Повелитель!
This is how it works - monsters gain	Работает так — гады копят
vitality by eating those smaller and	живучесть, жря тех, кто мельче и
weaker than themselves.	слабее их самих.
And so on, all the way up the chain -	И так далее, вверх по цепи —
the dungeon food chain!	пищевой цепи данжа!
No matter how strong a monster may be,	Каким бы крутым ни был гад,
without a regular supply of food, it	без регулярной жрачки он
will starve to death.	сдохнет с голоду.
Controlling the numbers of eaters and	Так что рулить числом жрущих и
eaten is therefore one of your most	жраных — одна из твоих самых
important tasks.	важных задач.
Now, as you may or may not know, when	Теперь, знаешь или нет, когда
an Omnom has eaten enough, it turns	омном нажрался вдосталь, он становится
into a pupa and awaits adulthood.	куколкой и ждёт взрослой жизни.
And when the time is right, out flies	А в свой час вылетает
the Omnom in a fantastic new form.	омном в фантастической новой форме.
Insect to pupa to adult - thus is the	Жук — куколка — взрослый: таков
omnom's path through its fleeting'	путь омнома в его мимолётной'
life.	жизни.
Let's pupatify!!!'	Куколкуем!!!'
So, we've got ourselves a pupa, now'	Итак, куколка у нас есть, теперь'
let's wait and see what emerges.'	ждём, кто из неё вылупится.'
Look at that! Ain't she a beauty?'	Глянь-ка! Красотка, а?'
Congratulations, you've made yourself'	Поздравляю, ты сварганил себе'
an Omnom Fly!	Муху-омнома!
Not only are these winged wonders	Эти крылатые чудеса не только
tougher than Omnoms, they buzz about	круче омномов, они ещё жужжат
giving birth to them too.	и рожают их.
And they also eat Slimemosses, so with	И тоже жрут слизьмохов, так что
a good supply of those, you can be	при добром запасе тех ты мигом
insect-riddled in no time.	станешь кишмя-кишмя насекомыми.
You want to make yourself a little	Хочешь сколотить себе маленькую
insect army and send them on the	насекомую армию и пустить её
rampage, don't you?'	в разнос, да?'
I thought you might want to do	Я так и думал, что захочешь
something nice and Godly like that,	чего-то этак божественно-гадкого,
so I prepared some heroes for you.	поэтому приготовил тебе героев.
A good-sized gang of insects should	Добрая банда насекомых должна
make mincemeat of them, so get spawning!	сделать из них фарш, так что плоди!
Mess those heroes up good!	Искалечь этих героев как следует!
Oh, it's you My Lord. Hello, and'	О, это ты, Повелитель. Привет, и'
welcome to Training 09. Let's get down'	добро пожаловать на Трен. 09. К делу,'
to business, shall we?	ладно?
I'm sure you're well aware by now that	Ты уж в курсе, что
different monsters appear when you dig	разные гады лезут, когда копаешь
up soil of different levels.	почву разных уровней.
And that the monster that appears when	И что гад, который лезет, когда
you dig up Level 3 soil is none other	копаешь почву 3-го уровня, — не кто иной,
than the formidable Lizardman.	как грозный Ящер.
These cold-eyed killers may be the hard	Эти хладноглазые киллеры — крутые
men of the dungeon, but they're also'	мужики данжа, но и плодить'
pretty hard to spawn.	их тоже трудновато.
Bringing soil up to Level 3 involves	Довести почву до 3-го уровня — это
skilful and patient exploitation of the	умелая и терпеливая эксплуатация
nutrient delivery system.	системы доставки пищи.
By which I mean that if you don't rule'	То есть если не править'
your Slimemosses with an iron fist, you	слизьмохами железной рукой, про
can forget about Lizardmen!	ящеров забудь!
The best technique is to set your	Лучший приём — выбрать
sights on a patch of soil, and force	клочок почвы и заставить
your Slimemosses to revisit it.	слизьмохов ходить туда снова.
Actually, it's probably easier to'	На самом деле, проще показать,'
show you than tell you. Here...	чем рассказывать. Вот...
You can do something like this...	Можно вот так...
...or this...	...или так...
...or this. These are my top	...или так. Это мои топ
tunneling tips.	советы по тоннелям.
You've probably seen them before. In'	Ты их, небось, уже видел. Более'
fact, I know you have, because I showed	того, знаю, что видел — я ж показывал.
you. Just remember them, okay?	Просто запомни, ладно?
Right, I'm going to get you to do some'	Так, сейчас я заставлю тебя'
more digging.	ещё покопать.
Dig the yellow square I highlight, and	Копай жёлтый квадрат, что подсвечу, —
a Slimemoss will appear and start	выйдет слизьмох и начнёт
moving nutrients about the place.	гонять пищу по округе.
Hello there, little one. Would you mind	Привет, малыш. Не затруднит
getting some nutrients circulating	погонять для нас немного
for us?	пищи по кругу?
And you, My Lord. Wait until some Level	А ты, Повелитель. Жди, пока
3 soil appears and then dig it up.	появится почва 3-го уровня, и копай.
Ready? Good. Get to work!	Готов? Добро. За работу!
And there you have it - a real live	И вот он — живой
Lizardman!	Ящер!
Managing nutrient circulation is an	Рулить круговоротом пищи —
essential skill. Without it, world	навык на вес золота. Без него
domination cannot be achieved.	мировое господство не взять.
And that's the worst part - I have to'	И хуже всего — мне приходится'
rely on you to learn to do it properly.	надеяться, что ты это нормально выучишь.
I hope you feel suitably put-upon.	Надеюсь, ты чувствуешь груз как надо.
Anyway, that's enough about nutrient'	Ладно, хватит уже про рулёж'
management. Let's talk about my'	пищей. Поговорим о моей'
favorite subject: breeding!	любимой теме: размножение!
Lizardmen are monsters like any other,	Ящеры — гады как любые другие,
and as such, they have their place in	и у них своё место в
the dungeon food chain.	пищевой цепи данжа.
And they must eat and live and	И они должны жрать, жить и
reproduce, just like any other	плодиться, как любая другая
dungeon life form.	жизнь данжа.
Their diet chiefly consists of Omnoms	В рационе в основном омномы
and Omnom Flies. Mmmm!	и Мухи-омномы. Мммм!
Now, take a look at this exciting	А теперь глянь на эту захватывающую
diagram. Ta-daa!	схему. Та-даа!
As you can see, the food chain is a	Как видишь, пищевая цепь —
very delicate system, and if one part	система нежная, и если одно звено
fails, the whole chain collapses.	сбоит, рушится вся цепь.
If Slimemosses become extinct, Omnoms	Если слизьмохи вымрут, омномы
starve and become extinct also.	сдохнут с голоду и тоже вымрут.
And, as any fool knows, no Omnoms	А любой дурак знает: нет омномов —
means a swift and unhappy end for	и ящерам скорый и грустный
Lizardmen as well.	конец тоже.
We wouldn't want you left lonely after'	Не хотелось бы, чтоб ты остался один'
going to all the trouble of spawning a	после всей мороки с плодным
fine horde, would we, Lord?	орды, правда, Повелитель?
If you don't want that to happen,'	Если не хочешь, чтобы так вышло,'
you'll have to keep a constant and'	тебе придётся без устали и'
careful eye on population balance.	зорко следить за балансом популяции.
Now, let me explain a little to you	А теперь чуть объясню,
about how Lizardmen breed. Don't worry,'	как ящеры плодятся. Не бойся,'
it's not too disgusting.'	не слишком противно.'
It's better that you see it in action,'	Лучше глянуть это в деле,'
rather than me have to talk you through	чем мне разжёвывать тебе
all the gory details, though.	все кровавые детали.
The first thing a Lizardman must do if	Первое, что ящер должен сделать,
he wishes to reproduce is build himself	если хочет плодиться, — свить себе
a nice, cozy nest.	уютное гнёздышко.
When he finds a suitable stretch of	Когда найдёт подходящий кусок
open space, he'll settle down'	открытого места, сразу'
straight away. Observe.	осядет. Гляди.
Look at that! Our reptilian friend has	Глянь! Наш рептильный друг свил
built himself a home fit for a king.	себе дом, достойный короля.
Well, an earl maybe...	Ну, графа, может...
And once his home is completed, he sets	А как дом готов, он
about patrolling the perimeter for	патрулирует периметр от
intruders.	нарушителей.
Then, when he's eaten enough Omnoms,'	Потом, нажравшись омномов,'
he'll go back to his nest and lay a'	вернётся в гнездо и снесёт'
great big Lizardman egg.	здоровое яйцо ящера.
Let's give him some Omnoms to eat so we'	Дадим ему омномов пожрать, чтобы'
can see the reproductive process in	глянуть процесс размножения
action.	в деле.
I've prepared some for you, so just dig'	Я тебе парочку заготовил, так что копай'
away those two yellow squares and set	те два жёлтых квадрата и
them loose.	выпусти их.
Eggstraordinary!	Яйцепительно!
And when the time comes, the egg will	А когда срок придёт, яйцо
hatch, and out will pop a bouncing baby	вылупится — и выскочит малыш
The only limit to the number of	Единственный лимит на число
Lizardmen is the number of Omnoms	ящеров — это число омномов,
available for them to eat.	которых им есть.
But beware! Too large a Lizardman	Но берегись! Слишком жирная популяция
population will obliterate your Omnoms	ящеров сметёт твоих омномов
and leave themselves starving.	и сама останется голодной.
As ever, you must build your dungeon	Как всегда, строй данж
with balance in mind, or see it fall	с балансом в уме, или смотри,
to ruins before your eyes.	как он рухнет у тебя на глазах.
A well-balanced monster population will	Сбалансированная популяция гадов
circulate plenty of nutrients, and	будет гонять полно пищи и
stand less chance of extinction.	реже вымрет подчистую.
Now, I'd like you to practice what I'	А теперь практикуй, что я'
preach: make 5 Lizardmen, and keep your	проповедую: сделай 5 Ящеров и держи
population nicely balanced.	популяцию в красивом балансе.
I recommend that you bring the first	Советую первых
few forth from the soil, then let	выкопать из почвы, а остальных
them breed to make the rest.	пусть сами народят.
Oh, and I almost forgot - Omnoms eat	О, чуть не забыл — омномы жрут
Lizardman eggs, so keep a careful eye	яйца ящеров, так что за этим
out for that too!	тоже глаз да глаз!
Make 5 Lizardmen!	Сделай 5 Ящеров!
At last! Our training sessions have	Наконец-то! Наши тренировки
reached double figures! I have no idea	дошли до двузначных! Понятия не имею,
why that's good, but well done!'	почему это круто, но молодец!'
So far, I've talked about nutrients'	До сих пор я трындел про пищу'
until I'm blue in the face.'	до посинения.'
Today I'm going to talk about their'	Сегодня я потроллю про их'
magical equivalent, mana, until I'm'	магический аналог, ману, тоже до'
blue in the face instead.	посинения.
Let's begin. Now, just as there is soil'	Начнём. Как есть почва'
containing nutrients, there is also	с пищей, так есть и
soil that contains mana.	почва с маной.
It looks different enough that even a	Выглядит достаточно иначе, что даже
dullard can tell the difference. Here,	тупица отличит. Вот,
have a look.	глянь.
See? You can tell at a glance if soil	Видишь? С первого взгляда ясно, есть в
contains nutrients or mana.	почве пища или мана.
And as you would expect, mana-rich soil	И как ожидаешь, мана-почва
spawns different monsters from	плодит других гадов, чем
Why don't you take a look for yourself?'	Почему бы тебе самому не глянуть?'
Dig up the yellow block for me, would	Выкопай мне жёлтый блок,
you?	ладно?
That, My Lord, is a Spirit, the most	Это, Повелитель, Дух, самая
basic of the mana-based life forms.	базовая из мана-тварей.
Okay, that's Spirits. Next, let's look	Ладно, это Духи. Дальше глянем,
at how mana-rich soil of different	как выглядит мана-почва разных
levels appears. Voila!	уровней. Вуаля!
As with nutrient-rich soil, mana-rich	Как и пищевая почва, мана-
soil ranges from Level 0 to Level 3.	почва бывает от 0-го до 3-го уровня.
You just dug up some Level 1 soil.	Ты только что копнул почву 1-го уровня.
And as with nutrient-rich soil, each	И как с пищевой почвой, каждый
level of mana-rich soil produces	уровень мана-почвы плодит
Okay, pop quiz: how can mana-rich soil	Так, блиц: как прокачать мана-почву
be leveled up?	по уровню?
1: Tap ○ and △ really quickly.	1: Жать ○ и △ очень быстро.
2: Use Spirits to distribute mana.	2: Гонять ману Духами.
3: Don't be stupid, you can't level up	3: Не тупи, почву не прокачать,
soil. It's just soil.'	она просто почва.'
And the answer iiiiiis...	И отвееееет...
Yes, it's number 2: use Spirits to'	Да, это номер 2: гонять ману'
distribute mana! Did you get it right?	Духами! Угадал?
Spirits absorb and deposit mana as they	Духи впитывают и кладут ману, пока
move throughout the dungeon.	ходят по данжу.
So they're basically the'	То есть они, по сути,'
mana-distributing equivalent of	мана-двойники разносчиков
Let's look at them in action. I'll show	Глянем их в деле. Покажу
you some Spirits distributing mana.	тебе Духов, что разносят ману.
And I'll show you their status as well'	И статус их тоже покажу тебе,'
so that you can see the mana moving.	чтобы видел, как ходит мана.
There you go. The Spirit has sucked up	Вот. Дух нахлебал
some mana. Now let's watch it spit it'	маны. Теперь глянем, как он её'
out again.	выплюнет обратно.
This time I'll show you the status of'	На этот раз покажу статус'
the soil so you can still see the mana	почвы, чтобы ты всё равно видел, как мана
moving.	ходит.
Yes! The soil has absorbed enough mana	Да! Почва впитала маны
to reach Level 2!	хватит до 2-го уровня!
This is how mana is distributed around	Вот так мана разносится по
the dungeon. Manage your Spirits, and	данжу. Рули Духами — и
you can manage your mana.	будешь рулить маной.
It's pretty much identical to how'	Почти точь-в-точь так же, как'
nutrients are distributed and managed.	разносят и рулят пищей.
The only annoying difference is that	Единственная пакость: мана
mana doesn't occur naturally in the'	сама по себе в почве данжа не'
soil of the dungeon.	водится.
The main way in which mana enters the	Главный путь маны в
soil is when heroes use skills and	почву — когда герои жгут навыки и
abilities nearby.	силы рядом.
And when heroes are defeated, mana is	А когда героев бьют, мана
also dispersed into the surrounding	тоже сыпется в окружающую
soil.	почву.
Think of it as like nutrients, but	Думай как про пищу, только
rarer and more valuable.	реже и ценнее.
Oh, and one more thing.	О, и ещё одно.
Take a look at the status of this soil.	Глянь статус этой почвы.
It has the appearance of a piece of	С виду кусок
mana-rich soil, but it also contains	мана-почвы, но в ней ещё есть
That's right - soil can contain both'	Точно — в почве могут быть сразу'
nutrients and mana at the same time!	и пища, и мана!
But it will only ever give the	Но с виду она всегда будет
appearance of whichever it contains	той, чего в ней
more of.	больше.
So either nutrients or mana take	Так что либо пища, либо мана
precedence, depending on which is more	берёт верх, смотря чего
plentiful.	жирнее запас.
And in soil with near-equal levels of	А в почве, где их почти поровну,
the two, a monster's smallest action'	того и другого малейший жест гада'
can change things in a second.	может всё сменить за секунду.
For this reason, great care must be	Потому с мана-почвой надо
taken when handling mana-rich soil.	обращаться очень осторожно.
Now that you've learned so much about'	Раз ты столько про ману выучил,'
mana, it's time for a test! Hooray!'	ману, пора на тест! Ура!'
Now, listen carefully.	А теперь слушай внимательно.
I'd like you to make 10 of these'	Хочу, чтобы ты сделал 10 таких'
monsters. They're called Liliths, and'	гадов. Их зовут Лилит, и'
they're spawned from Level 2 soil.'	они плодятся с почвы 2-го уровня.'
Spirits move in exactly the same way as	Духи ходят ровно так же, как
So distributing mana can be managed in	Так что ману можно разводить
exactly the same way as distributing	ровно так же, как разводишь
Liliths eat Spirits, and give birth to	Лилит жрут Духов и рожают ещё
more Liliths, so you can exploit this	Лилит, так что этим
fact as well.	тоже можно юзать.
That's enough help from me.'	Хватит с меня подсказок.'
Get out there and get it done!	Выметайся и сделай это!
Make 10 Liliths!	Сделай 10 Лилит!
Here we go. It's time for Training 11,'	Поехали. Настал час Трен. 11,'
and for me to talk myself silly once	и мне опять трепаться
again.	до посинения.
And today I'll be talking about demons,'	А сегодня речь про демонов,'
the inhabitants of the mysterious	обитателей таинственных
worlds beyond our own.	миров за нашим.
Okay, let's cut to the chase. Dig up'	Ладно, ближе к делу. Копай'
this piece of Level 3 soil I've'	этот кусок почвы 3-го уровня, что я'
prepared.	заготовил.
I've colored it yellow like I always'	Я как всегда выкрасил её'
do. Just give it a whack!	жёлтым. Просто долбани!
Wh-What!? That's not a Lizardman! It'	Ч-Что!? Это не Ящер! Должно'
must be a bug! Aww, I hate writing bug	быть, баг! Уу, ненавижу писать баг-
reports!	репорты!
Ha ha ha. Only joking! Pretty funny,	Ха-ха-ха. Шутка! Смешно,
eh, Lord?	а, Повелитель?
This is a rune. Think of it as a door	Это руна. Думай о ней как о двери
to a nearby dimension.	в соседнее измерение.
Beautiful, isn't it? Just look at that'	Красивая, правда? Глянь только этот'
foreboding glow... Want to learn how to	зловещий свет... Хочешь научиться
make one? Here you go!	делать? Вот так!
Runes appear when you dig away a block	Руны появляются, когда откапываешь блок
of Level 3 soil with no other soil	почвы 3-го уровня, и вокруг
around it.	больше нет почвы.
It doesn't matter whether it's mana-	Не важно, мана-
rich or nutrient-rich soil, as long as	она или пищевая, лишь бы
it's Level 3 and in open space.'	был 3-й уровень и открытое место.'
Once you've made one appear, just take'	Как появилась — просто глубоко'
a deep breath and tap it, and...	вдохни, тыкни, и...
Dun-da-dun-dun-duuuuun! Demons from	Дун-да-дун-дун-дуууун! Демоны из
another dimension!	другого измерения!
Oh, and there's another great thing'	О, и ещё одна крутая фишка'
about runes.	у рун.
They suck in any Spirits who happen to	Они всасывают любых Духов, что
pass by.	мимо проходят.
It might not sound good, but you'll'	Звучит не ахти, но увидишь.'
see. Dig up the yellow earth and we'll'	Копай жёлтую землю — и будет'
have us a Spirit to sacrifice!	Дух на заклание!
There, the rune sucked in the	Вот, руна всосала
unsuspecting Spirit. And did you notice	ничего не подозревающего Духа. И ты заметил,
its mana increased as well?	мана у неё тоже выросла?
That's what runes do - they suck up'	Вот что делают руны — сосут'
Spirits and accumulate mana.	Духов и копят ману.
Let's feed our rune a few more,'	Давай ещё парочку скормим руне,'
Observe - the rune has changed color!	Глянь — руна сменила цвет!
As you can see, runes change type	Как видишь, руны меняют тип
and mana they contain.	и запас маны внутри.
If you want to see different demons,	Хочешь разных демонов —
you'll have to experiment with'	придётся экспериментировать с'
varying amounts of both.	разными дозами того и другого.
But, and it's a big but, Slimemosses'	Но, и это жирное но, слизьмохов'
don't get sucked into runes, so you'	руны не сосут, так что пищу'
can't increase nutrients.'	не нарастишь.'
If you want to make a nutrient-rich	Хочешь пищевую
rune, you'll have to pump the soil full'	руну — сначала накачай почву'
of nutrients first.	пищей под завязку.
Okay, let's break open our dimensional'	Ладно, взломаем наше мерное'
doorway and see who appears.	дверце и глянем, кто вылезет.
Go on, give that rune a tap!	Давай, тыкни ту руну!
What do you know! It's a type of demon'	Ишь ты! Это такой вид демона'
called a Diabro! He hasn't emerged from'	по имени Диабро! Он из комнаты не выходил'
his room for years, you know...	годами, знаешь ли...
So, that's pretty much the deal as far'	Так что, в общем, вот и вся кухня'
as runes and demons are concerned.	рун и демонов.
And yes, you've guessed it, that means'	И да, ты уже догадался: это значит'
it's...test time!'	пора... тест!'
Don't be like that! All I want you to'	Не кисни так! Мне от тебя'
do is make me one Diabro and 2	нужен один Диабро и 2
Wookiemons. That's only 3 demons.'	Вукимона. Всего 3 демона.'
First you'll need to dig away the earth'	Сначала откапай всю землю'
around a piece of Level 3 soil to make	вокруг куска почвы 3-го уровня, чтобы
a rune.	сделать руну.
You can summon Wookiemons from the red	Вукимонов зовёшь из красных
runes that appear when you do that.	рун, что при этом появляются.
But you'll need a rune to accumulate'	Но руне надо ещё накопить'
some mana before you can summon a	руне надо накопить
Diabro.	маны.
And for that, you'll need your rune to'	А для этого твоей руне надо'
suck up some Spirits.	всосать немного Духов.
Oh, and it'll go purple when it's	О, и она станет фиолетовой, когда
soaked up enough to Summon a Diabro.	насосётся хватит на призыв Диабро.
Right, that should be enough for you to	Ладно, этого тебе должно хватить
be going along with. Good luck, Lord.	на старт. Удачи, Повелитель.
Not that you'll need it...'	Не то чтобы она тебе нужна...'
Summon 1 Diabro and 2 Wookiemons!	Призови 1 Диабро и 2 Вукимона!
Many years ago, in a land far away...	Много лет назад, в краю далёком...
A hero and a Dragon were locked in an	Герой и Дракон сошлись в
endless battle.	бесконечной битве.
The people were wild with enthusiasm,	Народ сходил с ума от восторга,
singing his praises and holding feasts	пел ему хвалу и закатывал
in his honor.	пиры в честь.
Yes, that Dragon became just about the	Да, тот Дракон стал едва ли не
most popular monster who ever lived.	самым популярным гадом из всех живших.
And to this day, Dragons are still	И по сей день Драконов
loved by everyone in the Underworld.	любят все в Подземелье.
I bet you want one now too, don't you?'	Бьюсь, тебе тоже один захотелось, да?'
Well you'll need to dig up some Level 3'	Ну тогда сначала копни почву 3-го'
mana-rich soil first.	уровня с маной.
Level 3 mana-rich soil is a bit of a	Мана-почва 3-го уровня — ещё тот
tall order, but manage your Spirits	квест, но рули Духами
wisely, and it can be done.	умно — и выйдет.
How about we give you a chance to	Давай сначала дадим тебе
try one out first, then you can	попробовать одного, а своего
make your own later, hm?	сваришь потом, а?
You can get an idea of how they taste,	Поймёшь, какой у них вкус,
and the texture, and...	текстура, и...
Ha ha! Only joking!	Ха-ха! Шутка!
Okay, first things first, we need some	Ладно, первым делом нужна
Level 3 mana-rich soil.	мана-почва 3-го уровня.
It's simply a matter of managing mana'	Это просто рулёж разводки'
distribution. It's not so hard.'	маны. Не так уж сложно.'
Okay, dig up the yellow soil I	Ладно, копай жёлтую почву, что
highlight and get the Spirits moving.	подсвечу, и гони Духов.
And there you have it!	И вот оно!
Level 3 mana-rich soil!	Мана-почва 3-го уровня!
Go ahead and dig it up, Lord.	Давай, копай, Повелитель.
Oh, yes! That's the way to do it!'	О да! Вот это я понимаю!'
Now, take a look at this diagram.	А теперь глянь на эту схему.
A Dragon's fiery breath attack works as'	Огненное дыхание Дракона бьёт так,'
depicted in the picture above.	как на картинке сверху.
Weaker heroes can't even come near a'	Слабые герои даже близко не подойдут к'
Dragon's breath, or they'll be	дыханию Дракона — сгорят.
frazzled. Serves them right!	Так им и надо!
Okay, it's time for me to tell you the'	Ладно, пора сказать тебе самое'
most important thing about Dragons.	важное про Драконов.
Dragons can't move up or down. They're	Драконы не ходят вверх-вниз. Они
strictly horizontal beings.	строго горизонтальные твари.
So you have to place them where heroes	Так что ставь их там, где героев
will be forced to walk horizontally as	тоже заставит ходить
well.	горизонтально.
Another thing is that Dragons will eat	Ещё: Драконы сожрут
pretty much any other monster they come	почти любого гада, на которого
across.	наткнутся.
Only runeborn monsters are spared,	Только рунородных щадят,
probably due to their otherworldly	наверное из-за загробного
taste. They eat everything else.	вкуса. Остальных жрут.
And they'll toast anything that crosses'	И поджарят всё, что пересечёт'
their path, be it monster, hero or	путь: гада, героя
anything else.	или что угодно ещё.
So if you're going to bring a'	Так что если собираешься тащить'
Dragon into the Underworld, you have	Дракона в Подземелье, будь
to be very careful.	очень осторожен.
Wha-!? My Lord, a dragon-hunting hero	Чт-!? Повелитель, герой-охотник на драконов
is headed this way! What are we to do?	прёт сюда! Что делать?
Ha! What am I thinking? Foolish	Ха! О чём это я? Глупый
Overlord! We'll teach him the power'	Повелитель! Научим его мощи'
of Dragons, of course!	Драконов, конечно!
Get digging up Level 3 mana-rich earth!	Копай мана-землю 3-го уровня!
Let's give him a fiery welcome he'	Устроим ему огненный приём, который'
won't forget!'	он не забудет!'
Frazzle the Dragon Hunter!	Подпали Охотника на драконов!
Wow. This is our thirteenth training	Ого. Это наша тринадцатая тренировка.
session. Can you even remember the	Ты вообще помнишь
first one? I can't.'	первую? Я нет.'
Anyway, today I'll be giving you a'	Ладно, сегодня я прочту тебе'
highly detailed and scientific lecture	очень подробную и научную лекцию
on the subject of stress.	на тему стресса.
Everyone gets stressed under pressure,	Все под давлением стрессуют,
and many go bald, or get fat, or get	и многие лысеют, жиреют или
really thin. Or die.	худеют в нитку. Или дохнут.
And monsters are no exception. Well,	И гады не исключение. Ну,
they don't go bald, but... Ach, you'	лысеть они не лысеют, но... Ач, ты'
know what I'm getting at.'	понял, к чему я.'
Anyway, let's have a look at what'	Ладно, давай глянем, от чего'
stresses monsters out...	гады стрессуют...
Coping with Stress	Как жить со стрессом
Death. Unsurprisingly, death is	Смерть. Что неудивительно, смерть —
what stresses them out.	вот что их стрессит.
When a monster dies, all other monsters	Когда гад дохнет, у всех других гадов
of the same species' stress levels'	того же вида уровень стресса'
increase.	растёт.
Whether it's <col:255,0,0,255>death by hero</col>, being <col:255,0,0,255>eaten</col>'	Будь то <col:255,0,0,255>смерть от героя</col>, быть <col:255,0,0,255>съеденным</col>'
by other monsters, <col:255,0,0,255>starvation</col>, or being	другими гадами, <col:255,0,0,255>голод</col> или
<col:255,0,0,255>culled</col> by you, Lord...	<col:255,0,0,255>прореживание</col> тобой, Повелитель...
No matter what the cause of death, it	Какая б ни была причина смерти, она
causes stress amongst monsters of the	сеет стресс среди гадов
same species.	того же вида.
And when stress increases, breeding is	А когда стресс растёт, размножение
affected.	страдает.
The higher the stress levels of a	Чем выше стресс
species, the higher the chance of pure	вида, тем выше шанс, что плодятся
breeds being spawned.	чистые.
Pure breeds are intensely annoying	Чистые — это дико бесячие
innocents who refuse to <col:255,0,0,255>prey on others</col>	невинные, что отказываются <col:255,0,0,255>жрать других</col>
or to <col:255,0,0,255>breed</col>. Ugh.	или <col:255,0,0,255>плодиться</col>. Угх.
You might think they sound cute now,	Сейчас они звучат мило,
but try telling me that when they've'	но попробуй сказать это, когда они'
ruined your food chain.	угробили твою пищевую цепь.
So that's stress for you - it's a right	Вот тебе стресс — та ещё
pain. But what happens when it reaches	боль. Но что, когда он
its peak?	на пике?
Mutation, that's what.'	Мутация, вот что.'
Monsters will mutate into new forms to	Гады мутируют в новые формы,
try and avoid dying of the same cause	чтобы не дохнуть от одной и той же причины
again and again.	снова и снова.
And the form they mutate into will	А форма, в которую мутируют,
depend on how their companions died.	зависит от того, как сдохли товарищи.
Take a look at this.	Глянь сюда.
So, we have death, the cause of stress,	Итак: смерть, причина стресса,
and two possible mutations, depending	и две возможные мутации, смотря
on the cause of death.	от чего сдохли.
Abnormal breeds arise when a species	Аномальные породы появляются, когда вид
evolves status-abnormality-causing	качает силы статус-аномалий,
powers to fend off <col:255,0,0,255>predators</col>.	чтобы отбивать <col:255,0,0,255>хищников</col>.
Giant breeds arise when a species	Гигантские породы — когда вид
evolves to store more nutrients or mana	качается копить больше пищи или маны,
in order to avoid <col:255,0,0,255>starvation</col>.	чтобы не сдохнуть от <col:255,0,0,255>голода</col>.
So mutation is essentially a way for a	Так что мутация, по сути, способ
species to survive by adapting to its	виду выжить, подстроившись под
environment.	среду.
But the bonus is that a species levels	Бонус в том, что вид качается
up by 1 when it mutates.	на 1 уровень, когда мутирует.
So deliberately inducing mutation can	Так что нарочно гнать мутацию —
be a clever way to improve the might of	умный ход, чтобы усилить мощь
my horde of minions.	моей орды слуг.
And there are even some levels that can	И есть уровни, до которых
only be reached through mutation.	добраться можно только мутацией.
I know! Exciting, isn't it?'	Знаю! Заводит, правда?'
But!	Но!
Don't forget that the closer you get to'	Не забудь: чем ближе ты к'
the point of mutation, the more pure	точке мутации, тем больше
breeds will appear.	чистых повылезает.
If your timing's off, your food chain'	Промахнёшься с таймингом — пищевая цепь'
could be ruined, and your horde	рухнет, и орду
wiped out.	вынесут подчистую.
All of which makes manipulating stress	Всё это делает рулёж стрессом
levels to induce mutation a rather	ради мутации довольно
risky business.	рискованным делом.
Oh, and by the way, each new member of	О, и кстати: каждый новый член
a species spawned reduces stress levels	вида чуть-чуть
slightly.	сбивает стресс.
So if you want to hold off the tide of	Так что если хочешь сдержать вал
mutation, a baby boom is the only	мутации, бэби-бум — единственный
way to do it.	способ.
And even then you might not have the	И даже тогда ресурсов может
resources, so get used to the idea that	не хватить, так что свыкнись: мутация
mutation might be unavoidable.	может быть неизбежна.
Now, let's give you a little taste of'	А теперь дам тебе чуть вкуса'
the marvels of mutation, shall we?	чудес мутации, а?
Let's see... Well, there's a lot of	Так-с... Ну, омномов полно,
Omnoms, so maybe just sit back and	так что пока просто сиди и
watch for a while first.	смотри.
Try not to dig any soil up either. Do	И почву лучше не копай. Сделаешь
that, and you should see signs of	так — скоро увидишь знаки
impending mutation soon.	грядущей мутации.
Once that happens, start steadily	А как это случится, начни ровно
digging away and increasing your Omnom	копать и растить популяцию
population.	омномов.
Get it right, and you'll be the proud'	Выйдет — будешь гордым'
owner of a magnificent mutated Omnom!	хозяином великолепного мутировавшего омнома!
Right, on your marks...	Так, на старт...
Get set...	Внимание...
Cause the Omnoms to mutate!	Заставь Омномов мутировать!
Ahh, our last training session...	Ах, наша последняя тренировка...
Shame. Right, let's get on with it'	Жаль. Ладно, давай поехали'
Today I'm going to talk to you all'	Сегодня я расскажу тебе всё'
about heroes, those horrible	про героев, этих мерзких
dungeon-invading do-gooders.	святош, что лезут в данж.
Since the turn of the century, hero	С начала века исследования
research has come along in leaps and	героев шагнули вперёд
bounds.	семимильными.
And I'm going to share with you some of'	И я поделюсь с тобой частью'
the latest findings. First, let's look'	свежайших находок. Сначала глянем,'
at how they move.	как они ходят.
The hapless fools may look like they	Эти горемычные дурни с виду просто
just wander around the dungeon willy-	шатаются по данжу как попало,
nilly, but that's not quite the case.'	но это, ясное дело, не совсем так.'
Our researchers have discovered that	Наши исследователи открыли, что
they in fact have a hierarchy of	у них на самом деле иерархия
directional preference!	предпочтений направления!
So, if the hero in our diagram reached	Так, если герой на нашей схеме дошёл
a crossroads, he would always search to	до развилки, он всегда шарит
the right first.	сначала направо.
And when he came back again, he'd'	А как вернётся обратно, будет'
search to the left, and finally, he'd'	шарить налево и, наконец,'
head downward.	пойдёт вниз.
If we know this fact, we can use it	Зная этот факт, можно юзать его
to our advantage.	в свою пользу.
For example, we can split up groups	Например, можно раскидать группы
of heroes who arrive in parties and	героев, что приходят партиями, и
deal with them individually.	бить их поодиночке.
By building a dungeon that doesn't go'	Строя данж, который не идёт'
in a straight line, but branches off in	прямой, а ветвится в
many different directions...	кучу разных сторон...
We can send each hero off on his own	Можно отправить каждого героя в его
individual wild-goose chase. Give it a	личную гонку за призраком. Попробуй,
try, it's immensely satisfying.'	это дико кайфово.'
Now let's talk a little about the aims'	А теперь чуть поговорим про цели'
of the heroes who come to invade your	героев, что лезут в твоё
space.	пространство.
It goes without saying that their main	Само собой, их главная
aim is to capture yours truly and drag	цель — сцапать вашу покорность и тащить
me off to face "justice".	меня на «правосудие».
But there are also some free-thinking	Но есть и свободомыслящие
heroes out there with aims all their	герои со своими
own.	целями.
And these rampant individualists will	И эти буйные индивидуалисты с
happily leave the dungeon as soon as	радостью свалят из данжа, едва
their goals are completed.	их цели выполнены.
Sounds good, doesn't it?'	Звучит сладко, правда?'
Well, it is - for every hero whose goal	Ну, так и есть — на каждого героя, чья цель
is a nice walk, there are ten whose sole	прогулка, десяток, чья цель —
aim is to massacre monsters.	вырезать гадов.
I know, I know - they think the dungeon	Знаю, знаю — они думают, данж
is some kind of fun park they can come	какой-то парк развлечений, где можно
and do what they want in!	делать что вздумается!
I highly recommend exterminating them	Крайне рекомендую мочить их,
rather than letting them get away with	а не давать уйти с этим —
it - you score more that way too.	очков тоже больше.
Oh, and if heroes arrive in a group,	О, и если герои пришли группой,
the entire party will always share the	вся партия всегда делит
same goal.	одну цель.
So they'll all leave once their aim is'	Так что все свалят, едва цель'
fulfilled. Bear that in mind if you're'	закрыта. Имей в виду, если хочешь'
looking to wipe them out.	вынести их подчистую.
...? Blast! It's time for the hero to'	...? Тьфу! Уже пора герою'
arrive already! I got distracted by my	являться! Опять отвлёкся на
own dulcet tones again!	свой бархатный голос!
Which means we have no time to dig our	А значит, данж копать
dungeon before he gets here! Curses!	некогда, пока он допрёт! Проклятье!
If only I wasn't such an incredibly'	Вот бы я не был таким невероятно'
captivating speaker! Well, we all have	завораживающим оратором! Ну, у всех
our cross to bear, I suppose...	свой крест, положим...
Anyway, there's no sense in getting'	Ладно, нет никакого смысла'
upset. We have ourselves a decent	киснуть. У нас уже есть
dungeon here already.	приличный данж.
So all you should have to do is place	Так что тебе осталось поставить
me out of the way in the furthest	меня в сторонке, в самом
corner.	дальнем углу.
Remember what I said back at the start	Помнишь, что я сказал в начале
of this lesson?	этого урока?
Each hero has their own hierarchy of	У каждого героя своя иерархия
directional preference.	предпочтений направления.
And I happen to know that his order of	И я как раз знаю, что его порядок —
preference is right, left, down, then	направо, налево, вниз, потом
up from your point of view.	вверх с твоей точки зрения.
Now, use that information to outfox him	Теперь этой инфой его перехитри,
until the time runs out. Go go go!	пока время не выйдет. Давай-давай-давай!
Protect me from the horrible hero!	Защити меня от мерзкого героя!
I'm afraid there's something very	Боюсь, я кое-что очень
important I have neglected to tell	важное забыл тебе сказать,
you, My Lord.	Повелитель.
It's about the pickaxe, symbol of your'	Это про кирку, символ твоего'
all-powerful, majestic, dungeon-digging	всесильного величавого копания данжа
Godhood.	Божества.
Pick a new Pick!	Хватай новую кирку!
Well, there's not just one pickaxe in'	Ну, в мире не одна-единственная кирка.'
the world. In fact, there's a dazzling'	На деле там ослепительный'
array of tip-top picks out there.	ряд топ-кирок.
And that's not all - each pick has'	И это ещё не всё — у каждой кирки'
its own super special skill! I know!	свой супер-особый навык! Знаю!
Amazing!	Круть!
And judging by the testimonials from	А судя по отзывам других
other Gods of Destruction, they make	Богов Разрушения, с ними
dungeoneering a breeze!	данжить — семечки!
You should consider collecting the	Тебе стоит собрать
entire range, Lord. World domination	всю линейку, Повелитель. Мировое господство
would be a walkover!	будет плёвым делом!
And you're probably one of those'	А ты, небось, из тех самых'
obsessives who has to get the full set	задротов, кому надо полный набор
of everything anyway, aren't you?'	всего на свете, правда ведь?'
You can trigger each pickaxe's special'	Особый навык каждой кирки жжётся'
skill by holding down the R button, by	удержанием кнопки R,
the way.	кстати.
The skills are all different, but the	Навыки все разные, но
method is the same - the R button is	метод один — кнопка R тебе
your skill-performing friend.	друг по навыкам.
Oh, and each skill consumes a certain	О, и каждый навык жрёт определённый
amount of Dig Power when you use it.	кусок Силы копки, когда юзаешь.
So be careful - if you get trigger	Так что осторожно — если будешь
happy, you'll soon pay the price. I'	палить без ума, цена прилетит. Я'
know what you're like, Lord.'	знаю, какой ты, Повелитель.'
Some pickaxes are dangerously	Некоторые кирки опасно
Dig-Power-hungry.	голодны до Силы копки.
But you don't care about that, do you,'	Но тебе ж всё равно, да,'
Lord? You're just itching to press that'	Повелитель? Ты просто чешешься жать ту'
R button, aren't you?'	кнопку R, правда?'
Well, who can blame you? You're a God'	Ну кто тебя осудит? Ты Бог'
of Destruction, after all, not some	Разрушения, в конце концов, а не какой-то
law-abiding wet blanket!	законопослушный мокрая курица!
Go on, then. Go wild with the R button.	Давай уж. Бесись кнопкой R.
Hold it down and unleash the power of	Зажми и выпусти мощь
the pick!	кирки!
F-F-F-Fantastic!!! You have just	Ф-Ф-Ф-Фантастика!!! Ты только что
witnessed the earth-shaking power of	увидел землютрясущую мощь
Dungeonquake!	Данжтрясения!
That's the special skill of The'	Это особый навык Кирки'
People's Pick, the pickaxe you're	народа, той, что ты
currently using.	сейчас держишь.
It stops heroes in their tracks, and	Она стопорит героев на месте и
destroys any Yummy Jerky or Tasty Meat	крушит Вкусные джерки и Вкусное мясо,
they drop into the bargain.	что они роняют.
And that's about all there is to say'	И это, в общем, всё, что сказать'
about pick skills. Collect the other	про навыки кирок. Собери остальные
pickaxes and try them out.	кирки и попробуй.
Every one is a wonder in its own	Каждая — чудо по-своему
crazy way!	безумному!
Oh, I suppose I'd better tell you how to'	О, пожалуй, надо сказать, как'
get your hands on this amazing array of	заполучить этот дивный ряд
pickaxes, hadn't I?'	кирок, а?'
Well, you'll need to get hold of a'	Ну, тебе надо раздобыть'
Dragon Orb or two.	Драконий шар или два.
Dragon Orbs are carried by heroes, who	Драконьи шары носят герои, и
will drop them when they're damaged or,'	роняют, когда их бьют или,'
even better, when they drop dead.	ещё лучше, когда сдыхают.
All you have to do is tap them with	Тебе только ткнуть их
your pickaxe, and they're yours for'	киркой — и они твои уже на'
the spending.	трату.
Be quick, though, as other heroes will	Но живей, другие герои их
pick them up, and Dragons will eat them	подберут, а Драконы сожрут,
if they happen across them.	если наткнутся.
There are 44 orbs altogether, and each	Всего шаров 44, и каждая
new pick will cost you a few of them.	новая кирка стоить будет несколько.
The heroes from EX dungeons and	Герои из EX-данжей и
Dungeon-a-Day dungeons also drop them,	данжей «Данж на день» тоже роняют,
so be sure to look there too.	так что туда тоже заглядывай.
But what's this I sense? There's one	Но что это я чую? Один
headed for this very dungeon right now!	прёт в этот самый данж прямо сейчас!
Yes, I'm getting a really strong'	Да, на Шаромере очень жирный'
reading on the Orb-O-Meter! There's'	здоровый отклик! Определённо'
definitely one on the way!	один уже в пути!
Give that hero a hiding and grab	Отлупи того героя и хапни
yourself a Dragon Orb, Lord!	себе Драконий шар, Повелитель!
Get the Dragon Orb!	Достань Драконий шар!
Okay, let's talk about heroes.'	Ладно, поговорим про героев.'
These are their aims.	Вот их цели.
This is how they move.	Вот как они ходят.
Okay, let's do this!'	Ладно, поехали!'
Get them! Quick, before they escape!	Мочи их! Живо, пока не слиняли!
