# SPT EN -> RU; applied as Latin translit at build
Are you happy with this spot?	Тут тебе норм стоять?
So, where do you want me to stand?	Ну, куда меня поставить?
So, where shall I stand?	Так, где мне стоять?
heroic types are on their way!	святоши-герои уже в пути!
My Lord!	Повелитель!
That's the end of Daily Challenge'	Вот и всё, Данж на день'
%s?	%s?
...Hm?	...Хм?
Harrumph.	Хрмф.
Heroes? Ugh, not again!	Герои? Тьфу, опять!
Huh!? It looks like abominable	А?! Похоже, мерзкие
If the %spopulation	Если популяция %s
My Lord.	Повелитель.
(gibber gibber)	(гыгы гыгы)
-OOOOOOOOOOOOOOOOOOOOOOOOOOOOOO-	-ИИИИИИИИИИИИИИИИИИИИИИИИИИИИИИ-
...Huh!?	...А?!
3...2...1...think!	3...2...1...думай!
Ahh, excellent. That was fun, wasn't'	Ах, супер. Весело ж было,'
Before I forget, here's some additional'	Пока не забыл, вот ещё пара'
Do I read you right? You want me to cast	Я правильно понял? Хочешь, чтоб я
Extra Heroes only invade the dungeon	Экстра-герои лезут в данж
Here's alright, is it?'	Тут нормально, да?'
Hero alert! Hero alert!	Герои! Тревога! Тревога!
Hey! What about me!?	Эй! А я-то что!?
Hm?	Хм?
Hurry up and put me down somewhere.	Да поставь ты меня уже куда-нибудь.
I do like your style, My Lord. The way	Стиль зачётный, Повелитель. Как ты
I'm not sure how I'll go on without you,	Не знаю, как без тебя дальше,
It Came From the Soil	Оно вылезло из почвы
It's so unfair!'	Это ж нечестно!'
It's truly a joy to behold!'	Глаз не оторвать, красота!'
Just press the L button, and select	Жми L и выбери
My Lord! Permanently!	Повелитель! Навсегда!
My Lord?	Повелитель?
Oh, No! A Hero!	О нет! Герой!
Okay, now it's time to think back over'	А теперь вспомни всё,'
One theory is that these so-called	Есть теория, что эти так называемые
Or you might want to try thinning out	Или прореди своих
Pickaxe!	Кирка!
R-R-Rewind spell to turn back time and	О-о-отмотка — вернуть время и
Replay from the first stage of	Повтор с первого этапа
Rune for Improvement	Руны для роста
So they've come at last...'	Ну вот, добрались-таки...'
So, um...	Так, э-э...
Stop playing around with my heart,	Хватит играть с моим сердцем,
That's just my opinion, of course...'	Это, конечно, чисто моё мнение...'
The balance of the %s	Баланс %s
Time's up!'	Время вышло!'
What the-!? Water?	Что за-?! Вода?
You can choose the first monster you	Можешь выбрать первого гада,
You certainly shut that hero up,	Ну ты его прихлопнул,
Yuck!	Фу!
all you've done. Think really hard now.'	что натворил. Думай крепко.'
are you?	да?
aren't you?'	правда?'
but I'll be strong. Farewell!'	но я справлюсь. Прощай!'
doesn't grow fast, the %s'	не растёт, то %s'
domination!	господство!
dungeon!	данж!
info about that hero who waltzed in here	про героя, что сюда вломился
instead.	вместо этого.
it? Now, shall we take a look at your	да? Ну, глянем твои
nutrients.	пищу.
ones that mutate, though!	тех, кто мутирует!
out at the last moment.	в самый последний миг.
population and the %s	и популяция %s
population isn't quite right.'	что-то не то с популяцией.'
results?	итоги?
right?	да?
shall we?	ладно?
stand with you.	стоять с тобой.
the %spopulation	популяция %s
tutor/tutor04_06.gim	tutor/tutor04_06.gim
tutor/tutor04_07.gim	tutor/tutor04_07.gim
tutor/tutor04_08.gim	tutor/tutor04_08.gim
tutor/tutor15_06.gim	tutor/tutor15_06.gim
under very specific circumstances.	только в особых случаях.
visit to the Underworld.	визит в Подземелье.
want to be spawned. Oh, but only	которого призвать. Но только
will you? I never know where I	а? Я вечно не знаю, куда
with their own special mission.	со своей особой миссией.
you can <col:255,0,153,255>seal their skills and abilities</col>.	можешь <col:255,0,153,255>запечатать их навыки и силы</col>.
you toy with heroes before wiping them	ты героев дразнишь, а потом мочишь
 - usually land-dwelling ones - than	 — обычно сухопутных — чем
%spopulation	популяция %s
(Yes! I did it! I said it without	(Да! Вышло! Сказал без
(gibber gibber) ME BEST BADMAN...	(гыгы гыгы) МЯ ЛУЧШИЙ БЭДМЕН...
(gibber)	(гыгы)
(scribble scribble) ~Dad got the big	(чирк-чирк) ~Папа схватил большой
(scribble scribble) ~Dad seems to be	(чирк-чирк) ~Папа, кажется,
(scribble scribble) ~Dad summoned two	(чирк-чирк) ~Папа призвал двух
(scribble scribble) ~Dad thinks that by	(чирк-чирк) ~Папа думает, что если
(scribble scribble) ~He let me supervise	(чирк-чирк) ~Он дал мне надзирать
(scribble scribble) ~My dad works with	(чирк-чирк) ~Папаша возится с
(scribble scribble) ~So dad was just	(чирк-чирк) ~Короче, папа просто
(scribble scribble) ~The Pickaxes were	(чирк-чирк) ~Кирки были
(scribble scribble) ~To be honest, the	(чирк-чирк) ~Честно говоря,
(scribble scribble) ~Use words you don't'	(чирк-чирк) ~Слова, которых не'
(sniffle)	(шмыг)
(sob)	(хнык)
-OOOOOOOOOOOOOOOOOOOONG Dragon!	-ИИИИИИИИИИИИННЫЙ дракон!
......Nightmaaaares...	......Кооошмааары...
......Ohhh!	......Оооо!
......Really?	......Правда?
...<col:255,0,153,255>~Remember to level up your monsters.~</col>	...<col:255,0,153,255>~Не забывай качать своих гадов.~</col>
...<col:255,0,153,255>~The Mage's physical defense is weak~</col>'	...<col:255,0,153,255>~У мага слабенькая физзащита~</col>'
...<col:255,0,153,255>~beware the Knight's healing magic~</col>'	...<col:255,0,153,255>~берегись лечения рыцаря~</col>'
...And I'll make it even harder!'	...И я ещё подкручу сложность!'
...And you smell!	...И ты воняешь!
...Badmella.	...Бэдмелла.
...Because there are some on the way in	...Потому что уже прут в
...Curses! My Lord, a hero I have never	...Тьфу! Повелитель, герой, какого я
...GODS...OF...DESTRUCTION..	...БОГИ...РАЗРУШЕНИЯ..
...Give yourself a pat on the back!	...Похлопай себя по плечу!
...Heroes!? And I was having such a	...Герои!? А я так славно
...Heroes...?	...Герои...?
...Hm? Oh, nothing. Just curious.	...Хм? Да ничего. Просто любопытно.
...How can this be, My Lord? Was my	...Как так, Повелитель? Неужели мой
...Huh!? Wazzat!? Hmph. Sorry. I was	...А?! Чего!? Хмф. Сорри. Я
...I will surely gain all the power I	...Я точно хапну всю силу, что
...It worked!	...Сработало!
...MUST...TRAIN...HARDER...	...НАДО...ПАХАТЬ...ЖЁСТЧЕ...
...Maybe you could find out what the	...Может, узнаешь, что там за
...My Lord, God of Destruction!	...Повелитель, Бог Разрушения!
...My Lord, it pains me to report that	...Повелитель, с болью докладываю:
...My phone's all wet and it's	...Телефон весь мокрый, и он
...No time for style tips now, dad!	...Не до моды сейчас, пап!
...Oh dear. You're not running out of'	...Ой-ой. Ты часом не кончаешь'
...Oh no! There are two great big fat	...О нет! Два здоровенных жирных
...Oh!	...О!
...Or so he says...~	...Ну, он так говорит...~
...Really?	...Правда?
...Slimeblossom blobs, Aquachnid goo,	...Капли слизьцвета, жижа паука,
...So be careful!	...Так что аккуратней!
...Sorry, I didn't mean to get'	...Сорри, не хотел так'
...Ugh...?	...Угх...?
...Um, anyway, have you ever picked	...Э-э, ладно, ты хоть раз ковырял
...WHY NO CONQUER WORLD...	...ПОЧЕМУ НЕ ЗАХВАТ МИРА...
...Wait!	...Стой!
...Well, maybe he's just rubbish.'	...Ну, может, он просто отстой.'
...What does that even mean!? Anyway,	...Это вообще о чём!? Короче,
...With your pick! No? Ah, never mind.	...Киркой! Нет? А, забей.
...YEAH!!!	...ДААА!!!
...and devote myself to ruining your	...и посвящу себя порче твоей
...and their weapons are still fresh	...и стволы у них ещё с иголочки
...helping a hero to recover HP!	...лечит герою ХП!
...it was lacking in nutrients and a bit	...пищи маловато, да и вообще
...it's just possible that one of these'	...вдруг один из этих'
...just like that Not-So-Blue Whale.	...прям как тот Не-такой-синий кит.
...or plump for Mimics that need to be	...или бери мимиков, которых надо
...or something.	...или типа того.
...or you can start by digging up blocks	...или начни с раскопки блоков
...or...or...	...или...или...
...then you can leave the Anthill	...тогда кучу можно бросить
10, but the God Aptitude Test involves	10, но экзамен на бога — это уже
16 nutrients and 16 mana.	16 пищи и 16 маны.
2,000,000 dullors! We're rich!'	2 000 000 далларов! Мы богачи!'
3, so knock yourself out!	3, так что рвись от души!
5,125 years and you'll be able to have'	5 125 лет — и сможешь завести'
50 nutrients, or stuffing Lizardmen with	50 пищи, или набить ящеров
8 or more mana. Simple, right?	8 и больше маны. Просто, да?
<col:255,0,0,255>Add Monster</col> from the Edit Menu.	<col:255,0,0,255>Добавить гада</col> в меню правки.
<col:255,0,0,255>Dungeon Info</col> from the Edit Menu.	<col:255,0,0,255>Инфо данжа</col> в меню правки.
<col:255,0,0,255>Like Father, Like Daughter</col>	<col:255,0,0,255>Яблочко от яблони</col>
<col:255,0,0,255>Unsaved data will be lost</col>, you know.	<col:255,0,0,255>Несохранённое пропадёт</col>, ясно?
<col:255,0,0,255>starve to death</col>!	<col:255,0,0,255>сдохнут с голоду</col>!
<col:255,0,153,255>Liliths</col>, but real Liliths can see	<col:255,0,153,255>Лилит</col>, а живые лилиты видят
<col:255,0,153,255>Only our minions</col> can kill them.	<col:255,0,153,255>Только наши гады</col> их мочат.
<col:255,0,153,255>Priest with the healing magic.</col>	<col:255,0,153,255>Жрец с лечилкой.</col>
<col:255,0,153,255>Priests' and Shaman's skills</col> aren't so'	<col:255,0,153,255>Навыки жреца и шамана</col> не так'
<col:255,0,153,255>Remember, you can change picks from the	<col:255,0,153,255>Кирки меняются из
<col:255,0,153,255>They're only here to level-grind</col>, so'	<col:255,0,153,255>Они тут чисто качаться</col>, так что'
<col:255,0,153,255>Treasure Traps</col> the hero lays with your pickaxe.	<col:255,0,153,255>Ловушки-сундуки</col> героя бей киркой.
<col:255,0,153,255>When monsters mutate, they	<col:255,0,153,255>Когда гады мутируют, они
<col:255,0,153,255>alchemists' attacks</col>.'	<col:255,0,153,255>атаки алхимиков</col>.'
<col:255,0,153,255>dungeon door</col> a tap with your pick, you can	<col:255,0,153,255>дверь данжа</col> тычком кирки можно
<col:255,0,153,255>even after they've got Badmella or me</col>.'	<col:255,0,153,255>даже если схватили Бэдмеллу или меня</col>.'
<col:255,0,153,255>first of all</col>?	<col:255,0,153,255>прежде всего</col>?
<col:255,0,153,255>holding down the R button</col>, but this will	<col:255,0,153,255>зажав кнопку R</col>, но это
<col:255,0,153,255>invading heroes</col> prioritize searching	<col:255,0,153,255>вторгшиеся герои</col> сначала ищут
<col:255,0,153,255>invite the heroes in</col>?	<col:255,0,153,255>звать героев внутрь</col>?
<col:255,0,153,255>long or straight</col>. Try to get a <col:255,0,153,255>zig-zag</col>	<col:255,0,153,255>длинным и прямым</col>. Делай <col:255,0,153,255>зигзаг</col>
<col:255,0,153,255>motivation is low</col>. Their motivation dips	<col:255,0,153,255>мотивация на нуле</col>. Она падает
<col:255,0,153,255>pickaxe skills</col> at your disposal,	<col:255,0,153,255>навыки кирки</col> под рукой,
<col:255,0,153,255>power of heroes' attacks</col>.'	<col:255,0,153,255>силу ударов героев</col>.'
<col:255,0,153,255>press the △ button</col> to get a wider view	<col:255,0,153,255>жми △</col>, чтоб увидеть шире
<col:255,0,153,255>previously-dug tunnels</col>	<col:255,0,153,255>уже вырытые туннели</col>
<col:255,0,153,255>slay heroes who use healing magic</col> first	<col:255,0,153,255>мочи лекарей-героев</col> первыми
<col:255,0,153,255>spawning plenty of monsters</col>.	<col:255,0,153,255>наплодить кучу гадов</col>.
<col:255,0,153,255>special pickaxe skills</col>	<col:255,0,153,255>особые навыки кирки</col>
<col:255,0,153,255>subsequent stages will be easier</col>.	<col:255,0,153,255>дальше этапы пойдут легче</col>.
<col:255,0,153,255>taking out heroes with healing spells</col>	<col:255,0,153,255>снести героев с лечилкой</col>
<col:255,0,153,255>the heroes and me</col>, which should make	<col:255,0,153,255>героев и меня</col>, так будет
<col:255,0,153,255>upgrade your Omnoms</col> at least.	<col:255,0,153,255>прокачай омномов</col> хотя бы.
<col:255,0,153,255>zig-zag pattern</col> in order to reduce the	<col:255,0,153,255>зигзагом</col>, чтоб срезать
<col:255,0,153,255>△ button</col> to zoom out and get a better	<col:255,0,153,255>△</col>, чтоб отдалить и лучше
<col:255,255,0,255>Urrrgh!</col>	<col:255,255,0,255>Уррргх!</col>
<size:1.22><col:255,255,255,255>C O N G R A T U L A T I O N S ! !</size></col>	<size:1.22><col:255,255,255,255>П О З Д Р А В Л Я Ю ! !</size></col>
<size:1.3>Ha ha ha......</size>	<size:1.3>Ха ха ха......</size>
<size:1.5><col:255,0,0,225>Gets it Done!</size></col>	<size:1.5><col:255,0,0,225>Всегда доставляем!</size></col>
<size:1.5><col:255,0,0,255>ITS PEOPLE WILL HAVE</size></col>	<size:1.5><col:255,0,0,255>ЕГО НАРОД УЗНАЕТ</size></col>
<size:1.5><col:255,0,0,255>KNOW NO PEACE!!!</size></col>	<size:1.5><col:255,0,0,255>НЕ ЗНАЕТ ПОКОЯ!!!</size></col>
<size:1.5><col:255,0,0,255>MAY THE WORLD</size></col>	<size:1.5><col:255,0,0,255>ПУСТЬ МИР</size></col>
<size:1.5><col:255,0,0,255>TERRIBLE NIGHTMARES!</size></col>	<size:1.5><col:255,0,0,255>СТРАШНЫЙ КОШМАР!</size></col>
<size:1.5><col:255,0,0,255>The God of Destruction!!!</size></col>	<size:1.5><col:255,0,0,255>Бог Разрушения!!!</size></col>
<size:1.5><col:255,0,0,255>The God who<size></col>	<size:1.5><col:255,0,0,255>Бог, что<size></col>
<size:1.5><col:255,50,0,255>The game's never going</size></col>'	<size:1.5><col:255,50,0,255>Игра так и не</size></col>'
<size:1.5><col:255,50,0,255>to get started!!!</size></col>	<size:1.5><col:255,50,0,255>начнётся!!!</size></col>
<size:1.5><col:255,64,0,255>Most hearty congratulations, </size></col>	<size:1.5><col:255,64,0,255>Сердечнейше поздравляю, </size></col>
<size:1.5><col:255,64,0,255>My Lord!</size></col>	<size:1.5><col:255,64,0,255>Повелитель!</size></col>
<size:1.5>messes up my hair!</size>	<size:1.5>портит мне причёску!</size>
<size:1.7><col:255,0,0,255>I am Overlord Badman!</size></col>	<size:1.7><col:255,0,0,255>Я Повелитель Бэдмен!</size></col>
<size:1.8><col:255,255,255,0>Silence, you wretched girl!</size></col>	<size:1.8><col:255,255,255,0>Молчать, дрянь!</size></col>
<size:2.0><col:255,0,0,255>DA- Hm?</size></col>	<size:2.0><col:255,0,0,255>ДА- Хм?</size></col>
<size:2.0><col:255,0,0,255>Grrrruuurrrrrghhh!!!</size></col>	<size:2.0><col:255,0,0,255>Грррууурррргххх!!!</size></col>
<size:2.0><col:255,0,0,255>KNOW NO PEACE!</size></col>	<size:2.0><col:255,0,0,255>НЕ ЗНАЕТ ПОКОЯ!</size></col>
<size:2.0><col:255,0,0,255>MAY THE WORLD!</size></col>	<size:2.0><col:255,0,0,255>ПУСТЬ МИР!</size></col>
<size:2.0><col:255,0,255,255>Ah-ha!</size></col>	<size:2.0><col:255,0,255,255>А-ха!</size></col>
<size:2.0><col:255,255,255,0>...CUT IT OUT!</size></col>	<size:2.0><col:255,255,255,0>...ХВАТИТ!</size></col>
<size:2.0><col:255,255,255,0>...Curses!</size></col>	<size:2.0><col:255,255,255,0>...Тьфу!</size></col>
<size:2.0><col:255,255,255,0>EEEEEEK!!!</size></col>	<size:2.0><col:255,255,255,0>ИИИИИК!!!</size></col>
<size:2.0><col:255,255,255,255>DAD!</size></col>	<size:2.0><col:255,255,255,255>ПАПА!</size></col>
<size:2.0>Aaaaahhhh!!!</size>	<size:2.0>Аааааааа!!!</size>
<size:2.0>GOODBYE!!!</size>	<size:2.0>ПРОЩАЙ!!!</size>
<size:2.0>Of course!</size>	<size:2.0>Ещё бы!</size>
A Badman's work is never done...'	У Бэдмена работа не кончается...'
A God of Destruction who's passed all'	Бог Разрушения, сдавший все'
A Rank, My Lord!	Ранг A, Повелитель!
A big clever god like yourself has	Такой умный бог, как ты,
A bizarrely-colored bug flew in, and	Влетела какая-то пёстрая букашка, и
A dungeon a day blows the cobwebs away!	Данж в день — и в башке светло!
A dungeon a day helps your pick-wielding	Данж в день качает кирку
A dungeon a day keeps the boredom	Данж в день — и скука
A dungeon a day keeps the grey matter	Данж в день — и извилины
A dungeon a day keeps the heroes at	Данж в день — и герои
A dungeon is made up of a myriad of	Данж состоит из кучи-кучи
A magnificent performance!	Блестящее выступление!
A nice dollop of <col:255,0,153,255>Aquachnid goo</col>	Добрый ком <col:255,0,153,255>жижи водяного паука</col>
A perfect performance!	Идеальное выступление!
A real live Hydra!	Живая гидра, честно!
A two-minute old Omnom could have come	Двухминутный омном справился б
A younger man might be okay, but I bet	Молодой ещё куда ни шло, но бьюсь
ABCs, if you will.	Азбука, так сказать.
ARRRGHH! I'm at the end of my admittedly'	АРРРГХ! Я на пределе своего и так'
Aaaaaah! His life-force is fading!	Ааааа! Жизненная сила тает!
Aaaaah!!! I'm going to die!'	Ааааа!!! Я сейчас сдохну!'
Accursed curs! Scourge of the	Проклятые псы! Бич
Ach! They got away with. Ooh, that	Ах! Удрали с. Ой, это
Ach! This will set the recovery back by	Ах! Это откатит лечение на
Ach, if only you'd tried a little'	Ах, кабы ты чуть-чуть'
Ach, listen to me! There's no need to'	Ах, слушай сюда! Не надо'
Ach, no! That's a hero disappearing'	Ах, нет! Это герой смывается'
Ach, they escaped! That's a little'	Ах, удрали! Это уже слегка'
Ach, they got away! I hope the three of	Ах, удрали! Надеюсь, троица
Ach, who cares? You're the best! I'm so	Ах, да кому какое дело? Ты лучший! Я так
Ach...anyway... You...have...done...	Ах...ладно... Ты...это...сделал...
Actually, no. I went up after the whole	Вообще-то нет. Я вылез после всей
After all, picking on the weak is what	Всё-таки пинать слабых — это наше
After defeating each hero, his rank will	После каждого героя его ранг
Agh! I can't believe I was praising you'	Агх! И я тебя хвалил,'
Ah well. He's mine now.'	Ну и ладно. Теперь он мой.'
Ah, I see. Well, as you please, My Lord.	А, понял. Как скажешь, Повелитель.
Ah, I'm so proud of you, My Lord!'	Ах, я так тобой горжусь, Повелитель!'
Ah, My Lords! You've decided to join us.'	Ах, Повелители! Решили к нам!'
Ah, My Lords, if heroes are giving you	Ах, Повелители, если герои вас
Ah, he's gibbering again! Yes, dad,'	Опять бормочет! Да, пап,'
Ah, is there any sweeter music than the	Есть ли музыка слаще, чем
Ah, it sure is fun to be an evil	Ах, как весело быть злым
Ah, runes are wonderful things, alright.	Ах, руны — это ж чудо, да.
Ah, the good old days...	Ах, старые добрые деньки...
Ah, the sweet smell of roasting hero!	Ах, сладкий запах жареного героя!
Ah, this suitor at least seems to have	Ах, этот жених хоть чем-то
Ah, those were the days! We had the	Ах, вот это были деньки! У нас
Ah, we're quite the tag team, aren't we,	Ах, мы ж жёсткий дуэт, да,
Ah, well. Such is the price of getting	Ну что ж. Такова цена, когда
Ah, who cares anyway...?	А, да кому вообще...?
Ah, yes. When a Dragon nears the end of	А, да. Когда дракон на исходе
Ah, you've returned, My Lord.'	А, ты вернулся, Повелитель.'
Ah. You've got that look of someone who'	А. У тебя вид того, кто'
Ahem, anyway, My Lord.	Кхм, короче, Повелитель.
Ahh! I thought I was going to die!	Аах! Я думал, всё, крышка!
Ahh, it's just the way of the world, I'	Ах, таков уж мир, я'
Ahh, look at him! He's got the light of'	Ах, глянь на него! В глазах'
Ahh, such a shame, such a shame! But	Ах, жалко, как жалко! Но
Ahh, that felt pretty good, My Lord.	Ах, вот это кайф, Повелитель.
Ahh, the old sudden change of mind	Ах, классика: передумал на ходу
Ahh, what a wonderful display of world	Ах, какой шикарный показ мирового
Ahh, you know what I mean. Just hurry	Ах, ты понял. Давай уже
Ahh, you truly are a fine God of	Ах, ты и впрямь славный Бог
Ahh, you're such a great help, Lord,'	Ах, ты ж такая помощь, лорд,'
Aiee! Emergency stations! Highly	Айии! Боевая тревога! Крайне
All digging and no mutation makes for a	Копать без мутаций — это как
All down the drain!	Всё псу под хвост!
All monsters eat and are eaten in their	Все гады едят и их едят в свой
All my hopes! All my dreams!	Все мои надежды! Все мечты!
All of the monsters are as strong as	Все гады крепки, как
All of your monsters are more than	Все твои гады более чем
All that non-stop spontaneous spawning.	Всё это вечное стихийное пложение.
All the Water Lilies necessary for the	Все кувшинки, нужные для
All the heroes who attacked us are now	Все герои, что на нас перли, теперь
All the results from each day will	Все итоги каждого дня
All you can do is dig in for the long	Остаётся только засесть надолго
All you had to do was take out that one	Надо было просто снести того
All you had to do, My Lord, was come up	Надо было, Повелитель, просто
All you have to do is wait for a mere	Остаётся только подождать каких-то
Allow me to present you with an Overlord	Позволь вручить тебе оверлордский
Almanac.	Альманах.
Also, be aware that Omnoms won't build'	И учти: омномы не построят'
Also, for some reason, if their level	И почему-то, если их уровень
Also, there's no point lining up too'	И нет смысла выстраивать слишком'
Although he has been a lot less	Хотя он стал куда менее
Always consider the heroes' route home,'	Всегда думай, как герои попрут домой,'
Am I...dead?	Я... помер?
An evil archfiendess needs to know	Злой архидемонице надо знать
An impudent whelp wandered over to my	Наглый щенок приплёлся к моей
And <col:255,0,153,255>if you cull your counterpart's'	И <col:255,0,153,255>если проредишь гадов напарника'
And Anthills will also serve to block	И муравьиные кучи ещё перекроют
And I bet this world, even though you	И спорю, этот мир, хоть ты
And I get the feeling there's a fair'	И чую, тут ещё порядочно'
And I know what I said earlier, but in	И я помню, что болтал, но в
And I think the heroes were suitably	И герои, по-моему, подобающе
And I'm not just flattering you,'	И я не просто лижу,'
And I'm second in line to the'	И я вторая в очереди на'
And I'm sure I read that moaning is'	И точно читал, что нытьё — это'
And all those who were born	И все, кто родился
And all three are coming at once, so	И все трое прутся сразу, так что
And all you Gods of Destruction will go	И все вы, Боги Разрушения, пойдёте
And does he think dressing all in black	И он серьёзно думает, что весь в чёрном
And don't forget lovely mutation!'	И не забудь про милую мутацию!'
And don't forget, dragons can only move'	И не забудь: драконы ползают только'
And from my own dear daughter!	И от собственной доченьки!
And he calls himself a hero!?	И он ещё героем себя кличет!?
And he's my dad.'	И это мой папа.'
And here's an even funner fact for you!'	И вот тебе факт ещё веселей!'
And if one of us is captured, you can	И если одного из нас схватят, можно
And if that happens, it's curtains for'	И если так, нам кранты'
And if you can <col:255,0,153,255>lead them into water</col>,	И если <col:255,0,153,255>заманишь их в воду</col>,
And if you don't come back, I'll put a	И если не вернёшься, я влеплю
And if you neglect any of them, I'll be'	И если забьёшь хоть на кого, я'
And if you're wondering how many Orbs'	И если гадаешь, сколько сфер'
And it might be fun for you, or it	И тебе может быть весело, а может
And it seems their target is not	И цель у них, похоже, не
And just in time for the grand opening!	И как раз к грандиозному открытию!
And just like that, they up and leave!	И вот так, раз — и смылись!
And just look at that. Number 67 on the	И глянь-ка. Номер 67 в
And just when I was starting to get	И как раз когда я начал
And look at the dungeon! It looks like	И глянь на данж! Он будто
And look at the state of me?	И глянь, в каком я виде?
And my bottom hurts after being dragged	И задница болит после того, как меня тащили
And my dad did look pretty cool too!	И папаша тоже выглядел круто!
And my hair extensions have all been	И накладные волосы все
And never, ever, under any circumstances	И никогда, слышишь, ни за что
And now we've got four of them! Bless!'	А теперь их уже четыре! Благослови!'
And now you'll be off to some other'	А теперь рванёшь в какой-нибудь другой'
And quickly - I'm getting bored.'	И поживее — мне уже скучно.'
And right on cue, the justice-loving	И как по заказу, любвеобильные
And that's because you made such heavy'	И всё потому, что ты так жирно'
And that's not all - it gets worse -'	И это ещё не всё — хуже будет -'
And that's not all! Remember that once'	И это не всё! Помни: как только'
And that's the end of Step 8.'	И на этом шаг 8 закрыт.'
And there was me thinking an almighty	А я думал, всемогущий
And there's another Extra Hero on the'	И ещё один экстра-герой на'
And those aren't just any old Ladies!'	И это не какие-то обычные леди!'
And we're grateful to you for taking'	И мы благодарны, что ты взял'
And what did you make of the Mara?	И что скажешь про Мару?
And what do you expect to happen then?	И чего ты тогда ждёшь?
And what is the real identity of that	И кто на самом деле этот
And what's more, I've got a couple of	И мало того, у меня ещё пара
And what's more, once these renegade'	И мало того, как эти ренегаты'
And while I admire your commitment to	И хоть я ценю твою преданность
And while time is frozen, you can move	И пока время застыло, можно двигать
And why stop here!? Why not try stuffing	И чего останавливаться!? Почему б не набить
And with that, the noble Overlord	И с тем благородный Повелитель
And you Gods of Destruction will serve	А вы, Боги Разрушения, будете
And you can add as many monsters as you	И гадов можно докидывать сколько
And you can always throw a few pickaxe	И всегда можно вмазать пару кирочных
And you can summon any of the heroes	И можно призвать любого из героев
And you can't move me, and your Dig'	И меня не сдвинуть, и Сила копки'
And you have proved yourself no longer	И ты доказал, что больше не
And you just come back expecting more!	И прёшься обратно, ещё хочешь!
And you smell.	И ты воняешь.
And you will be unable to move me or to	И меня не сдвинуть, и не
And your dungeon will be in disarray,	И данж твой будет в развале,
And your own world is so amazing that	И твой мир такой офигенный, что
And...	И...
Annoying, but...bearable.	Бесит, но...терпимо.
Another idea might be using a Lorelei	Ещё идея — подпустить лорелею
Any <col:255,0,153,255>two pickaxe skills performed at the	Любые <col:255,0,153,255>два навыка кирки разом
Any suitor who has to hang out with guys	Любой жених, которому тусоваться с типами
Anything to bolster our forces!	Всё, что усилит нашу орду!
Anyway!	Короче!
Anyway, My Lord, be on your way...	Короче, Повелитель, вали уже...
Anyway, My Lord, there's only one hero'	Короче, Повелитель, герой один'
Anyway, heroes will always prioritize	Короче, герои всегда сначала
Anyway, if it's only a scouting party,'	Короче, если это только разведка,'
Anyway, if that sounds like your cup of	Короче, если это в твоём вкусе
Anyway, let's leave that aside for now.'	Короче, отложим это на потом.'
Anyway, onto the next group of heroes.	Короче, к следующей пачке героев.
Anyway, soon the fruits of our	Короче, скоро плоды наших
Anyway, that's all from me. I'm heading	Короче, с меня хватит. Я валю
Anyway, this so-so story is coming to	Короче, эта так себе история катит к
Anyway. On an entirely different note,	Короче. Совсем о другом,
Anyway. What was I saying? Ah yes!	Короче. О чём я? А, да!
Apparently, other remarkable beasts that	Говорят, другие чудные звери, что
Apparently, some trio with silly names	Говорят, какая-то троица с дурацкими кличками
Apparently, the death of even one such	Говорят, смерть даже одного такого
Apparently, there are so called ~Extra	Говорят, есть так называемые ~Экстра
Aptitude Test begin!	Экзамен на бога — начать!
Aptitude Test today?	Экзамен на бога сегодня?
Aquachnids lies a threat to their very	водяных пауков — угроза самому их
Aquatic monsters have a narrow sphere of	Водные гады бьют в узком круге
Aquatic monsters like these can't live'	Такие водные гады не живут'
Are you alright with that?	Тебя это устраивает?
Are you alright, Lord? I sense some	Ты в порядке, лорд? Чую какое-то
Are you experimenting with new ways to	Новые способы испытываешь,
Are you happy with this, My Lord?	Тебе так норм, Повелитель?
Are you ready for the next test,	Готов к следующему тесту,
Are you ready to take up that moldy	Готов взять ту заплесневелую
Are you ready?	Готов?
Are you starting to get a feel for it,	Уже чувствуешь, как оно,
Are you sure you didn't over think this'	Точно не перемудрил с этим'
Are you sure, My Lord? Well, even if we	Точно, Повелитель? Ну, даже если
Are you sure?	Точно?
Are you using your pickaxe skills to	Кирочные навыки пускаешь, чтоб
Area 1 and launch a frontal assault on	Зону 1 и вломиться в лоб на
Argh! All my hopes and dreams disappear	Аргх! Все мечты и надежды — псу
Argh! That's no good, My Lord!'	Аргх! Так дело не пойдёт, Повелитель!'
Argh! The way things are going,	Аргх! Если так пойдёт,
Argh!!! Get away from me!!!	Аргх!!! Отвалите от меня!!!
Argh, those dastardly heroes are back	Аргх, эти подлые герои снова
As I said, Slimemosses slurp nutrients	Как я говорил, слизьмохи хлебают пищу
As I said, this next stage is a Hero	Как я говорил, этот этап — Геройский
As far as I can tell, I mean...	Насколько я вижу, то есть...
As far as possible, you should dig long	По возможности рой длинные
As it doesn't cost the hunter any MP'	Охотнику это МП не жрёт'
As long as there's water around, it'	Пока вокруг вода, это'
As long as they don't find me, we'll be	Пока меня не нашли, мы
As long as they don't find me, you'll	Пока меня не нашли, ты
As long as they have food to devour,	Пока есть чего жрать,
As long as we're here, and the God'	Пока мы тут, и Бог'
As long as we've got each other...'	Пока мы есть друг у друга...'
As long as you dig a little space and	Лишь бы чуть места вырыть и
As this uses the latest in counter	Тут новейшая контр-
As you can see, dad's fading fast and'	Видишь, папаша тает на глазах и'
As you know, each time you play	Как знаешь, каждый раз, когда играешь
As you may be aware, Slimemosses don't'	Как ты в курсе, слизьмохи не'
As your knowledge of monsters grows,	Чем больше знаешь про гадов,
At long last, there is only one level	Наконец-то остался один уровень
At the first wafted stench of a	При первом донёсшемся вонище
At times like that, this technique really	В такие моменты этот приём реально
Auntie Mallory's clutches.'	лап тёти Мэллори.'
Aww, did poor old Satoru's little'	Ой, бедному Сатору его маленький'
B Rank, My Lord.	Ранг B, Повелитель.
B-Badmella! Y-You did it! That was the	Б-Бэдмелла! Т-ты смогла! Это был
B-But Badmella! I thought we'd bonded!'	Н-но Бэдмелла! Я думал, мы сдружились!'
B-But My Lord, surely this can't be!?'	Н-но Повелитель, так не может быть!?'
B-But...!	Н-но...!
Back straight, head back...	Спину прямо, голову назад...
Badman & Badmella Dungeon?	Данж Бэдмена и Бэдмеллы?
Badman Can Do.	Бэдмен смог.
Badman's Chamber for some practice, then'	Покои Бэдмена — потренироваться, потом'
Badmella - you're not to get involved.'	Бэдмелла — ты не лезь.'
Badmella! I've told you that grown-ups'	Бэдмелла! Я ж говорил, взрослые'
Badmella! Now...ummm...where was I?	Бэдмелла! Так...э-э-э...на чём я?
Badmella! When did you learn that trick?	Бэдмелла! Когда ты этот фокус выучила?
Badmella's piggy bank! What have you'	Копилка Бэдмеллы! Что ты'
Badmella's report seems to be coming'	Доклад Бэдмеллы, кажется, уже'
Badmella, I know you're at that awkward'	Бэдмелла, знаю, у тебя этот неловкий'
Badmella, I suspect you've got something'	Бэдмелла, чую, ты что-то'
Badmella, I'm putting my foot down!'	Бэдмелла, я ставлю точку!'
Badmella, I'm so proud of you! Why, your'	Бэдмелла, я так горжусь! Да твой'
Badmella, don't make me unleash my'	Бэдмелла, не заставляй меня спустить'
Badmella, don't try to distract me from'	Бэдмелла, не отвлекай меня от'
Badmella, this is no time for idle	Бэдмелла, не время для пустой
Badmella, we'll discuss this later...'	Бэдмелла, это потом обсудим...'
Badmella, we've discussed this before.'	Бэдмелла, мы это уже проходили.'
Badmella, why don't you explain to the'	Бэдмелла, объясни-ка'
Badmella, you are an utter disgrace!	Бэдмелла, ты позор семейства!
Badmella. Thanks for turning a blind eye	Бэдмелла. Спасибо, что закрыла глаз
Badmella... Don't...be...rude...to... '	Бэдмелла... Не...груби... '
Badmella...please...forgive...me...	Бэдмелла...прости...меня...
Barrel Bombs and Outboxes.	Бочки-бомбы и исходящие.
Basically, I want everyone in Badmella's'	Короче, хочу всех в классе Бэдмеллы'
Basically, if you tap a normal treasure	Короче, если тыкнуть обычный сундук
Be aware of this reality and you won't'	Знай эту правду — и не'
Be warned that the wider the corridor,	Запомни: чем шире коридор,
Bear in mind that the quicker you	Учти: чем быстрее
Bear in mind that these heroes won't'	Учти: эти герои не'
Beat this one, or else!	Пройди это, иначе худо!
Beautiful! Those fools fell right into	Красота! Дурачьё влетело прямо в
Before the heroes arrive, conceal me in	Пока герои не пришли, спрячь меня в
Behold your father's handiwork!'	Се узри папино рукоделие!'
Being an Overlord is a high-pressured	Быть Повелителем — нервяк
Being aware of that is one of the	Знать это — одна из
Beneath those flabby exteriors beat	Под этой дряблой шкурой бьются
Blargh...urgh...arr...	Бларгх...ургх...арр...
Blasted...heroes...! Curses...!	Проклятые...герои...! Тьфу...!
Bleurgh!	Блёургх!
Bleurgh! I smell heroes, My Lord!	Блёургх! Чую героев, Повелитель!
Bleurgh! Stinky old heroes on their	Блёургх! Вонючие герои уже
Block heroes' progress with Hurtle shell'	Режь героям путь панцирем шипастика'
Boosting IQ levels affects all types of	Кач IQ бьёт по всем видам
Bravo, Comrade - erm - I mean, My Lord!	Браво, товарищ — э-э — то есть Повелитель!
Bravo, My Lord! With this Dvagon,	Браво, Повелитель! С этим двагоном
Bravo, My Lord! You made those heroes	Браво, Повелитель! Ты этих героев
Bugs are pretty high up on the list of	Жуки довольно высоко в списке
But I bet bad players will still say,	Но плохие игроки всё равно скажут:
But I don't have any need for weaklings'	Но слабаки мне даром не нужны'
But I don't know WHY I have to stand'	Но я не знаю, ПОЧЕМУ я должен стоять'
But I don't think we're out of the	Но из леса мы ещё не
But I know you can do it if you level up	Но ты сможешь, если прокачаешь
But I think those lows are seriously	Но эти провалы, по-моему, серьёзно
But I will rise again. And when I do,	Но я встану снова. И когда встану,
But I'm impressed to see you pressing'	Но я впечатлён, как ты жмёшь'
But I've got responsibilities too!'	Но у меня тоже обязанности!'
But be aware that very close to those	Но учти: совсем рядом с этими
But beware: if you add too many	Но чур: если докинешь слишком много
But by focusing on the heroes' Achilles'	Но если бить героев в ахиллесову'
But cast your mind back, My Lord.	Но напряги память, Повелитель.
But dad! The sun's setting!'	Но пап! Солнце уже садится!'
But dad'll drop dead on the spot if he'	Но папаша сразу крякнет, если'
But do you know something, My Lord?	Но знаешь что, Повелитель?
But don't despair, My Lord.'	Но не кисни, Повелитель.'
But don't forget all the good times,'	Но не забудь все кайфовые деньки,'
But don't take all day!'	Но не весь день копайся!'
But don't think this is kid's stuff! No!	Но не думай, это не детсад! Не-а!
But enough talking. Let's head'	Но хватит трепа. Валим'
But even if you make a Slimemoss with 8	Но даже если слепишь слизьмоха с 8
But event planning is such hard work!	Но ивенты планировать — это ж ад!
But for nutrient runes, you need to make	А для пищевых рун надо сделать
But if a God of Destruction can't murder'	Но если Бог Разрушения не может убить'
But if the %s	Но если %s
But if they find me first, <col:255,0,153,255>they'll'	Но если найдут меня первыми, <col:255,0,153,255>они'
But if you don't think fast, My Lord,'	Но если не сообразишь, Повелитель,'
But if you whack them the good	Но если вмазать им по-доброму
But if you'd like to avoid that'	Но если хочешь этого избежать'
But if you're not smart, you could end'	Но если тупить, можно кончить'
But if your soil has more mana than	Но если в почве маны больше, чем
But in the face of your artful pickwork,	Но перед твоей кирочной живописью
But intelligence also reports that soil	Но разведка ещё шепчет, что почва
But it sounds like they're not after'	Но похоже, они не за'
But it was definitely a mighty trio of	Но это точно была мощная троица
But it wasn't to be!'	Но не судьба!'
But it wasn't to be...'	Но не судьба...'
But it's no time to rest on your laurels.'	Но рано почивать на лаврах.'
But it's not enough to make a Dragon and'	Но мало слепить дракона и'
But it's too late now! My poor bar has'	Но уже поздно! Мой бедный бар'
But know this! Long Omnoms don't'	Но знай! Длинные омномы не'
But knowledge is power, My Lord, as some	Но знание — сила, Повелитель, как
But listen, My Lord. Unlike those of	Но слушай, Повелитель. В отличие от
But never forget that Omnoms have a	Но не забудь: у омномов есть
But no need to worry, our dungeon's'	Но не парься, наш данж'
But no! This is not Badmella's fault!'	Но нет! Это не вина Бэдмеллы!'
But now our work is done, it's time for'	Но дело сделано, пора'
But once they've used them, their power'	Но как потратят — их сила'
But put down the pickaxe first...	Но кирку сначала положи...
But rank injustice aside, you still took	Но даже при кривом ранге ты всё равно
But remember - no matter how strong a	Но помни — какой бы крутой ни был
But sometimes they've got friends.'	Но иногда у них есть кореша.'
But that's no excuse for a couple of'	Но это не отмазка для пары'
But that's the time you need to'	Но вот тогда-то и надо'
But the battle against those horrible	Но битва с этими ужасными
But there's no need to be down-hearted.'	Но киснуть незачем.'
But they can also summon man-made	Но они ещё призывают рукотворных
But this is no time to be crying over	Но сейчас некогда нюнить над
But this is not yet enough! I am still	Но этого мало! Я всё ещё
But this time around there's just three'	Но в этот раз их всего трое'
But to be honest, that's an advanced'	Но честно, это уже продвинутый'
But wait! Don't tell me you went and dug'	Но стоп! Только не говори, что ты вырыл'
But we're dealing with water here!'	Но тут у нас вода, ясно!'
But what I've given you has been pretty'	Но то, что я тебе ввалил, было довольно'
But who knows? If another one of those	Но кто знает? Если ещё один из этих
But why not take out your anger on those	Но чего б не выместить злость на этих
But why, My Lord, why!? I told you just	Но зачем, Повелитель, зачем!? Я ж только
But why, My Lord? I told you this hero	Но зачем, Повелитель? Я ж говорил: этот герой
But you'll be back.'	Но ты вернёшься.'
But you'll have to be pretty picky with'	Но придётся быть привередливым с'
But you're doing it all for Badmella's	Но ты всё это ради Бэдмеллы
But you're surrounded and can't escape!	Но ты в кольце и не сбежишь!
By grasping the full potential of water	Поняв весь потенциал воды
By tapping a treasure chest to get a	Тыкнув сундук, чтоб получить
By the time my dear daughter and her	К тому времени, как доченька и её
By the time they'd realized they'd	Пока они сообразили, что
By the way, My Lord, do you like	Кстати, Повелитель, тебе нравится
By the way, My Lord, have you been	Кстати, Повелитель, ты
By the way, the heroes who appear here	Кстати, герои, что тут появляются
By which I mean that for this	То есть для этого
C Rank, My Lord.	Ранг C, Повелитель.
CURSE YOU HEROES!!!	БУДЬТЕ ПРОКЛЯТЫ, ГЕРОИ!!!
Call yourself a God of Destruction!?	И ты ещё Бог Разрушения!?
Call yourself a daughter of mine!?	И ты ещё моя дочь!?
Can I ask, My Lord, are you really	Можно спросить, Повелитель, ты точно
Can it be that all evil Overlords are	Неужели все злые Повелители
Can this be happening? My only daughter	Это правда творится? Единственная дочь
Can you make it somewhere where I'm not'	Можешь сделать место, где меня не'
Can't make your mind up, eh? Careful -'	Не можешь выбрать, а? Осторожней -'
Catacombs of Castle Noneim.	Катакомбы замка Нонаим.
Challenge difficulty level, My Lord!	Уровень сложности испытания, Повелитель!
Chamber data saved.	Данные покоев сохранены.
Channel nutrients efficiently to your	Гони пищу по уму своим
Check Orbs screen.	Экран сфер.
Choose the monster you wish to add.	Выбери гада, которого добавить.
Choose the other Pickaxe you want to	Выбери другую Кирку, с которой
Choose which monsters you want soil and	Выбери, каким гадам почва и
Choose which monsters you want the soil	Выбери, каким гадам почва
Choose which pick to use and set your	Выбери кирку и выставь
Clear them with <col:255,0,153,255>more Dig Power</col> and less	Снеси их <col:255,0,153,255>большей Силой копки</col> и меньшей
Collect Dragon Orbs and you'll be able'	Собирай сферы дракона — и сможешь'
Come on now, don't start shouting'	Да ладно, не ори сразу'
Come on! That world isn't going to'	Давай! Тот мир сам себя не'
Come on, Pickaxes, pull your socks up!	Давайте, Кирки, поднажмите!
Come out! That's an order!'	Выходи! Это приказ!'
Come! Let's kill him and dance round his'	Давай! Убьём его и станцуем вокруг'
Come, Lord, the only good hero is a	Давай, лорд, хороший герой — это
Come, let us annihilate all those who	Давай сотрём всех, кто
Come, let's do some Basic Overlord'	Давай пройдём Базовый оверлордский'
Coming Soon!	Скоро!
Congratulations!	Поздравляю!
Congratulations! You've passed Level 2'	Поздравляю! Уровень 2 сдан'
Congratulations, you passed! Treat	Поздравляю, сдал! Угости
Cool!? Uncool!? What do these words mean	Круто!? Отстой!? Да что эти слова
Correction! I've summoned TWO Supremely'	Поправка! Я призвал ДВУХ Предельно'
Could it be a deadly Dvagon?	Это что, смертельный двагон?
Could you be the very same evil God of	Не ты ли тот самый злой Бог
Creating a Mara rune is a bit of a	Руна мары — это ещё тот
Curse that hero and all the magic tricks	Проклятье герою и всем его фокусам
Curse these heroes and all their	Проклятье героям и всей их
Curse those miserable heroes!	Проклятье этим жалким героям!
Curses! Darnation!	Тьфу! Проклятье!
Curses! Hellfire! Darnation! It seems I	Тьфу! Ад! Проклятье! Кажется, я
D Rank, My Lord.	Ранг D, Повелитель.
D-Dad...!? What is it?	П-пап...!? Что такое?
Dad and the flying pickaxes!	Папа и летающие кирки!
Dad!	Пап!
Dad! Don't drag it out! Just tell them'	Пап! Не тяни! Скажи им уже'
Dad! I'd know that muttering anywhere!'	Пап! Это бормотание я узнаю везде!'
Dad! When are you going to get the	Пап! Когда ты уже
Dad!!!	ПАПА!!!
Dad's gone...'	Папы нет...'
Dad's trying to tell us something! Stop'	Папаша нам что-то орёт! Хватит'
Dad, I'm sorry. Due to a useless excuse'	Пап, сорри. Из-за никчёмной отмазки'
Dad, could you put a stop to that	Пап, мог бы заткнуть это
Dad, do you never get tired of talking	Пап, тебе никогда не надоедает трепать
Dad, you know I won't be doing that...'	Пап, ты ж знаешь, я это не буду...'
Dad, you're twisted...'	Пап, ты больной...'
Daily Challenge past! Booyaka!	Данж на день пройден! Буяка!
Dark, brooding types really do it for	Мрачные брюнеты меня так
Darling demonic daughter, you've done'	Милая демоническая дочь, ты'
Deal with them sternly, My Lord!	Разберись с ними жёстко, Повелитель!
Dear oh dear oh dear...	Ой-ой-ой-ой...
Definitely! ...Maybe!	Точно! ...Наверное!
Depending on conditions and your own	Смотря по условиям и твоей
Despicable sons of goats! Yes, those	Мерзкие козлиные отродья! Да, эти
Destruction can't tie the knot!'	Разрушения не свяжет узел!'
Destruction defending her honor.	Разрушения, защищающий её честь.
Destruction gambit!	Гамбит Разрушения!
Destruction get the job done!	Разрушения доводят дело!
Destruction or a Dud of Distraction.	Разрушения или Отстой Отвлечения.
Destruction who worked alongside me when	Разрушения, что пахал со мной, когда
Destruction!?	Разрушения!?
Destruction, Lord! No matter who the	Разрушения, лорд! Кто бы ни
Destruction.	Разрушения.
Did Badman survive the heroes' attack!?'	Бэдмен пережил налёт героев!?'
Did you find my explanation deficient in	Мои объяснения показались жидковаты
Did you get it, Lordy-Wordy?	Въехал, лордик-шмордик?
Did you know that they level up when	Знаешь, они качаются, когда
Did you two not get along or something?	Вы двое не поладили, что ли?
Didn't it feel good, My Lord?'	Кайфово было, Повелитель?'
Didn't you do well!'	Ну ты даёшь!'
Difficulty Level 1!	Сложность 1!
Difficulty Level 1. Well done.	Сложность 1. Молодца.
Difficulty Level 2!	Сложность 2!
Difficulty Level 2. Well done.	Сложность 2. Молодца.
Difficulty Level 3!	Сложность 3!
Difficulty Level 3. Well done.	Сложность 3. Молодца.
Difficulty Level 4!	Сложность 4!
Difficulty Level 4. Well done.	Сложность 4. Молодца.
Difficulty Level 5!	Сложность 5!
Difficulty Level 5.	Сложность 5.
Difficulty Level 5. Well done.	Сложность 5. Молодца.
Dig Power! Go on - make the forces of	Сила копки! Давай — пусть силы
Dig Power.	Сила копки.
Dig Power. Dole it out by pressing the	Сила копки. Раздавай, жмякая
Dig Power. Set it to 9999 for infinite	Сила копки. Ставь 9999 — будет бесконечная
Dig Power</col>?	Сила копки</col>?
Dig a single, long path with a Dragon at	Рой один длинный путь, дракона в
Dig...Power...is...more...important...	Сила...копки...важнее...
Digging and thinking at the same time,	Копать и думать разом,
Digging narrow paths, as in the picture,	Узкие ходы, как на картинке,
Display Settings.	Настройки экрана.
Divide up your roles!	Поделите роли!
Do I have to!? Gah! Well, my homework	Надо!? Гх! Ну, моё д/з
Do it for me, Pickaxe - for Badmella.	Сделай ради меня, Кирка — ради Бэдмеллы.
Do that and the fossil will regain its	Сделай так — и ископаемое вернёт
Do that pick-pounding, dungeon-digging,	Давай, киркой бах-бах, данж рой,
Do that, and Dundadundunduuun Tower is	Сделай так — и башня Дундадундун
Do that, and they'll soon regain their'	Сделай так — и они мигом вернут'
Do we have to go over this again?	Опять по кругу?
Do you expect me to marry a Skeleman?	Мне, по-твоему, за скелемена замуж?
Do you know something, My Lord?	Знаешь что, Повелитель?
Do you know what would be more	Знаешь, что было бы ещё
Do you really think we're keeping track'	Думаешь, мы считаем'
Do you really want to invite the	Точно хочешь позвать
Do you really want to run away?	Точно хочешь сбежать?
Do you think they'd still come to the'	Думаешь, они всё равно припрутся в'
Do you want to go there and relive the	Хочешь туда и заново прожить
Do you want to replay	Хочешь повторить
Do you want to save? It's the only way'	Сохранить? Иначе никак'
Do you wish to create a restore point	Хочешь точку отката
Do your best to give them what-for,	Дай им прикурить как следует,
Do your best to turn this one into	Поднажми и сделай из этого
Do your darnedest, and we might just	Выложись — и, глядишь,
Do your worst, My Lord!	Давай по-злому, Повелитель!
Don't be fooled by appearances.'	Не ведись на внешность.'
Don't be in such a rush to dig, My Lord.'	Не гони копать, Повелитель.'
Don't be silly. You've only just	Не глупи. Ты только что
Don't be so glum, My Lord. Regulating '	Не кисни, Повелитель. Регулировать '
Don't dig the soil, and focus on culling'	Почву не рой, лучше прореживай'
Don't get too excited, though.'	Только не перевозбуждайся.'
Don't go getting any ideas, My Lord.'	Идейки себе не строй, Повелитель.'
Don't go wild and build a gargantuan'	Не бесись и не строй гигантский'
Don't jump to conclusions, My Lords!'	Не прыгайте к выводам, Повелители!'
Don't just dig for digging's sake!	Не рой ради самого рытья!
Don't let anyone tell you otherwise!'	Пусть никто не говорит иначе!'
Don't let me down!'	Не подведи!'
Don't let them overdose on nutrition or'	Не дай им пережрать пищу или'
Don't let these little setbacks get you'	Не дай этим осечкам тебя'
Don't tell me you'd rather conquer the	Только не говори, что лучше захватить
Don't they know that dishonor,'	Они не в курсе, что бесчестье,'
Don't worry if you find the thought too'	Не парься, если мысль слишком'
Don't worry, I know how it goes.'	Не парься, я в курсе, как оно.'
Don't worry, Pickaxe. You may be under'	Не парься, Кирка. Ты, может, под'
Don't worry, you'll still go on to the	Не парься, ты всё равно пойдёшь на
Dragon Hunter Hunter	Охотник на охотников
Dragon Orb, not to let the hero get his	сферу дракона, не дай герою схватить
Dragons and Lizardmen.	Драконы и ящеры.
Dundadundunduun Tower thing. I should	Эта башня Дундадундун. Надо б
Dundadundunduuun Tower!	Башня Дундадундун!
Dundadunduuun Tower! Excellent!	Башня Дундадундун! Отлично!
Dungeon IQ can go right up to Level 4.	IQ данжа качается аж до 4.
Dungeon-a-Day Menu?	Меню Данж на день?
Dungeon-a-Day Mode, the puzzles on	Режим Данж на день, загадки на
Dvagons, unlike Dragons, have very	Двагоны, в отличие от драконов, очень
EASY!? I've never heard such nonsense!'	ЛЕГКО!? Такую чушь ещё не слышал!'
Each hero differs as to whether they	У каждого героя по-разному, будут ли
Each one tests your ability in an	Каждый проверяет тебя в
Eek! Dad's trying to communicate'	Иик! Папаша пытается связаться'
Eek! Hey, Pickaxe, we've run out of Dig'	Иик! Эй, Кирка, Сила копки'
Eh!? A black-out!? Don't tell me dad'	А?! Затемнение!? Только не говори, папа'
Eh? How can you possibly know that!?	А? Откуда ты вообще это знаешь!?
Eh? What killed the mood?	А? Что атмосферу убило?
Eh? You want to save the current	А? Хочешь сохранить текущий
Embrace your vengeful side and rain	Включи мстительную сторону и обрушь
Enjoy this...display of my...	Наслаждайся этим...показом моей...
Enough, My Lord! Enough, I say!	Хватит, Повелитель! Хватит, сказал!
Erm. Right, dad...	Эм. Ладно, пап...
Esolim...elo...essa...urgh...	Эсолим...эло...эсса...ургх...
Even Gods of Destruction need to wash,	Даже Богам Разрушения надо мыться,
Even if I get dragged away to face the	Даже если меня утащат навстречу
Even if I restart Badmella's training,'	Даже если заново начну муштровать Бэдмеллу,'
Even on the Title Screen. Maybe there	Даже на титуле. Может, там
Even the God of Destruction on my	Даже Бог Разрушения на моём
Even when you're gone, we'll carry on	Даже когда тебя не станет, мы продолжим
Ever heard the saying ~He who fights	Слышал поговорку ~Кто дерётся
Every second we've spent with you has'	Каждая секунда с тобой'
Evil perishes! Good prevails! Game Over!	Зло сдохло! Добро рулит! Конец игры!
Excellent work! This dungeon's a'	Отличная работа! Этот данж —'
Excellent work, My Lord. I'll be'	Отлично, Повелитель. Я буду'
Excellent! Congratulations on a	Отлично! Поздравляю с
Excellent! Here goes! R-R-Reeewiiind!	Отлично! Поехали! О-о-отмооотка!
Excellent. Then all that remains is to	Отлично. Осталось только
Experiment with original ways to spawn	Экспериментируй, как плодить
Extra Heroes appear! You must be doing	Экстра-герои! Видать, ты что-то
Find out about the effects of pickaxe	Узнай про эффекты кирочных
Find out all this and more in...	Узнай всё это и ещё в...
Fine. Do what you like, you big	Ладно. Делай как хочешь, большой
First, we must seize Dundadundunduuun	Сперва хапнем башню Дундадундун
First, you'd better decide where I'm	Сперва реши, куда меня
Flowing water won't have any effect on'	Текущая вода не действует на'
Fly delivers that killer blow...	Муха вмазывает тот убийственный удар...
Food for Thought	Пища для ума
For badness' sake, Lord, turn my shame'	Ради зла, лорд, оберни мой позор'
For instance, the <col:255,0,153,255>30-Second Showdown</col>	Например, <col:255,0,153,255>30-секундная рубка</col>
For instance, those lovely Liliths you	Например, те милые лилиты, что ты
For mana runes, you can make a rune and	Для рун маны можно слепить руну и
For shame, My Lord! To be beaten by such	Стыд, Повелитель! Проиграть таким
Forgive...your...poor...father...	Прости...бедного...отца...
Formidable work, My Lord!	Грозная работа, Повелитель!
Fossil was a Not-So-Blue Whale?	Ископаемое было Не-таким-синим китом?
Gah!	Гах!
Gah! Defeated by a sadsack solo hero,	Гах! Слил одинокому нытику-герою,
Gah! I hate heroes! Why do they	Гах! Ненавижу героев! Почему они
Gah! It's no good! I can't keep up	Гах! Бесполезно! Не успеваю
Gah! The heroic scourge is here to	Гах! Геройская зараза явилась
Gah, anyway, there's an unprecedented'	Гах, короче, тут небывалый'
Gah, not again! Another half-hearted	Гах, опять! Опять вялый
Gah, this really isn't the time!'	Гах, сейчас вообще не время!'
Gather your wits about you, My Lord,	Соберись с мыслями, Повелитель,
Gaze at the gods' hideous visages!'	Гляди на мерзкие рожи богов!'
Gaze upon the devilish mark carved into	Узри дьявольский знак, вырезанный на
Get Liliths grazing on mana and they'll'	Пусти лилит пастись на мане — и они'
Get USED to it?! Pah! I've told you,'	ПРИВЫКНУТЬ?! Пф! Я ж говорил,'
Get that annoying holy water resting on	Сгони ту противную святую воду с
Get water to flow to soil with nutrients	Пусти воду на почву с пищей
Get your revived monsters to join in,	Пусть оживлённые гады тоже ввяжутся,
Glare at the dungeon and pick out where	Сверли данж взглядом и выбери, где
Glorious culling! Gratuitous killing!	Славная резня! Бесплатное мочилово!
Go and visit Badman's Chamber if you'	Сгоняй в Покои Бэдмена, если'
Go go Team Pickaxe!	Давай-давай, команда Кирка!
Go on, Pickaxe, get to it!	Давай, Кирка, за работу!
Go to it, My Lord!	Давай, Повелитель!
God of Destruction business.	Дела Бога Разрушения.
God of Destruction wouldn't take any'	Бог Разрушения не стерпел бы'
God of Destruction you wish to dig with.	Бог Разрушения, с кем копать.
God of Destruction!	Бог Разрушения!
Gods of Destruction ganging up on a	Боги Разрушения навалились на
Gods of Destruction what's in store'	Боги Разрушения, что вас ждёт'
Gods of Destruction who agree with me!	Боги Разрушения, кто со мной!
Gods of Destruction! Your services are	Боги Разрушения! Ваши услуги
Gods of Destruction, I charge you with	Боги Разрушения, поручаю вам
Gods of Destruction...	Боги Разрушения...
Gods of Destruction?	Боги Разрушения?
Gone are the glory days when you could	Прошли славные дни, когда можно было
Good luck to us both!	Удачи нам обоим!
Good luck, My Lord!	Удачи, Повелитель!
Good of you to bother turning up.	Мило, что вообще явился.
Good! Let's get on with clearing this'	Добро! Давай зачищать этот'
Good, because there's more Extra'	Добро, потому что ещё Экстра'
Goodness! It's more than a hundred'	Ого! Тут больше сотни'
Gragh! I think I've wrenched my ranting'	Граах! Кажется, сорвал глотку'
Gragh! It looks like some loathsome	Граах! Похоже, какие-то мерзкие
Gragh!? It looks like obscene	Граах!? Похоже, похабные
Gragh!? Looks like everybody's'	Граах!? Похоже, у всех'
Gragh!? Why must these heroic	Граах!? Почему эти геройские
Gragh... All over so soon...	Граах... И уже всё...
Grargh! This is so unfair!	Граргх! Это так нечестно!
Great steaming piles of... (splutter)	Огромные дымящиеся кучи... (кх)
Great work! The balance of monsters in	Классно! Баланс гадов в
Grinding them down little by little in a	Перетирать их по чуть-чуть в
Grragh...	Грраах...
Grrr... It really makes my blood boil!	Гррр... Аж кровь кипит!
Grrrr... More heroic whelps invading	Грррр... Опять геройские щенки лезут
Grrrragh...	Грррраах...
Grrrrarrrgh!!! You let him get away!	Грррраарргх!!! Ты его упустил!
Guide Slimemosses and cull them next to	Веди слизьмохов и режь их рядом с
HP dipped to half and he dropped it.	ХП упало до половины — и он выронил.
Ha ha, we win! But it took a bit longer	Ха ха, мы победили! Но чуть дольше
Ha ha......	Ха ха......
Ha! And as soon as I mention them,	Ха! И стоило их помянуть,
Ha! Good luck finding a real man among	Ха! Удачи найти настоящего мужика среди
Ha! How'd you like that?'	Ха! Ну как тебе это?'
Hah hah HAH! That's the stuff!'	Ха ха ХА! Вот это дело!'
Hah!	Ха!
Hah! That scrawny hero makes a great	Ха! Этот тощий герой — отличный
Hah! Why would worthless weaklings like	Ха! С какой стати никчёмные слабаки вроде
Hang on! That other big pickaxe is	Стоп! Та другая здоровая кирка
Hang on, there isn't any Badman's	Стоп, никаких Покоев Бэдмена
Happily, I've got my faithful Gods of'	К счастью, у меня верные Боги'
Happy Orb hunting, My Lord!	Удачной охоты на сферы, Повелитель!
Happy now, My Lord?	Доволен, Повелитель?
Harumph...	Хрмф...
Have a clear idea of where you want your	Чётко знай, куда хочешь свой
Have another try once you've sharpened'	Попробуй ещё, когда наточишь'
Have brought me back from...the	Вернули меня из...
Have you followed everything thus far?	Всё понял до сих пор?
Have you forgotten already?	Уже забыл?
Have you forgotten the look on a	Забыл, какая рожа у
Have you got tired of me already?	Я тебе уже надоел?
Haven't you learned anything...?'	Ничему так и не научился...?'
He can't be far from a full recovery'	До полного отхода ему недалеко'
He looked like the kind of hero with	Вид был такого героя, у которого
He's just an old man with an even'	Он просто старик с ещё более'
He's so annoying! Hang on, how come he'	Какой бесячий! Стоп, как это он'
Heed my words, O kings of the overworld!	Внемлите, о короли надземья!
Heeheeheeheehee!	Хихихихихи!
Hell's bells and buckets of blood!'	Чёрт, колокола и вёдра крови!'
Hell's bells! You're fast, My Lord!	Чёрт побери! Ты быстр, Повелитель!
Hello, dear! How has your quest for a	Привет, милый! Как поиски
Help me, My Lord! I'm in bits! I can't	Спаси, Повелитель! Я в клочья! Не
Her expensive private Overlord Academy	Её дорогая частная Академия Повелителей
Here Come the Heroes!	Герои пррришли!
Here come the heroes! Oh, and how	Вот и герои! О, и как же
Here come those heroes!	Вот и эти герои!
Here we are at last! The final hurdle!	Вот мы и тут! Последний барьер!
Here, let me blow you a kiss!	На, воздушный поцелуй!
Hero-summoned monsters <col:255,0,153,255>can't be culled</col> by'	Гады героев <col:255,0,153,255>не проредить</col>'
Heroes are my only hope of netting a	Герои — мой единственный шанс словить
Heroes are natural cowards, so they gang	Герои от природы трусы, поэтому стаей
Heroes have a habit of turning up at the	Герои любят явиться в самый
Heroes on scouting missions will <col:255,0,153,255>return	Разведчики-герои <col:255,0,153,255>вернутся
Heroes on the way.	Герои в пути.
Heroes ruling the Underworld!	Герои правят Подземельем!
Heroes will use healing magic when their	Герои лечатся, когда их
Heroes! A curse on all their houses!	Герои! Проклятье всем их домам!
Heroes! They're on their way!'	Герои! Они уже в пути!'
Heroes!? Don't they have homes'	Герои!? У них домов нет'
Heroes!? Have they got nothing better	Герои!? Им заняться нечем
Heroes!? There goes the neighborhood...	Герои!? Район пошёл псу под хвост...
Heroes!? What DID I do to deserve this,	Герои!? За ЧТО мне это,
Heroes' death rattles must have an'	Предсмертный хрип героев, видать,'
Heroes? Ugh, not again.	Герои? Тьфу, опять.
Heroes~ who only invade dungeons that	Герои~, что лезут только в данжи, где
Heroic bunglers banging on my dungeon	Геройские недотёпы колотят в мой данж
Heroic curs on the way!	Геройские псы в пути!
Heroic whelps seem to be rocking up to	Геройские щенки, похоже, подваливают к
Hey you there!	Эй, ты там!
Hey! I dress in black! Don't you like'	Эй! Я в чёрном! Тебе не'
Hey, God of Destruction.	Эй, Бог Разрушения.
Hey, Pickaxes! You've got two brains'	Эй, Кирки! У вас два мозга'
Hey, Pickaxes, did you hear that heroic	Эй, Кирки, слышали этот геройский
Hey, Pickaxes. Did you notice that my	Эй, Кирки. Заметили, что мой
Hey, he's started sensing heroes again!'	Эй, он опять героев чует!'
Hey, we're running out of soil here!'	Эй, почва кончается!'
Hey, you got a new pickaxe! You're a'	Эй, новая кирка! Ты'
Hey, you stupid Pickaxe! What are you	Эй, тупая Кирка! Ты чего
Hide me away in a corner somewhere, and	Засунь меня в какой-нибудь угол, и
His aquatic antics could purify all	Его водные фокусы могут очистить всю
Hm, the monsters didn't look too'	Хм, гады выглядели не очень'
Hm. Very well. But there's not much'	Хм. Ладно. Но тут не так уж'
Hm? How much time has passed since	Хм? Сколько времени прошло с
Hm? You want me to use my r-r-renowned	Хм? Хочешь, чтоб я пустил свою с-с-славную
Hmm, interesting.	Хм, занятно.
Hmm, yes. What indeed?	Хм, да. Что именно?
Hmm. Okay, I think I can work with	Хм. Ладно, с этим я сработаюсь
Hmm... Can't say I'm massively confident	Хм... Не скажу, что я прям уверен
Hmm? Oh, you don't seem to have any'	Хм? О, у тебя вроде нет'
Hmmm. That sounds okay, I guess.	Хмм. Вроде норм.
Hmmm... A younger man. Well, I guess	Хмм... Молодой. Ну, думаю
Hmmm... It seems a lot of today's heroes'	Хмм... Похоже, нынче много героев'
Hmmm... Maybe I should cut down on the	Хмм... Может, поубавить
Hmmmm...	Хмммм...
Hmmmm... I'd take you more seriously if'	Хмммм... Я б тебя серьёзней взял, если'
Hmmmmmmmmmmmmm...	Хмммммммммммм...
Hmph.	Хмф.
Hmph. All that hero-bashing has made the	Хмф. Вся эта героебойня сделала
Hmph. Did you even listen to a word	Хмф. Ты вообще хоть слово
Hmph. Okay. Well, there's going to be'	Хмф. Ладно. Ну, будет'
Hmph. The treatment I put up with...	Хмф. И такое со мной творят...
Hmph. There's no need to be like that.'	Хмф. Нечего так себя вести.'
Hmph. This gibbering wreck of a hero is	Хмф. Этот бормочущий обрубок героя
Hmph. Well, with heroes like that, you	Хмф. Ну, с такими героями ты
Hmph. You have awoken, O Evil Ones.	Хмф. Вы пробудились, о Злые.
Hmph...	Хмф...
Hoh!	Хо!
Hold off the frantic digging and your	Притормози бешеную копку — и твои
Holy water neutralizes water if it	Святая вода гасит воду, если
Honestly! Who do these selfish	Честно! Кто эти эгоистичные
Honestly, so negative!	Честно, какой негатив!
Horde Status from the Pause Menu, you	Статус орды в меню паузы, ты
How about it, you two? Don't blush like'	Ну как, вы двое? Не краснейте, как'
How am I supposed to convince Badmella	Как мне убедить Бэдмеллу
How can I put this?	Как бы это сказать?
How can the heroes on Stage 2 be	Как герои на этапе 2 могут быть
How can you forget all those	Как можно забыть все эти
How dare they stand up to an evil deity	Как смеют они переть на злого бога
How do I know? Well, those heroes we've'	Откуда знаю? Ну, те герои, что мы'
How in the Underworld did this happen?	Как, чёрт, в Подземелье это вышло?
How repellent!	Какая гадость!
How was it? Be honest, now.	Ну как? Честно, давай.
How will it go, I wonder?	Интересно, как пойдёт?
How!? What!? Why!? When!? Ummm... Who!?	Как!? Что!? Почему!? Когда!? Э-э... Кто!?
How'd you fancy one of these fine'	Как насчёт одного из этих славных'
How's the dungeon looking?'	Как данж выглядит?'
Huh!? It looks like atrocious	А?! Похоже, гнусные
Huh!? It looks like contemptible	А?! Похоже, презренные
Huh!? It looks like cowardly	А?! Похоже, трусливые
Huh!? It looks like despicable	А?! Похоже, подлые
Huh!? It looks like execrable	А?! Похоже, омерзительные
Huh!? It looks like grotesque	А?! Похоже, уродливые
Huh!? It looks like reprehensible	А?! Похоже, позорные
Huh!? It looks like self-righteous	А?! Похоже, самодовольные
Huh!? It looks like villainous	А?! Похоже, злодейские
Huh!? Loathsome heroes spotted	А?! Мерзкие герои замечены
Huh!? Looks like the Story Mode data	А?! Похоже, данные Сюжета
Huh!? My sister Mallory!?	А?! Сестра Мэллори!?
Huh!? Seems like there's no Story Mode'	А?! Похоже, Сюжета нет'
Huh!? She's right, you know...'	А?! Она, кстати, права...'
Huh!? Speak of the...erm...devil...	А?! Легок на...э-э...помине...
Huh!? Wait a second! Aren't you the big'	А?! Секунду! Ты ж не тот самый'
Huh.	Ха.
Huh? Do you really wish me to cast	А? Точно хочешь, чтоб я кинул
Huh? Do you wish to quit the game	А? Хочешь выйти из игры
Huh? So that's what the switch was for!'	А? Так вот для чего рубильник!'
Huh? You let them escape?	А? Ты их упустил?
Humph...	Хмф...
Hurry or the heroes will be upon us!	Шевелись, а то герои нагрянут!
Hurry up, Pickaxe! More heroes''	Живей, Кирка! Ещё героев''
I added that ~Catacombs~ bit on myself.	Кусок ~Катакомбы~ я сам пришил.
I admire your deviousness!	Ценю твою подлость!
I am!	Я!
I anxiously await your glorious return.	С трепетом жду твоего славного возвращения.
I ask not for your consent!	Согласия не спрашиваю!
I assure you, O fruit of my evil loins,	Клянусь, о плод моих злых чресел,
I believe congratulations are in order,	Кажется, пора поздравлять,
I beseech you to lend me and my minions	Молю, дай мне и моим гадам
I bet he thinks he's some kind of lone'	Спор, он думает, он какой-то одинокий'
I bet their idea of a fun evening is	Спор, их веселый вечер — это
I bet you think it's for plain old '	Спор, ты думаешь, это для простого '
I bet you're even wondering why you'	Спор, ты ещё думаешь, зачем ты'
I can pick up some nasty burns.	Могу схватить гадкие ожоги.
I can scarcely contain my excitement!	Чуть не лопаюсь от восторга!
I can see the positive in everything!	Я во всём вижу плюс!
I can smell heroes over yonder on that	Чую героев вон там, на том
I can take the lead and knock him into	Могу взять инициативу и вмазать его в
I can tell you're deeply impressed!'	Вижу, ты глубоко впечатлён!'
I can't bear much more of this standing'	Больше не вынесу этого стояния'
I can't believe it!'	Не верю!'
I can't tell you how impressed'	Не передать, как я впечатлён'
I can't think of a better way of making'	Лучшего способа сделать'
I clearly said that this hero's'	Я ж ясно сказал, что у этого героя'
I confess I'm a hard task-master and'	Признаю, я жёсткий надсмотрщик и'
I couldn't ask for a better deity!'	Лучшего бога и не пожелаешь!'
I despair, I really do...	Я в отчаянии, честно...
I didn't foresee those heroes turning up,'	Не ждал, что эти герои нагрянут,'
I disagree! And what sort of language	Не согласен! И что за лексика
I distinctly recall explaining to you	Я чётко помню, как объяснял тебе
I don't know all the details, but'	Всех деталей не знаю, но'
I don't know how tough they are, but'	Не знаю, насколько они крутые, но'
I don't know what I was thinking!'	Не знаю, о чём я думал!'
I don't know what's going on here!	Не знаю, что тут творится!
I don't know.'	Не знаю.'
I even came up with a few great ideas	Я даже наваял пару огонь-идей
I even went to the trouble of summoning	Я даже заморочился призвать
I explained in my infinitely patient way	Я объяснил с бесконечным терпением
I feel like I've really opened your'	Чувствую, я реально раскрыл тебе'
I forgot you were there.	Забыл, что ты тут.
I guess I should stick with the day job.	Видать, лучше сидеть на дневной работе.
I hate doing training, but letting	Ненавижу тренировки, но дать
I hate to halt you in mid-swing, but	Ненавижу рвать тебя на полувзмахе, но
I have a vague recollection of going	Смутно помню, как ходил
I have faith in you...	Я в тебя верю...
I hope their friends catch them	Надеюсь, их кореша словят
I hope we'll meet again soon...'	Надеюсь, скоро увидимся...'
I hope you took note! I want you both to	Надеюсь, записал! Хочу, чтоб вы оба
I just can't stand it!'	Я просто не выношу!'
I just heard that some skullduggerous	Только что слышал: какие-то пронырливые
I just knew it!	Я так и знал!
I just love filling your divine head	Обожаю набивать твою божественную башку
I knew if Badmella kept skipping her	Я знал: если Бэдмелла будет косить с
I knew it! I knew it 'cos you don't seem	Я знал! Знал, потому что ты не похож
I knew it! I knew it would turn out	Я знал! Знал, что выйдет
I knew this puny hero wouldn't take'	Знал, этот хилый герой не выдержит'
I knew you wouldn't let me down, Lord.'	Знал, не подведёшь, лорд.'
I knew you'd make me proud, My Lord!'	Знал, ты меня прославишь, Повелитель!'
I know I'm not an easy man to get along'	Знаю, со мной непросто ужиться'
I know its tricky gathering all that	Знаю, муторно собирать всю эту
I know more heroes are going to come	Знаю, ещё герои набегут
I know there's not much time before the'	Знаю, времени до'
I know training is a pain in the	Знаю, тренировка — это боль в
I know you can come up with	Знаю, ты придумаешь
I know you can do it, My Lord!	Знаю, ты сможешь, Повелитель!
I know you love me...	Знаю, ты меня любишь...
I know you'll continue and eventually'	Знаю, продолжишь и в конце концов'
I know you're a mild-mannered omnipotent'	Знаю, ты кроткий всемогущий'
I know you're frustrated that Badmella'	Знаю, бесит, что Бэдмелла'
I know, I know. I'm amazing.'	Знаю, знаю. Я крут.'
I know, it's annoying. But that's just	Знаю, бесит. Но это просто
I like them!	Они мне нравятся!
I look forward to meeting you again in	Жду новой встречи в
I may have been a little rude to impress	Может, чуть нагрубил, чтоб впечатлить
I may have said it before, but these	Может, уже говорил, но эти
I mean it. If it wasn't for your silky'	Серьёзно. Если б не твоя шелковистая'
I mean, I don't know why I'm acting so	То есть не знаю, чего я так
I mean, it's fun wiping the'	То есть кайф стирать'
I mean, like I say, there's only a'	То есть, как я сказал, есть только'
I mean, that's just my seventh sense'	То есть это просто моё седьмое чувство'
I mean, what were you playing at,	То есть ты чего выделывался,
I mean, you like me ranting and	То есть тебе нравится, как я ору и
I must accept your decision, My Lord.	Придётся принять твоё решение, Повелитель.
I need to go home and feed my Omnoms,	Мне домой, омномов покормить,
I pick up my limbs...	Подбираю конечности...
I rather think you are.	По-моему, как раз ты.
I really dig you, My Lords...	Я вас реально копаю, Повелители...
I really want to say is this...	Хочу сказать вот что...
I recommend leveling up monsters faster	Советую качать гадов быстрее
I said, hip-hip... Come on!	Я сказал, хип-хип... Давай!
I said?	Я сказал?
I saw you looking at the more difficult	Видел, ты пялился на более сложные
I see! Well, even if you take a bit of a	Понял! Ну, даже если чуть
I see. So you want to take on that	Понял. Значит, хочешь взять тот
I see. Well, I hope to see you round	Понял. Ну, надеюсь, ещё заглянешь
I sense that the key to dominating this	Чую, ключ к захвату этого
I sense two more heroes on the way. Use	Чую ещё двоих героев. Используй
I shall be married off! How exciting!	Меня выдадут замуж! Как волнительно!
I shall go ahead and choose	Я пойду и выберу
I shall pretend to be out.	Буду делать вид, что меня нет.
I should be captured and carried off,	Меня б схватили и утащили,
I should have mentioned it earlier,	Надо было раньше сказать,
I suppose you're right. We have to'	Пожалуй, ты прав. Надо'
I take Badmella's schooling very, very'	К учёбе Бэдмеллы я отношусь очень, очень'
I take it you've fully mastered the'	Так ты уже полностью осилил'
I tell you what, why don't you go above'	Вот что: чего б тебе не вылезти наверх'
I thank you from the bottom of my	Благодарю от самого дна моего
I think I'm going to be sick.'	Кажется, меня сейчас стошнит.'
I think I've said enough.'	Кажется, я уже наболтал.'
I think dad's hit his limit for being'	Кажется, папаша уже на пределе'
I think it's just one person who does a'	По-моему, это один тип, который'
I think that's quite enough out of you,'	По-моему, с тебя хватит,'
I think we should celebrate with the	Думаю, надо отметить
I thought I was done for there, but you	Думал, мне крышка, но ты
I thought we had a monopoly on monsters,	Думал, у нас монополия на гадов,
I thought we'd been over this! To make'	Думал, мы это прошли! Чтобы сделать'
I thought your power was mightier	Думал, сила у тебя мощнее
I trust you've seen the fiery splendor'	Надеюсь, ты видел огненный шик'
I want to go home and feed my	Хочу домой, покормить своих
I want to go home...	Хочу домой...
I want to strike terror into their	Хочу вбить им ужас в
I want you to engrave on your heart.	Хочу, чтоб высек на сердце.
I was about to squish it on principle.	Я уж хотел раздавить из принципа.
I was better off in my paralyzed state.	В параличе мне было лучше.
I was just chatting to Auntie Mallory	Я как раз трепался с тётей Мэллори
I was revived just to witness this!?	Меня оживили, чтоб это видеть!?
I was worried for a minute, but you did	Я минутку попарился, но ты
I was worried you might just be	Я боялся, что ты просто
I will track you down...	Я тебя выслежу...
I wonder if we'll get anyone half-way'	Интересно, попадётся ли хоть кто'
I wonder what pitiful excuses for men	Интересно, какие жалкие отмазки мужиков
I wonder...	Интересно...
I'd better think about organizing the'	Надо бы подумать, как организовать'
I'd have a dragon!~'	у меня был бы дракон!~'
I'd have to hold his hand and make sure'	Пришлось бы держать за руку и следить'
I'd heard rumors, but this is the first'	Слухи слышал, но это первый'
I'd strongly suggest you start off by'	Сильно советую начать с'
I'll always be here for you, My Lord.'	Я всегда буду рядом, Повелитель.'
I'll be waiting here, My Lord.'	Буду ждать тут, Повелитель.'
I'll be with you every step of the way!'	Буду с тобой на каждом шагу!'
I'll bet you the next hero is the last'	Бьюсь, следующий герой — последний'
I'll curse them real good!'	Прокляну их от души!'
I'll curse these heroes!'	Прокляну этих героев!'
I'll curse you!'	Прокляну тебя!'
I'll find a way of fixing him while you'	Найду, как его подлатать, пока ты'
I'll have plenty more to tell you once'	Ещё много расскажу, как только'
I'll have to stop you there, My Lord!'	Придётся тебя остановить, Повелитель!'
I'll never be able to go home!'	Домой я уже не вернусь!'
I'll prepare the fireworks!'	Приготовлю фейерверк!'
I'll probably get bored of it, but'	Наверное, надоест, но'
I'll try and keep it...short... So...'	Попробую...короче... Итак...'
I'll work on upping my eyes' ability to	Буду качать глазам умение
I'm afraid our current monster'	Боюсь, наша нынешняя'
I'm afraid you haven't got a hope.	Боюсь, шансов у тебя ноль.
I'm an evil Overlord! You know, ruler'	Я злой Повелитель! Ну, правитель'
I'm counting on you, My Lord! You'd	Рассчитываю на тебя, Повелитель! Ты б
I'm getting tired of being dragged'	Устал, что меня таскают'
I'm glad they got through!'	Рад, что прошли!'
I'm glad we had this little chat.'	Рад, что поболтали.'
I'm going to pop above ground and let'	Выскочу наверх и дам'
I'm going to run through this just the'	Пробегусь по этому ровно'
I'm going to tell you something now that'	Сейчас скажу такое, что'
I'm just thinking of you, My Lord!'	Я ж о тебе думаю, Повелитель!'
I'm looking forward to seeing how you'	Интересно, как ты'
I'm not bothered as long as they don't	Мне пофиг, лишь бы не
I'm not sure where to look,'	Не знаю, куда смотреть,'
I'm off...'	Я свалил...'
I'm picking up strong heroic readings'	Ловлю жёсткие геройские сигналы'
I'm ready to leave the nest and he's just	Я готов из гнезда, а он всё
I'm right, aren't I? And that's not all!'	Я прав, да? И это не всё!'
I'm so sorry I shouted!'	Так сорри, что орнул!'
I'm sorry, My Lords... (gibber gibber)'	Сорри, Повелители... (гыгы гыгы)'
I'm sorry. I don't know why I said that.	Сорри. Не знаю, чего это сказал.
I'm sure Your Divine Badness has noticed'	Уверен, Ваше Злодшиество заметило'
I'm sure you'll be struck by divine	Уверен, тебя ударит божественное
I'm sure you'll smash them either way.	Уверен, размажешь их в любом случае.
I'm the best!)'	я лучший!)'
I'm the best!~'	я лучший!~'
I'm the next generation of evil Overlord'	Я следующее поколение злых Повелителей'
I'm too weary even to rant, My Lord.'	Я слишком выдохся даже орать, Повелитель.'
I'm trying to convince Badmella of the'	Пытаюсь вдолбить Бэдмелле'
I'm very, very impressed, Pickaxe. It's	Я очень, очень впечатлён, Кирка. Это
I'm watching you...'	Я за тобой слежу...'
I've actually decided that if someone'	Я вообще решил: если кто'
I've also taken some old favorites and'	Я ещё взял старые хиты и'
I've even gone so far as to change the'	Я даже зашёл так далеко, что сменил'
I've got a bad feeling about this...'	У меня дурное предчувствие...'
I've got a feeling they won't be missing	Чую, они не будут скучать по
I've got a feeling this dungeon could'	Чую, этот данж мог бы'
I've got a strange feeling I've met this	Странное чувство, будто я этого
I've got nothing better to do...'	Мне всё равно делать нечего...'
I've had enough of your nonsense!'	С меня хватит твоей чуши!'
I've heard that leveling up Lizardmen'	Слышал, кач ящеров'
I've never seen such clunky pickwork!'	Такой кривой кирки ещё не видел!'
I've said it before and I may well say'	Говорил и ещё скажу'
I've said something will happen, there'	Я сказал — будет, значит'
I've seen tougher dragon dung.'	Видал и крепче драконьего помёта.'
I've struggled to-'	Я силился-'
I've summoned the Supremely Malevolent'	Я призвал Предельно Злобного'
IQ development. Get a load of this...	Развитие IQ. Глянь-ка сюда...
ITS PEOPLE WILL HAVE	ЕГО НАРОД УЗНАЕТ
If I invoke this powerful spell, your	Если я кину это мощное заклинание, твой
If aquatic creatures are seized by the	Если водных тварей схватит
If at all possible, My Lord, you should	По возможности, Повелитель, тебе б
If even a drop of holy water comes into	Если хоть капля святой воды попадёт в
If it be your will, O Evil One!	Если такова воля твоя, о Злой!
If nothing happened this time, it would	Если б и сейчас ничего, это б
If nothing happens, won't they invade'	Если ничего не будет, они что, вломятся'
If one of you isn't sure what to do,'	Если кто-то не в курсе, что делать,'
If that's the case, the hero won't drop	Если так, герой не выронит
If that's what you've become, it's a'	Если ты до такого дошёл, это'
If that's what's going on in your divine	Если у тебя в божественной
If the heroes are still running rings	Если герои всё ещё водят круги
If the heroes carry me off, that's the'	Если герои меня утащат, это'
If the mood takes you, why not try it	Если настроение есть, чего б не
If the world's got bigger, that means'	Если мир стал больше, значит'
If there are nutrients in the nearby	Если рядом в почве есть пища
If there's more than one monster in its'	Если в зоне больше одного гада'
If there's one thing in the whole wide'	Если во всём белом свете есть'
If these Slimeblossoms won't bloom, I'll	Если эти слизьцветы не расцветут, я
If they're full, they won't eat any more	Если сыты — больше не жрут
If things go seriously awry, you can end	Если всё пойдёт совсем вразнос, можно
If we can just take those two towers	Если хапнем те две башни
If we're dragged to the surface, it's	Если нас вытащат наверх, это
If you build <col:255,0,153,255>nothing but long tunnels</col>,	Если роешь <col:255,0,153,255>только длинные туннели</col>,
If you can <col:255,0,153,255>lure the heroes into water</col>,	Если <col:255,0,153,255>заманишь героев в воду</col>,
If you can buy enough time, My Lord,	Если выиграешь время, Повелитель,
If you can get your teamwork flowing,	Если сыграетесь,
If you can hammer those heroes before	Если прибьёшь этих героев до того,
If you can summon forth a nice batch of	Если вызовешь приличную пачку
If you carry on like this, we'll'	Если так продолжишь, нам'
If you dig clever, you'll have no'	Если копать с умом, не будет'
If you dig the kind of moldy-looking	Если роешь такие заплесневелые
If you dig up all the soil and leave	Если выкопаешь всю почву и оставишь
If you do that, Badmella won't have to'	Если так, Бэдмелле не придётся'
If you do that, I'll get caught and that'	Если так, меня схватят, и это'
If you do that, those indolent heroes	Если так, эти ленивые герои
If you don't create the right monsters'	Если не слепишь нужных гадов'
If you don't destroy them, they'll	Если не уничтожишь — они
If you fail next time, I'll eat my hat!'	Если в следующий раз сольёшь, съем шляпу!'
If you fail, no one's going to shout at'	Если сольёшь, никто не будет орать на'
If you find one, you need to soak them	Если найдёшь — надо их промочить
If you give up, it'll be Game Over.'	Если сдашься — Конец игры.'
If you have heroic hordes approaching,	Если на тебя прёт геройская орда,
If you just spend your time digging	Если только и делаешь, что копаешь
If you keep doing this and keep forcing	Если так и дальше и всё давишь
If you make the most of what we've got,'	Если выжмешь всё, что есть,'
If you prefer them to keep their mouths	Если хочешь, чтоб они рот
If you really want to see how long it	Если реально хочешь узнать, сколько
If you recklessly let it rush down to an	Если бездумно пустишь вниз на
If you want these Extra Heroes to stay	Если хочешь, чтоб эти экстра-герои остались
If you want to carry on an old dungeon,	Если хочешь ковырять старый данж,
If you want to dismember these heroic	Если хочешь этих святош-героев
If you wanted to weaken it fast, all you	Хотел быстро ослабить — тебе б
If you'd been a bit faster and rustled'	Чуть б шустрее шуршал киркой'
If you're desperate to have a look, you'	Если прёт глянуть — тогда ты'
If you're doing that and still losing,'	Если так орёшь и всё равно слив,'
If you're not sure how to go about'	Если не прёт, как к делу подступиться'
If you're still struggling, maybe you'	Если всё ещё тупишь, может, ты'
If you're still struggling, try using'	Если всё ещё тупишь, попробуй'
If you're struggling, remember you can'	Если туго — помни, что можно'
If you're wondering why my dad isn't	Если гадаешь, чего папка не
If you've done all you can to support'	Если уже всё выжал, чтоб поддержать'
If you've got the time, the inclination'	Если есть время, охота и кайф'
If your Horde Power's anything to go'	Если судить по мощи орды,'
If your nutrient and mana tweaking isn't'	Если крутишь пищу с маной, а толку'
Iiiiiiiiiiiii'm back!!!'	Яяяяяяяяя вернууулся!!!'
Iiiit's hero time! Right now, I mean.'	Пора-ааа героям! Прям щас, да.'
Imagine it, My Lords! My daughter	Представь, Повелители! Моя дочь
Impossible!	Невозможно!
Improve Your IQ	Прокачай IQ
In a real dungeon situation, treasure	В настоящем данже клад
In case you were wondering, that was my	Если вдруг интересно — это был мой
In our next training exercise, we're'	На следующей тренировке мы'
In the dim and distant past, when	В седой древности, когда
In the pugilistic world of the dungeon,	В мордобойном мире данжа
In through the nose, out through the	Вдох носом, выдох через
In which case GET ON WITH IT!!!	Ну тогда ШЕВЕЛИСЬ УЖЕ!!!
Incoming hero detected! My Lord, I trust	Герой на подходе! Повелитель, надеюсь,
Incoming heroes! Oh NO!	Герои прут! О НЕТ!
Info on and off by tapping me with your	Инфу вкл/выкл — ткни меня
Is that okay with you?	Тебя устроит?
Is that okay?	Так нормально?
Is the phone reception good here?	Тут связь ловит?
Is this some silly challenge you've'	Это что, дурацкий челлендж, что ты'
Is this spot okay?	Тут место норм?
Isn't Slimederella Moss just adorable?'	Слизерелла-мох — просто лапочка!'
It is an act of god indeed!	И правда деяние божье!
It is, isn't it? Ahh, you're a pretty	Правда ведь? Ах, ты ж красавчик
It just goes to show - evil will ALWAYS	Вот тебе мораль: зло ВСЕГДА
It looks as if these heroes might be a	Похоже, эти герои будут ещё тем
It looks like they've been arguing.'	Похоже, они там ругались.'
It looks like we're all done for'	Похоже, нам всем крышка'
It looks like...heroes!	Похоже... герои!
It may not be the simple world we grew	Может, это уже не тот простой мир,
It may smack of desperation, but this	Пахнет отчаянием, но этот
It may well have been me...	Вполне мог быть я...
It might be hogwash, but I've heard'	Может, бред, но я слыхал'
It might sound like an inordinate amount	Может, звучит как дофига
It might still be a little early to	Может, рановато ещё
It never hurts to save for a rainy day.	Запас на чёрный день не помешает.
It never stops, does it? Couldn't'	Не кончается, да? Нельзя было'
It seems more wannabe beaus are on	Похоже, ещё женихи-неудачники
It seems that we have another duo of	Похоже, к нам ещё парочка
It seems the challenge this time was a	Похоже, челлендж в этот раз был
It seems there are still plenty of new	Похоже, новых героев ещё полно
It seems they're coming to attack our'	Похоже, прут бить наш'
It seems you're not in prime pickaxe'	Похоже, кирка у тебя не в форме'
It seems your knowledge of Monstrology	Похоже, твоя монстрология
It sounds like I'm making it up, but'	Звучит как враки, но'
It was a kind of perpetual monstrous	Это был такой вечный монстрячий
It was an epic tussle, and those heroes	Эпичная рубка, и те герои
It was hurting my eyes to watch.	Аж глаза болели смотреть.
It was touch and go there for a while,	Чуть не сорвалось на минутку,
It's a familiar face backed up by a'	Знакомая морда плюс целая'
It's a great relief to hear you have'	Как же я рад, что у тебя'
It's a harsh world, daddy-o!'	Жестокий мир, папка!'
It's a miracle! Look at those bonny,'	Чудо! Глянь на этих крошек,'
It's a party of three this time, but...'	На этот раз троица, но...'
It's a veritable treasure trove of'	Прям сокровищница целая'
It's all about the end result.'	Главное — конечный результат.'
It's all about timing it so you only'	Главное — поймать момент, чтоб'
It's all going to be shiny and good!'	Всё будет блестеть и кайфовать!'
It's all very well for you, but I always'	Тебе-то хорошо, а я всегда'
It's bad enough that my only daughter'	Мало того, что единственная дочь'
It's beautiful!'	Красота!'
It's best to make them power up in an'	Лучше качай их в'
It's better not to pick unnecessary'	Лучше не лезть в лишние'
It's clear you haven't yet grasped these	Ясно: ты ещё не въехал в эти
It's fearsome good fun!'	Страшно как весело!'
It's good to give your dungeons'	Данжам полезно иногда'
It's got to be worth giving it a try!'	Стоит хотя бы попробовать!'
It's hard being an Overlord, eh?'	Тяжко быть Повелителем, а?'
It's heartbreaking, isn't it, Pickaxes?	Аж сердце рвётся, да, кирки?
It's hero o'clock. And there's'	Час героев. И ещё'
It's important to reassess your strategy'	Важно пересмотреть тактику'
It's incredible, really. As soon as'	Это ж просто дико. Как только'
It's like letting someone stroll into'	Это как пустить кого-то в'
It's never a bad idea to summon a Mara,'	Не грех призвать Мару,'
It's never too late to master the'	Никогда не поздно освоить'
It's not enough to spawn a great monster'	Мало просто родить крутого гада'
It's not that unique monsters are super-'	Не то чтобы уникальные гады супер-'
It's only the beginning.'	Это только начало.'
It's survival of the fittest out there!'	Тут выживает сильнейший!'
It's the last one, so it's probably a	Последний, так что наверняка
It's the mark of a sub-prime hero - '	Метка героя второго сорта —'
It's the other hero splashing holy water'	Это другой герой святой водой'
It's the saddest sight I've seen in my	Самое жалкое зрелище за всю мою
It's the second stage, so you may be low'	Второй этап, так что копки мало'
It's time for a torrential tidal wave'	Пора устроить потоп-цунами'
It's time for the heroes to arrive. If'	Пора героям явиться. Если'
It's time to see if you're a God of	Пора глянуть, Бог ты
It's time to start Step 3!'	Пора начать шаг 3!'
It's to try and stop you bickering and'	Чтоб вы прекратили грызться и'
It's tough to get those Lilies to sprout,'	Кувшинки туго всходят,'
It's you, My Lords, who have been'	Это вы, Повелители, и есть'
Its jaw is jaw-dropping, its power is	Челюсть — огонь, мощь —
Judicious handling of water and aquatic	Умелое дело с водой и водными
Just a few more defeated heroes''	Ещё пара побитых героев —'
Just another day at the office...	Очередной рабочий денёк...
Just as I feared! Even a majestically	Как я и боялся! Даже царственно
Just don't ask me why.'	Только не спрашивай, зачем.'
Just don't have kids and get divorced.'	Просто не заводи детей и не разводись.'
Just knuckle down and keep killing	Засучи рукава и вали дальше
Just press the L Button, and you can	Жми L — и можно
Just remember that it will dig into	Только помни: оно вгрызётся
Just tell him he was never meant to be a	Скажи ему: ты не был рождён
Just who were those bestial heroes!?	Да кто это были за звери-герои!?
KNOW NO PEACE!	НИ КРОХИ ПОКОЯ!
Kazam! Just like that, time stands	Казам! И время сразу
Keep making those heroes into corpse	Копи тех героев в трупный
Keep the □ Button held down for faster	Держи □ зажатой — копаешь
Keep this kind of delightful digging up	Копай так же смачно и дальше
Keep up the sterling work, My Lord,	Так держать, Повелитель,
Keep your beady demonic eye on this hero,	Не спускай бесовского глаза с героя,
Keep your eyes on the prize and hammer	Глаз на цель — и молоти
Kill confirmed! That's another victory!'	Убит! Ещё одна победа!'
King of Bling and send him home to his	Короля понтов и спровадь домой к
Knocking back all these suitors has	Отшивать всех этих женихов —
Learn how to get beasts breeding without	Научись плодить зверей без
Learn to recognize different types of	Учись узнавать разные типы
Leave the harder difficulty settings	Сложные уровни оставь
Lesson 1 - Use lots of long words and,	Урок 1 — сыпь длинными словами и,
Let me recap. First get Slimemosses	Повторю. Сначала слизьмохов
Let me say this using simple words.	Скажу простыми словами.
Let me see that!	Дай-ка глянуть!
Let me show you an effective way	Покажу дельный способ
Let me tell you a little about these	Расскажу чуть про этих
Let our newly-founded triangle of	Пусть наш свежий треугольник
Let the amount of mana or nutrients go	Пусти пищу или ману
Let's begin Daily Challenge Difficulty'	Начнём сложность Данжа на день'
Let's cast them into the pitch-black'	Швырнём их в кромешную'
Let's get fired up and fight 'em good!	Заведёмся и нададим им как следует!
Let's get on with it!'	Поехали уже!'
Let's head back, shall we?'	Назад, а?'
Let's move on, shall we?'	Дальше, а?'
Let's pick up that posture training'	Хватит этой учёбы осанки'
Let's pull some semblance of sense'	Соберём хоть крупицу смысла'
Let's see how you do!'	Поглядим, как ты!'
Let's start Step 4, shall we? If the'	Начнём шаг 4, а? Если'
Let's start Step 6!'	Начнём шаг 6!'
Let's strike back, take out the heroes'	Дадим сдачи, вынесем героев'
Let's take a trip down memory lane,'	Прогуляемся по памяти,'
Let's take on some heroes worthy of our'	Возьмём героев под нашу стать'
Letoffthehookikus so you can hang	Нецепляйкуса, чтоб ты мог
Level 1! Very well done!	Уровень 1! Красота!
Level 3!	Уровень 3!
Level up your monsters using Dig Power!	Качай гадов силой копки!
Liliths and more.	Лилит и прочие.
Linking up attacks and combining this	Связка атак плюс это
Listen up, Pickaxes! While my dad's in'	Слушай сюда, кирки! Пока папка'
Listen, Badmella, it's hard work making'	Слушай, Бэдмелла, тяжело делать'
Lizardfest 2010	Ящерица-2010
Lizardman or two.	Ящера-другого.
Lizardman's face after he's smashed his	Морду ящера, когда он размозжил
Lizardmen!	Ящеры!
Lizardmen, it means you've heard enough'	Ящеры — значит, ты уже наслушался'
Look at the dungeon! It's emptier than'	Глянь на данж! Пустее, чем'
Look at those beautiful blooming buds!	Глянь, какие бутоны цветут!
Look! You've upset dad now as well!'	Глянь! Ты и папку расстроил!'
Look, ever since word got out that I was	Слушай, с тех пор как разнесло, что я
Looks like we have heroes on the way.	Похоже, герои уже в пути.
Loosen up, My Lord! Chill out and give	Расслабься, Повелитель! Остынь и дай
Lord. You'll be much happier.'	лорд. Будешь куда счастливей.'
Lorelei electrocution, anthills...	Лорелея бьёт током, муравейники...
Lorelei's electric shocks can paralyze'	Ток лорелеи может парализовать'
Loud screaming, eh? You know, My Lords,	Орёшься, да? Знаешь, Повелители,
M-...My...Lord...	П-...По...велитель...
MAY THE WORLD!	ДА НЕ ЗНАЕТ МИР!
MISSION ACCOMPLISHED!!!	МИССИЯ ВЫПОЛНЕНА!!!
Mages' and Priests' horrible magic skills	Магов и жрецов мерзкая магия
Magic tears through any monster in the	Магия рвёт любого гада в
Making a Level 3 block of mana-filled	Блок 3 уровня, набитый маной,
Male. I expect better.	Мужик. Я ждал большего.
Malevolent Gods of Destruction!	Злобные Боги Разрушения!
Map.	Карта.
Marvelous stuff.	Классная тема.
Marvelous, My Lord! I don't wear a hat,'	Класс, Повелитель! Шляпы нет,'
Marvelous, My Lord! I knew you had it	Класс, Повелитель! Я знал, что ты
Marvelous, My Lord! Then let's rain'	Класс, Повелитель! Тогда обрушим'
Master that skill, and you'll make our'	Освой этот навык — и наши'
Master that, and there'll be no stopping'	Освой — и тебя уже не'
Master them, and you'll be on the way to'	Освой — и ты на пути к'
Master these techniques to get the mana	Освой приёмы — и мана
May all your buses and trains be late	Чтоб все автобусы и поезда тебе опаздывали
Maybe he's not a delusional loser'	Может, он не безумный лузер'
Maybe it really is time for you to fly the	Может, и правда пора тебе улетать из
Maybe it's my over-active imagination,'	Может, это буйная фантазия,'
Maybe you could lower the difficulty	Может, сбрось сложность
Maybe you'd better batter them though,'	Может, их всё ж отмолотить,'
Maybe you're thinking ~Shut up! We know'	Может, орёшь: ~Заткнись! Мы и так'
Medal of Honor for your efforts. Bravo!	Медаль почёта за труды. Браво!
Meh.	Мех.
Merely by dint of their presence in the	Уже одним фактом, что они в
Might I suggest you <col:255,0,153,255>conserve Dig Power</col>	Совет: <col:255,0,153,255>береги силу копки</col>
Mimic, you'll at least avoid the horror'	Мимик — хоть избежишь ужаса'
Mimics I placed in splendid isolation?	Мимики, что я сунул в гордом одиночестве?
Minding Your Mana	Следи за маной
Mmmmm-MWAH!	Ммммм-ЧМОК!
Mmmmm... Can you smell it, My Lord? The	Ммммм... Чуешь, Повелитель? Этот
Monsters born from runes can increase	Гады из рун могут расти
Monsters spawned from mana-rich soil	Гады с жирной маной в почве
More Advanced Training missions have	В продвинутой тренировке ещё
More Training missions have magically	Ещё тренировки магически
More antics like that, and my minions	Ещё такие выходки — и мои слуги
More...heroes...on...the...way...	Ещё...герои...на...подходе...
Most mighty, venerable and wise God	О великий, чтимый и мудрый Бог
Move me to select the area you want to	Двигай меня — выбери зону, где
Multi-tasking is the answer, My Lord!	Мультизадачность, Повелитель!
Must be a Pavlovian Overlord reaction.	Видать, рефлекс Повелителя по Павлову.
Mutation accomplished! This monster is	Мутация готова! Этот гад
Mutation works a little differently now	Мутация теперь чуть иначе
Mwah-hah! Hah-graaaargh...!?	Муа-ха! Ха-граааарх...!?
Mwah-hah-haaaah! Yes! Kneel before me,	Муа-ха-хаааа! Да! На колени предо мной,
Mwah-hah-haah! I'm very pleased with'	Муа-ха-хаа! Я очень доволен'
Mwah-hah-hah!	Муа-ха-ха!
Mwah-hah-hah! ...See?	Муа-ха-ха! ...Видал?
Mwah-hah-hah! A fitting end for those	Муа-ха-ха! Достойный конец для тех
Mwah-hah-hah! All you who dwell above	Муа-ха-ха! Все, кто живёт наверху
Mwah-hah-hah! Another lovelorn loser	Муа-ха-ха! Ещё один влюблённый лузер
Mwah-hah-hah! It worked, I tell you!	Муа-ха-ха! Сработало, говорю!
Mwah-hah-hah! Sleep the sleep of death,	Муа-ха-ха! Спи сном смерти,
Mwah-hah-hah! The Hero Rush is halted!	Муа-ха-ха! Натиск героев стоп!
Mwah-hah-hah! There's no use waving your'	Муа-ха-ха! Бесполезно махать своим'
Mwah-hah-hah! This foolish hero wandered	Муа-ха-ха! Этот дурень-герой забрёл
Mwah-hah-hah! Weaklings! You couldn't'	Муа-ха-ха! Слабаки! Вы даже не'
Mwah-hah-hah! You have served me well,	Муа-ха-ха! Ты мне хорошо послужил,
Mwah-hah-hah-ha-hahahaha-HAH!	Муа-ха-ха-ха-хахаха-ХА!
Mwah-hah-hah-haaaah!!!	Муа-ха-ха-хаааа!!!
Mwah-hah-hah-haaah! Enjoy your eternal	Муа-ха-ха-хааа! Наслаждайся вечным
Mwah-hah-hah-hah-HAAAAAHHHH!!!	Муа-ха-ха-ха-ХАААААА!!!
Mwah-hah-hah-hah-haaaa!	Муа-ха-ха-ха-хаааа!
Mwah-hah...whatever...	Муа-ха... да плевать...
My Chamber has become even more amazing	Моя Комната стала ещё круче
My Lord! Are you trying to test my	Повелитель! Ты что, моё
My Lord! It should have been so simple.	Повелитель! Всё ж было просто.
My Lord! Now that I have returned, a	Повелитель! Раз я вернулся, то
My Lord! Send these heroes away, and	Повелитель! Прогони этих героев, и
My Lord! You may find some surprising	Повелитель! Можешь найти кое-какие
My Lord! You're just too slow!'	Повелитель! Ты просто тормоз!'
My Lord!? What in the Underworld...?	Повелитель!? Что за Подземелье...?
My Lord, God of Destruction!	Повелитель, Бог Разрушения!
My Lord, God of Destruction, you've made'	Повелитель, Бог Разрушения, ты сделал'
My Lord, God of Destruction, you've'	Повелитель, Бог Разрушения, ты'
My Lord, I apologize, but my analyst	Повелитель, прости, но мой аналитик
My Lord, I can tell you wanted to make	Повелитель, вижу, ты хотел сделать
My Lord, I can tell you're itching to'	Повелитель, вижу, тебя прёт'
My Lord, I don't mean to be unduly'	Повелитель, не хочу лишнего'
My Lord, I humbly request your	Повелитель, смиренно прошу
My Lord, I know I asked a lot of you,	Повелитель, я много с тебя спрашивал,
My Lord, I take it you can't deal'	Повелитель, так ты не можешь'
My Lord, I trust you will join me.	Повелитель, надеюсь, ты со мной.
My Lord, I want you to take this	Повелитель, хочу, чтоб ты взял это
My Lord, I'm sure you've been on the	Повелитель, уверен, ты уже
My Lord, I've no doubt you've racked up	Повелитель, без сомнений, ты набил
My Lord, Most Mighty God of Destruction,	Повелитель, Великий Бог Разрушения,
My Lord, are you sure you fed up those	Повелитель, ты точно откормил тех
My Lord, as we've promenaded together on'	Повелитель, раз мы так гуляли'
My Lord, but I've got a lot on my plate,'	Повелитель, но у меня дел по горло,'
My Lord, did you manage to bag yourself	Повелитель, удалось урвать себе
My Lord, did you not listen when I told	Повелитель, ты не слушал, когда я
My Lord, do you wish to replay using the	Повелитель, хочешь переиграть с
My Lord, from now on, both Badmella and	Повелитель, отныне и Бэдмелла, и
My Lord, get to grips with mutation and	Повелитель, въедь в мутацию и
My Lord, if you and I work together,	Повелитель, если мы вдвоём,
My Lord, if you spawn too many Omnoms,	Повелитель, омномов слишком много,
My Lord, it seems you've racked up those'	Повелитель, видать, ты набил те'
My Lord, pull your divine finger out.	Повелитель, пальчик божественный достань.
My Lord, that's a LOOOOOOOOOOOOOOOO-'	Повелитель, это ТАКООООООООООООО-'
My Lord, the fact that you've made it'	Повелитель, раз ты уже дошёл'
My Lord, there are all sorts of ways of	Повелитель, есть куча способов
My Lord, there's no need to expend'	Повелитель, не надо тратить'
My Lord, there's no plan B! You need to'	Повелитель, плана Б нет! Тебе надо'
My Lord, this is diabolical!	Повелитель, это ж дьявольщина!
My Lord, we have news from our spies	Повелитель, шпионы доносят
My Lord, what's the matter with you?'	Повелитель, что с тобой?'
My Lord, why not <col:255,0,153,255>press the R button</col> to	Повелитель, <col:255,0,153,255>жми R</col>, чтоб
My Lord, you are most hospitable!	Повелитель, ты ж гостеприимный!
My Lord, you can't run away from your'	Повелитель, от судьбы не'
My Lord, you did it!	Повелитель, ты смог!
My Lord, you don't have the Dig Power to'	Повелитель, силы копки не хватит'
My Lord, you must have sensed my burning	Повелитель, ты ж чуял мой жгучий
My Lord, you must never give up! Even if	Повелитель, не сдавайся! Даже если
My Lord, you need to knuckle down and	Повелитель, засучи рукава и
My Lord, you wish me to incant the	Повелитель, хочешь, чтоб я пропел
My Lord, you're a disgrace to malevolent'	Повелитель, ты позор для злобных'
My Lord, you're so fly! You've turned	Повелитель, ты ж огонь! Ты превратил
My Lord, you've made this cynical, jaded'	Повелитель, ты этого циника,'
My Lord, you've spawned a small army'	Повелитель, ты родил целую армию'
My Lord. But it looks like you're'	Повелитель. Но видать, ты'
My Lord. I really am in awe of	Повелитель. Я и правда в восторге от
My Lord. We'll make them rue the day'	Повелитель. Заставим их пожалеть о дне'
My Lord... It's over at last. We'	Повелитель... Наконец конец. Мы'
My Lord? Just remember to leave the	Повелитель? Только не забудь оставить
My Lord? Remember, there's more than'	Повелитель? Помни, есть не один'
My Lords!? Call yourselves Gods of	Повелители!? Боги Разрушения, называется,
My Lords, forgive my suspicious mind,	Повелители, прости мою мнительность,
My Lords, have you noticed that <col:255,0,153,255>digging	Повелители, заметили, что <col:255,0,153,255>копка
My Lords, please dispatch those heroes	Повелители, разнесите тех героев
My Lords, twin Gods of Destruction!	Повелители, боги-близнецы Разрушения!
My Lords, you should have focused	Повелители, надо было целиться
My Lords, you're like glorious big wet'	Повелители, вы как славные мокрые'
My Lords, you're so groovy...'	Повелители, вы такие клёвые...'
My agents inform me that when they	Шпионы доносят: когда они
My beautiful Kingdom of Evil is ruined!	Моё прекрасное Царство Зла в руинах!
My chamber may be impressive, but it	Покои крутые, но это
My clothes are getting filthy, and the	Шмотки в грязи, и ещё
My devilish plans are coming to	Мои дьявольские планы уже
My eyes! My eyes! It's so bright!'	Глаза! Глаза! Так ярко!'
My make-up's ruined! My hair's	Макияж коту под хвост! Причёска
My twin Gods of Destruction, please	Мои боги-близнецы Разрушения, прошу
N-N-No way! A Hydra!	Н-н-нет! Гидра!
N-No way! Dad!!!	Н-нет! Папка!!!
NNNOOOOOO!!! This can't be happening!!!'	НЕЕЕЕЕТ!!! Этого не может быть!!!'
NOW!	ЖИВЕЕ!
Never forget that, My Lord!	Не забудь это, Повелитель!
Never forget that.	Не забудь это.
Next time, try getting other monsters	В следующий раз подтяни других гадов
Next up, it's Level 4!'	Дальше — уровень 4!'
Next up, we have a party of three	Дальше у нас троица
Next up, we've got a party of three.'	Дальше — опять троица.'
Next!	Дальше!
Next, dig away all the blocks of soil	Дальше срой все блоки почвы
Nice try, darling daughter, but I know	Мило, доченька, но я знаю
Nnnngghh... I'm full...'	Нннгхх... Я наелся...'
No matter how many monsters fell at the	Сколько б гадов ни пало от
No more boring lectures!	Хватит нудных лекций!
No way! He's saying really boring'	Не может быть! Он несёт такую скуку'
No way! I thought that last one was a	Да ладно! Я думал, последний был
No way. You did it. I'm actually quite'	Ничего себе. Сделал. Я даже'
No! We mustn't let them escape like'	Нет! Нельзя дать им так удрать'
No, Badmella. It's precisely set-backs'	Нет, Бэдмелла. Как раз осечки'
No, not you, silly. The heroes.	Нет, не ты, дурашка. Герои.
No, those are tip-top, stop-dragons-	Нет, те — высший сорт, стоп-драконы-
No, you need a man you can rely on when	Нет, тебе нужен мужик, на кого опереться,
No, you shouldn't be! Choose a'	Нет, не надо! Выбери'
No, you silly deity, that's none other'	Нет, глупый божок, это не кто иной'
Noneim! I'm counting on you!'	Нонаим! Я на тебя рассчитую!'
Not bad for a pickaxe!	Неплохо для кирки!
Not bad! Not bad at all! This is a pretty	Неплохо! Очень даже! Это довольно
Not that I care. It's up to you.'	Не то чтобы мне дело. Тебе решать.'
Not that I expect that was difficult	Не то чтобы это было сложно
Not that if they happen across me, they	Не то чтобы, наткнувшись на меня, они
Not that it makes much difference.	Не то чтобы разница большая.
Not to insult your intelligence, but the	Не хочу оскорблять ум, но
Nothing but a Mara would even have a	Только Мара вообще имела б
Nothing riles me more than these heroes	Ничто так не бесит, как эти герои
Now I look set to die, a tragic heroine	Теперь мне помирать, трагическая героиня
Now I'm not quite sure what to say!'	Теперь даже не знаю, что сказать!'
Now get back into that dungeon and dig	А теперь назад в данж и копай
Now he's graduated to a King of Bling,'	Теперь он вырос в Короля понтов,'
Now here's the good news. Kill the hero,'	А вот и плюс. Убей героя,'
Now hurry up and dig a fiendish dungeon	Живее, рой коварный данж
Now laugh demonically!	А теперь ржи по-демонически!
Now listen. Pickaxe. If you really want	Слушай сюда. Кирка. Если правда хочешь
Now shut up and get digging, Pickaxe.	А теперь заткнись и копай, кирка.
Now then. Move me to select the area	Итак. Двигай меня — выбери зону
Now they know that the wrath of our god	Теперь они знают: гнев нашего бога
Now they're gearing up to launch an'	Теперь они заводятся на'
Now we just need a name for our	Осталось имя для нашего
Now we just need an inauspicious date	Осталась несчастливая дата
Now you can put my delightful daughter	Теперь можешь мою прелестную дочь
Now, Badmella, explain to these evil	А теперь, Бэдмелла, объясни этим злым
Now, Badmella, my dearest daughter...	А теперь, Бэдмелла, доченька...
Now, Dragons hatch from Dragon eggs, of	Драконы, ясное дело, из яиц дракона,
Now, My Lord - what say we go for a	Ну, Повелитель — может, махнём на
Now, My Lord, I shall bid you good day.	Ну, Повелитель, я с тобой прощаюсь.
Now, My Lord, as you may be aware,	Ну, Повелитель, как ты в курсе,
Now, My Lords! I trust you know why I've'	Ну, Повелители! Надеюсь, знаете, зачем я'
Now, My Lords, you have been summoned	Ну, Повелители, вас призвали
Now, about the next stage - the heroes	Ну, про следующий этап — герои
Now, did you know that by selecting	А ты знал, что если выбрать
Now, don't think I'm not sympathetic.	Не думай, что мне не жаль.
Now, each of the heroic whelps who	Теперь каждый геройский щенок, что
Now, he can't be expected to take on'	От него нельзя ждать, что он вывезет'
Now, in this task, the direction the	В этом задании направление,
Now, let's head to Area 3: Castle'	Ну, валим в зону 3: замок'
Now, let's just decide on a date and'	Ну, давайте дату и'
Now, let's turn our attention to that'	Ну, глянем на тот'
Now, level with me, My Lord. You aren't'	Ну, по-честному, Повелитель. Ты ж не'
Now, now, Badmella. Don't cry until the'	Ну-ну, Бэдмелла. Не реви, пока'
Now, pull yourself together and face	Соберись и встреть
Now, rain destruction on those	Обрушь разрушение на этих
Now, take that potential and turn it	Возьми этот потенциал и оберни
Now, the arrow beside the hero's name'	Стрелка рядом с именем героя'
Now, the next hero is an alchemist.	Следующий герой — алхимик.
Now, there is one hero left to defeat.	Остался один герой на убой.
Now, there's no doubt the dungeon food'	Спору нет, жратва данжа'
Now, those heroes may be hateful, but	Герои мерзкие, спору нет, но
Now, those two thuggish bouncer types	А эти двое вышибал-громил
Now, to put it simply, it's a kind of'	Проще говоря, это вроде'
Now, to use the dark arts to pay a	Теперь тёмной магией отплатить
Now, what do we have next? Ooh, these	Ну, что у нас дальше? Ооо, эти
Now, while the finest unlicensed witch	Пока лучшая безлицензная ведьма
Now, without further ado, let's head to'	Ну, без лишней тягомотины валим в'
Nutrient circulation is the foundation	Круговорот пищи — это фундамент
Nyceknowingyou spell and let you retire	Былоприятнокус и отпусти на покой
O Almighty Evil One, were your water	О Всезлобный, вода у тебя
O Badmella, beloved daughter of mine!	О Бэдмелла, доченька моя!
O, Almighty One!	О, Всемогущий!
O, Gods of Destruction! Unleash your	О, Боги Разрушения! Обрушьте свой
Of all the pathetic whelps in the realms	Из всех жалких щенков в королевствах
Of course, if you overdo it, you'll end'	Конечно, если переборщишь, схлопочешь'
Of course, that's easy for me to say!'	Конечно, мне-то легко говорить!'
Of course, there are also risks	Конечно, есть и риски
Oh I get it. I spent countless sleepless	Ааа, понял. Я бессонные ночи
Oh My, Pickaxe, you're as tough as'	Ого, кирка, ты крепка как'
Oh dear. I'm sorry, but there's no	Ой. Прости, но нет
Oh ho ho! Looking very good, My Lord!	О-хо-хо! Выглядишь огонь, Повелитель!
Oh no! And there's another one on the'	О нет! И ещё один на'
Oh no! Not a Hero Rush!	О нет! Только не Натиск героев!
Oh no, My Lord! There are more horrible	О нет, Повелитель! Ещё мерзких
Oh yeah, whoever's digging for me - '	Ага, кто там копает за меня — '
Oh! And who's this we have here?'	О! А это ещё кто у нас?'
Oh, Auntie Mallory. You're a bit early'	О, тётя Мэллори. Рановато ты'
Oh, I almost forgot! Luckily, I wrote	О, чуть не забыл! К счастью, я написал
Oh, I'm sorry, My Lord.'	О, прости, Повелитель.'
Oh, about Extra Heroes - they usually	А про экстра-героев — они обычно
Oh, and Liliths eat Omnoms as well as	И лилит жрут омномов, как и
Oh, and apparently, Extra Heroes don't'	И, говорят, экстра-герои не'
Oh, and did you know that if you keep	А ты знал, что если держать
Oh, and don't forget to position me in'	И не забудь поставить меня в'
Oh, and in case you were wondering,	И, если вдруг интересно,
Oh, and when water flows, it will carry	И когда вода течёт, она тащит
Oh, and whoever's digging for my dad -'	И кто там копает за папку —'
Oh, and, um...you can toggle Dungeon	И, э-э... можно переключать Данж
Oh, and...	И ещё...
Oh, at the bottom right of the screen,	А в правом нижнем углу экрана
Oh, but I REALLY hate heroes who level	Но я ОЧЕНЬ ненавижу героев, что качают
Oh, by the way, I heard something	Кстати, я слыхал кое-что
Oh, by the way, only certain specific	Кстати, только кое-какие конкретные
Oh, by the way, you can check out our	Кстати, можешь глянуть наш
Oh, come on, dad! Can't you come out'	Ну пап! Не мог бы ты выйти'
Oh, did I mention that if you give the	А я говорил: если дать
Oh, goodness. And here come another	Ой, боже. И вот ещё
Oh, greetings, My Lord!	О, привет, Повелитель!
Oh, hear me, evil pickaxe! Come out!	О, слышь, злая кирка! Вылезай!
Oh, is that right? I must be getting you	О, правда? Видать, путаю тебя
Oh, it isn't you. Hm. I suppose you're	О, это не ты. Хм. Видать, ты
Oh, one last thing! <col:255,0,153,255>Press the L button</col>	И ещё! <col:255,0,153,255>Жми L</col>
Oh, really? Well then, select an area	О, правда? Ну тогда выбери зону
Oh, sorry, dad. This is the ending,	О, сорри, пап. Это концовка,
Oh, speaking of traps, have you come	Кстати о ловушках, ты уже
Oh, that was one of the catchphrases	О, это была из тех коронных фраз
Oh, this time it's Extra Heroes again.'	О, опять экстра-герои.'
Oh, um, ah... I never doubted you for a	О, э-э, а... Я ни секунды не сомневался
Oh, woe is me! Curse those annoyingly	О, горе мне! Будь прокляты эти бесячие
Oh, you are aware that you've got super'	О, ты в курсе, что у тебя супер'
Oh, you let them get away. You know	О, ты их упустил. Знаешь
Oh, you want me to use the powerful	О, хочешь, чтоб я юзанул мощное
Oh-ho! %ssummoning now,	О-хо! %sсейчас призыв,
Oh-ho. What have we here? Looks like	О-хо. Это ещё что? Похоже
Oh. According to the Scouts Express,	О. По данным Разведэкспресса,
Oh. Not so much, eh?	О. Не очень, да?
Oh. They ran off. Must have murdered	О. Удрали. Видать, уже нашинковали
Oh... My... God!!!	О... мой... бог!!!
Oh? Do you wish to quit the game	О? Хочешь свалить из игры
Ohhh. Even my amazing Overlord's eyes'	Ооо. Даже глаза моего крутого Повелителя'
Okay! Let's do this!'	Лады! Погнали!'
Okay! Show me how you Gods of	Лады! Покажи, как вы, Боги
Okay, Badmella! Just watch how your	Лады, Бэдмелла! Гляди, как твой
Okay, I'm going to summon them now.'	Лады, сейчас их призову.'
Okay, Pickaxe, there's three heroes on'	Лады, кирка, трое героев на'
Okay, let's get smashing those heroes'	Лады, пошли крошить этих героев'
Okay, let's stay just where we are.'	Лады, торчим тут же.'
Okay, onto the next wave of hero scum!	Лады, следующая волна геройского отребья!
Okay, put me somewhere nice and safe.	Лады, поставь меня где ништяк и тихо.
Okay, see you in a bit!	Лады, ещё увидимся!
Okay, select another area.	Лады, выбери другую зону.
Okay, so one of you might be flat and	Лады, один из вас плоский, а
Okay, well where should I stand, then?	Лады, ну и где мне стоять?
Okay. Well, I'll just pop up there and'	Лады. Ну, я тогда туда всплыву и'
Okay. Well, save your data and go out and	Лады. Ну, сохранись и вали вон
Okay...	Лады...
Omnoms will <col:255,0,0,255>starve</col>. Then look out for	Омномы <col:255,0,0,255>сдохнут с голоду</col>. Потом гляди
Omnoms.	Омномы.
On this stage in particular, you can	На этом этапе как раз можно
One final hill left to climb. One last	Остался последний холм. Последний
One of my very favorite sights is a	Одно из любимых зрелищ — это
One of these suitors seems to be staring	Один из женихов как будто пялится
One quick tip before battle commences:	Быстрый совет до боя:
One will serve my horde, the other will	Один послужит орде, другой
Only a couple, though.	Хотя всего парочка.
Ooh! Extra Heroes! And there's'	Ооо! Экстра-герои! И ещё'
Ooh, it's time for the grand finale!'	Ооо, пора на грандиозный финал!'
Ooh, look, the soil's sucking up all'	Ооо, глянь, почва жрёт всю'
Ooh, that was close! Another shock like	Ооо, чуть не вляпались! Ещё такой удар
Ooh, that's that pick you've always	Ооо, это та кирка, что ты вечно
Ooh, you're a lightning-fast dungeon-'	Ооо, ты молниеносный данж-'
Oops! I almost forgot - I need to	Ой! Чуть не забыл — надо
Oops, I've got a text!'	Ой, мне смска!'
Or a Slimemoss!? A good man's hard to'	Или слизьмох!? Мужика днём с огнём'
Or a spray of fragrant <col:255,0,153,255>Lilith Pheromones</col>	Или пшик пахучих <col:255,0,153,255>феромонов лилит</col>
Or at least, you can exchange them for	Или хотя бы меняй их на
Or did you make a mistake and just let	Или ты накосячил и просто дал
Or have you already been using it to the	Или ты уже юзал это на всю
Or maybe you've completed this training'	Или ты уже прошёл эту тренировку'
Or perhaps the problem is a lack of	Или беда в нехватке
Or the shrill shriek of a Lilith as she	Или визг лилит, когда она
Or the sight of a Hurtle stoically	Или вид шипастика, что стоически
Or you can focus on carrying nutrients	Или таскай пищу
Or you can guide Spirits and get them to	Или веди Духов и заставь их
Or you could consider thinning out the	Или прореди
Or you could have <col:255,0,153,255>led them to water</col> and	Или б <col:255,0,153,255>заманил к воде</col> и
Otherwise, heroes will just pick them	Иначе герои их просто снимут
Ouch! You know, My Lord, when pacier	Ай! Знаешь, Повелитель, когда шустрые
Our destination is in sight at last!	Цель уже видна!
Our plan today wasn't to repel heroic'	План на сегодня — не отбивать геройский'
Overlord trouble! It'll be all manner'	Повелитель в беде! Будет всякая'
Overlord very happy. I salute you.	Повелителя счастливым. Салютую.
Overlord would I be if I didn't set out'	Какой я Повелитель, если не задам'
Overlord!? No, sir. It's lonely at'	Повелитель!? Не-а. Наверху одиноко'
Overlord's darling daughter...'	Доченька Повелителя...'
Overlord. So much to do. So many	Повелитель. Столько дел. Столько
Overlords can't die...can they...?'	Повелители не мрут... ведь так...?'
Pah! I'll bet these heroic cretins'	Пф! Спорю, эти геройские кретины'
Paint me a pretty pickture, Lord!	Нарисуй киртинку, лорд!
Pathetic!	Жалко!
Pause Menu on the World Map Screen</col>.	Меню паузы на карте мира</col>.
Pay attention to heroic utterances and	Слушай геройский трёп и
Perfect. The phone reception's great!'	Отлично. Связь ловит на ура!'
Perhaps a God of Destruction isn't'	Может, Бог Разрушения — это не'
Perhaps you've spawned a mighty monster'	Может, ты родил крутого гада'
Phenomenal! Top notch! Spiffy! Fab!	Феноменально! Класс! Шик! Супер!
Pheromones released by Liliths...	Феромоны, что пшикают лилит...
Phew! I was sending Overlord mind	Фух! Я слал мысли Повелителя
Phew...	Фух...
Place land-based monsters at the	Ставь сухопутных гадов на
Play nicely now!	Играйте миленько!
Please accept my apologies, My Lords.	Примите извинения, Повелители.
Please insert some storage media containing	Вставь носитель, где есть
Please note, My Lord, that Mages' basic'	Заметь, Повелитель: у магов обычная'
Please note, My Lord, that the next hero	Заметь, Повелитель: следующий герой
Please wait a moment...	Минутку...
Please wait for a while...	Подожди немного...
Please, for goodness sake, don't do'	Ну ради всего злого, не делай'
Please...shut...up...! This...is...	Затк...нись...! Это...же...
Polish your culling skills and use	Наточи навык прореживания и юзай
Posture this! Posture that! Who cares	Осанка туда! Осанка сюда! Кому сдалось
Power for boosting our forces.	Сила, чтоб качать наши войска.
Power hitting a certain level.	Сила до определённого уровня.
Power won't go up, so it's like having	Сила не растёт, так что это как
Power you'll need to have left in order'	Силы, что должна остаться, чтоб'
Power! What are you going to do now,	Сила! И что ты теперь будешь делать,
Practice makes perfect, My Lord!	Повторенье — мать ученья, Повелитель!
Praise be to you, My Lord!	Хвала тебе, Повелитель!
Praise be to you, almighty deity of	Хвала тебе, всемогущее божество
Press the START button if this is the	Жми START, если это
Pressing both the L and R buttons on the	Жми L и R вместе на
Pretty snazzy, eh?	Красотка, а?
Pull yourself together and give them	Соберись и дай им
Put down the pickaxe, My Lord!	Кирку на пол, Повелитель!
Put your axe heads together and come up	Сложи кирки вместе и придумайте
Quickly! Engage evasive maneuvers!	Живее! Уклоняйся!
Quickly, get ready to give those heroes	Живее, готовься тем героям
Quit	Выход
Quite a convincing evil speech, don't'	Вполне злодейская речь, не'
R-Really? I mean, it was just a giggle	П-правда? Ну, это ж был прикол
Rain down the non-magical pain, My Lord!	Обрушь немагическую боль, Повелитель!
Read the manual or pay a little visit to	Читай мануал или загляни к
Really? Is that so? Well, why don't'	Правда? Вот как? Ну так'
Really? That's the nicest thing you've	Правда? Это самое милое, что ты
Really? You want me to use the powerful	Правда? Хочешь, чтоб я юзанул мощное
Relentlessly picky and selfish beyond	Вечно привередлива и эгоистична сверх
Remember - you can check heroes''	Помни — можно глянуть реплики героев''
Remember that, and you won't go far'	Помни это — и далеко не'
Remember this little ditty and you'll'	Запомни этот стишок — и ты'
Remember, My Lord, if you want to bone	Помни, Повелитель, если хочешь кости
Remember, scouts leave after wandering	Помни, разведчики уходят, побродив
Remembering every monster you can summon	Помнить каждого гада, кого зовёшь
Repeat after me...	Повторяй за мной...
Repeat that, and you'll have 99 Molds'	Повтори — и будет 99 плесеней'
Reports suggest some sly heroes were	Доносят: хитрые герои
Right, choose the heroes you wish to	Лады, выбери героев, которых хочешь
Right, let's continue, shall we?'	Лады, продолжим, а?'
Right, let's get on with plotting world'	Лады, дальше ковать мировой'
Right, the next batch of heroes will be	Лады, следующая пачка героев будет
Right, win this one, and that's our'	Лады, выиграй это — и наш'
Right. Well, when you're refreshed,'	Лады. Ну, как освежишься,'
Right. What I'm trying to say is that we'	Лады. Короче, мы'
Runeborn monsters all have a most	Рунные гады все имеют весьма
Rush stage, where the heroes just keep	Этап натиска, где герои всё прутся
S Rank, My Lord!	Ранг S, Повелитель!
Save Data → Load.	Сохранения → Груз.
Say ~hooray~! ...Ah, forget it.	Скажи ~ура~! ...Да ну.
Screen by selecting Options → Manage	Экран через Опции → Сохранения
Screen?	Экран?
See you in a bit. Oh, sorry. Almost	Ещё увидимся. О, сорри. Чуть
See you next time, sire!	До встречи, сир!
See you, Pickaxe! Come and play again	Пока, кирка! Приходи ещё
See you, Pickaxes! I really dig your	Пока, кирки! Я прям копаюсь в вашем
See, dad agrees with me. That's the'	Видишь, папка согласен. Вот это'
Seems your job's pretty easy, dad.'	Видать, работка лёгкая, пап.'
Sending weedy heroes like that to topple	Слать таких хилых героев свергать
Set the depth of your dungeon and the	Задай глубину данжа и
Shall we go, My Lord, and wreak	Пойдём, Повелитель, учиним
She was saying that as your sister she	Она говорила: как сестра она
Show me that you can continue to ride	Покажи, что дальше рулишь
Shuffle is performed!	Тасовка готова!
Simply magnificent, My Lord!	Просто великолепно, Повелитель!
Since his job is killing heroes, we	Раз его работа — мочить героев, мы
Since you're doing so well, why not'	Раз у тебя прёт, почему б не'
Skelewife and Skelekids...	Скележена и скеледети...
Skillful dungeoneers only dig dungeons	Умелые данжекопатели роют данжи
Slain monsters spew forth their mana and	Убитые гады изрыгают ману и
Slay heroes fast to earn a <col:255,0,153,255>Time Bonus</col>	Бей героев быстро — будет <col:255,0,153,255>бонус времени</col>
Slimeblossoms don't bloom when you're	Слизьцветы не цветут, когда ты
Slimemosses travel in will be determined	Слизьмохи пойдут — решит
Slimemosses.	Слизьмохи.
So I promised I'd find her someone,'	Так я обещал найти ей кого-то,'
So I've got no choice as his sole'	Так мне как единственной'
So a Wookiemon boosts the defense of	Так вукимон качает защиту
So be it. Well, I hope to find you in	Да будет так. Надеюсь найти тебя в
So dig <col:255,0,153,255>narrow</col> corridors and water	Так что рой <col:255,0,153,255>узкие</col> коридоры и воду
So don't sit back if they're dragging my	Так не сиди, если они тащат мою
So don't vex your divine brain too much'	Так не парь божественный мозг'
So don't!'	Так не надо!'
So dust yourself off, My Lord and try	Так отряхнись, Повелитель, и попробуй
So get it right next time, you useless,	В следующий раз попади, ничтожество,
So get your monsters to look out for	Так пусть гады следят за
So give those a go as well if you want	Так и те попробуй, если хочешь
So my husband-to-be brings a girl pal	Так мой жених тащит подружку
So once they've worked up enough of a'	Так когда они накопят достаточно'
So outside their watery natural habitat,	Так вне своей водяной среды,
So pink and squidgy! I could gaze at it	Такая розовая и желейная! Глядел бы
So put your feet up and have a look,	Так закинь ноги и глянь,
So relax, calm your pick-arm and take	Так расслабь киркоруку и
So relax, spawn hideously powerful	Так расслабься, плоди жутко мощных
So start by digging soil that looks like	Так начни с почвы, что выглядит как
So that's a Hero Rush, is it? Nice'	Так вот он, Натиск героев? Мило'
So that's the plan, My Lords! I want you'	Так вот план, Повелители! Хочу, чтоб вы'
So the beast sealed within the Colossal	Так зверь, запечатанный в Колоссе,
So the best approach is still to try	Так лучший ход — всё равно пробовать
So there. Now go back and do it properly.	Вот так. А теперь назад и сделай как надо.
So they finally made it...	Так они всё-таки добрались...
So they're weak and very demanding...'	Так они слабые и ещё требовательные...'
So this rugged type's going to be my'	Так этот громила будет моим'
So we have to wait a wee while? Well,	Так надо чуток подождать? Ну,
So when the mood takes you, My Lord, why	Когда накатит, Повелитель, чего б
So you definitely need them around	Так они тебе точно нужны рядом
So you go ahead and enjoy double the	Так валяй, лови вдвойне
So you might have mastered all the	Так ты, может, освоил все
So you want me to use my r-r-renowned	Хочешь, чтоб я юзанул з-з-знаменитое
So you want me to whip out the secret	Так хочешь, чтоб я достал секретное
So you want to go outside and play?	Так хочешь на улицу поиграть?
So you want to head to Badman's Chamber?'	Так хочешь в Покои Бэдмена?'
So you were just letting off a little	Так ты просто чуток выпустил пар
So you weren't looking for a husband for'	Так ты не искал мужа для'
So you're not on top form today and you'	Так ты сегодня не в форме и'
So, I suppose I'd better wish you'	Так, видать, пора пожелать тебе'
So, Mallory - take your - ahem - pick.	Так, Мэллори — выбирай — кхм — кирку.
So, My Lord, are you finally getting	Так, Повелитель, ты уже въезжаешь
So, My Lord, even when your Dig Power is	Так, Повелитель, даже когда сила копки
So, My Lord, when they act up, just give	Повелитель, когда бесятся — дай
So, My Lords, if what my dear daughter	Так, Повелители, если то, что доченька
So, here we are. I know, I know. I said	Так, вот мы и тут. Знаю, знаю. Я говорил
So, it's time for the heroes to arrive.'	Так, пора героям явиться.'
So, it's time for the last hero...'	Так, пора последнему герою...'
So, so many of them...	Так, так много их...
So, the time has finally come for the	Так, наконец пришло время
So, was there some unfinished business	Так, было какое-то незаконченное дело
So, where are you going to put me?	Так, куда меня поставишь?
So, where would you like me to stand?	Так, где мне стоять?
So, where's my VIP seat, then?'	Так, где моё VIP-место?'
So, yes. That's why I summoned you'	Так, да. Вот зачем я вас призвал'
So, you managed to smash those heroes	Так, тебе удалось разнести тех героев
Soil within approximately a 3 block area	Почва примерно в 3 блоках
Some heroes can use <col:255,0,153,255>disguises</col>,	Иные герои носят <col:255,0,153,255>маски</col>,
Someday...	Когда-нибудь...
Sometimes you just want to see weird	Иногда просто хочется глянуть на дичь
Sorry I didn't tell you that earlier,'	Сорри, что раньше не сказал,'
Sorry, I can't give you any advice. You'	Сорри, советов не дам. Ты'
Sorry, I got a bit carried away. But	Сорри, меня чуть занесло. Но
Sorry, I just had to call a halt to it.	Сорри, пришлось это оборвать.
Sorry, My Lord. You can't retry a stage'	Сорри, Повелитель. Этап не переиграть'
Sorry, but it's Game Over for you...'	Сорри, но для тебя это Конец...'
Sound familiar, My Lord?	Знакомо, Повелитель?
Souper Hurtles into shape!	Супер-шипастиков в форму!
Speaking of Overlord's jobs, I need to'	Кстати о работах Повелителя, надо'
Speaking of heroes' corpses, have'	Кстати о трупах героев, ты'
Spinning a tapestry of trickery and lies	Ткать ковёр из вранья и трюков
Spirits behave in precisely the	Духи ведут себя ровно так же
Spirits in runes' immediate vicinity'	Духи у самых рун'
Spirits to march into its maw.	Духов маршем к её пасти.
Spirits. My daughter says it's why their'	Духи. Дочь говорит, поэтому их'
Splendid! Magnificent! Extraordinary!	Блеск! Шик! Невероятно!
Splendid. Wanting to see things through	Блеск. Хочешь довести дело
Stay	Остаться
Step 2's through!'	Шаг 2 — готов!'
Step 7 starts here!	Шаг 7 стартует тут!
Step 8 is about to start! Eight's'	Шаг 8 вот-вот начнётся! Восемь —'
Step 9's starting! Get your picking'	Шаг 9 стартует! Хватай кирку'
Still, I shouldn't belittle your'	Всё ж не стоит принижать твой'
Still, a nice warm-up for the last	Всё ж неплохая разминка перед последним
Still, it's always nice to have a few'	Всё ж приятно иметь пару'
Still, keep searching for new fossils	Всё ж ищи новые ископаемые
Stop brooding, dad. You know what	Хватит дуться, пап. Ты ж знаешь
Stop! Cease! And desist!	Стоп! Стой! И не смей!
Stop, My Lord!	Стой, Повелитель!
Story Mode data as fast as you possibly	данные Сюжета так быстро, как только
Such speed! Such grace! Truly, you	Какая скорость! Какая грация! Право, ты
Sure!	Конечно!
Surely one half-decent hero's going to'	Ну хоть один нормальный герой же'
TERRIBLE NIGHTMARES!!!	СТРАШНЫЕ КОШМАРЫ!!!
Take a long hard look at the soil first.	Сперва хорошенько глянь на почву.
Take a look at this world!	Глянь на этот мир!
Take your alchemists. It seems they can	Возьми алхимиков. Кажется, они могут
Takin' it back for a blast from the'	Мотаю назад за взрывом из'
Tap that block to get a rune!	Ткни тот блок — будет руна!
Tap the rattling soil blocks and water	Ткни дребезжащие блоки почвы и воду
Tap them to get your Water Lilies!	Ткни их — будут кувшинки!
Thank...you...so very...much... Here...	Спаси...бо...огромное... Вот...
Thanks, heroes!	Спасибо, герои!
That couldn't be further from the truth.'	Это ж вообще не правда.'
That either means they're very close'	Значит, они либо очень близко'
That enough trumpet-blowing for you?	Хватит трубить про себя?
That felt good! Oh, sorry, I just	Как кайфанул! О, сорри, я просто
That goes for other heroes too.	То же и про других героев.
That means the heroes will just keep	Значит, герои будут всё прутся
That means you can experiment with	Значит, можно экспериментировать с
That means, if he can't go right, he'll	Значит, если не может направо, он
That might be the way to get the	Может, так и урвёшь
That reward's as good as ours!'	Награда уже наша!'
That shimmering golden hue could only	Этот золотой отлив мог быть только
That soil right in the center of the	Та почва прям в центре
That was a close one, My Lord.	Чуть не вляпались, Повелитель.
That was an awesome performance,	Это было огненное выступление,
That was the moment!	Вот он, момент!
That way, even if they snare me and try	Тогда, даже если меня схватят и
That way, if there's any you're having	Тогда, если какие-то тебе туго
That way, they'll see the error of their'	Тогда они узрят ошибку своих'
That way, you can save valuable Dig	Так сэкономишь драгоценную силу копки
That way, your monsters' power won't be	Так мощь гадов не будет
That'll be perfect for dealing with'	Это идеально против'
That'll buy you more time to put your'	Это купит время, чтоб воткнуть'
That's Step 1 done and done!'	Шаг 1 — закрыт-закрыт!'
That's Step 10 taken care of!'	Шаг 10 — снят!'
That's Step 3 seen to! But the games are'	Шаг 3 закрыт! Но игры ещё'
That's Step 4 finished. Goodness, look'	Шаг 4 закрыт. Боже, глянь'
That's Step 5 finished with. Wow, 50'	Шаг 5 закрыт. Ого, 50'
That's Step 7 done and done!'	Шаг 7 — закрыт-закрыт!'
That's Step 9 nailed! There's no	Шаг 9 забит! Тут уже нет
That's a Dragon Orb. Gather a few more'	Это драконий шар. Набери ещё'
That's a deeply wonderful thing. But'	Это глубоко прекрасно. Но'
That's all for today. Thank you both'	На сегодня всё. Спасибо вам обоим'
That's all the advice I've got for you	Это все советы, что у меня есть
That's all there is to it!'	Вот и всё!'
That's easier said than done, My Lord.'	Легче сказать, чем сделать, Повелитель.'
That's great, eh? We can get three out'	Круто, а? Можем выжать троих'
That's it. I've said my piece...	Всё. Я своё сказал...
That's just how it is, right?'	Ну так оно и есть, да?'
That's my girl! Let's give those heroes	Вот умница! Дадим этим героям
That's no good at all!'	Это совсем никуда!'
That's rather good.'	Довольно неплохо.'
That's right! Badman's back	Точно! Бэдмен вернулся
That's right, dungeon-diggers, you get'	Точно, данжекопатели, вам'
That's some fine culling, My Lord!'	Вот это прореживание, Повелитель!'
That's the way to do it, My Lord!'	Вот так и надо, Повелитель!'
That's the way to whittle down their HP'	Вот так и обтачивать их HP'
That's two heroes with one stone!'	Двух героев одним камнем!'
That's what I like to see! Two vengeful'	Вот это люблю! Двое мстительных'
That's why I told them that they didn't	Потому я им и сказал, что им не
That's why it's a good idea to feed up	Потому и стоит откормить
That's why the safest option is to'	Потому самый безопасный ход —'
That's why we've got this darn conveyor	Потому у нас эта чёртова конвейерная
That's why you need to carefully present'	Потому надо аккуратно подсунуть'
That's why you need to tap their prey'	Потому надо тыкать их добычу'
The Daily Challenges come in chunks of	Данж на день идёт кусками по
The Lilies will release nutrients which	Кувшинки отдадут пищу, которая
The Nutri-Go-Round	Пищевая карусель
The Pick who Gets it...Puck!	Кирка, что сечёт... Щёлк!
The Underworld is my love-nest, not the	Подземелье — моё гнёздышко любви, а не
The Underworld is no place for young	Подземелье — не место для юных
The bar's not been set too high this'	Планка в этот раз не высоко'
The best approach is to dig detours to	Лучший ход — рыть крюки к
The clue's in the name.'	Намёк в самом имени.'
The crucial thing is that with its burly	Главное — что с его дюжей
The custody battle would be apocalyptic.	Битва за опеку была б апокалипсисом.
The deadline for entry to the monster	Дедлайн записи на монстрячий
The doctor warned him about	Доктор его предупреждал про
The dragged-on warrior...	Затянутый воин...
The dungeon is a tough task mistress.	Данж — суровая госпожа.
The dungeon itself is also split into	Сам данж тоже порезан на
The dungeon was a right old mess at	Данж был тот ещё бардак на
The dungeon's brimming with lovely,'	Данж забит милыми,'
The end of the road! Iiiit's...Step 5!!!'	Конец пути! Ээээто... шаг 5!!!'
The fate of the world rests on this one	Судьба мира висит на этом одном
The final fantasist...	Финальный фантазёр...
The first step is to master the basics.	Первый шаг — освоить базу.
The first two times, the hero is alone,	Первые два раза герой один,
The force of the explosion is amazing,	Сила взрыва — просто огонь,
The goal is to be able to know instantly	Цель — уметь сразу знать
The heroes are on their way. Pour	Герои уже в пути. Лей
The idea was to get your hands on the	Идея была — урвать
The important thing is that the Omnom	Главное — что омном
The key here is understanding the way	Ключ тут — понять, как
The light of your brilliance, Lord,	Свет твоего блеска, лорд,
The monsters you dug up were so good,	Гады, что ты выкопал, были огонь,
The next one is on his way right now!	Следующий уже прёт прямо сейчас!
The not-so-glorious revolution	Не очень славная революция
The nutrient cycle can be a complex	Круговорот пищи бывает той ещё
The only difference is that one sucks	Разница лишь в том, что один сосёт
The other God of Destruction is	Другой Бог Разрушения
The other God of Destruction is deep	Другой Бог Разрушения глубоко
The other God of Destruction seems to	Другой Бог Разрушения, видать,
The other pickaxe has got fed up.	Другая кирка уже сыта по горло.
The ratio of the %s	Доля %s
The sands of time have run away,	Пески времени утекли,
The seas will effervesce and the heavens	Моря вскипят, небеса
The speed of these impudent pups!	Скорость этих наглых щенков!
The state of a hero's motivation can be'	Мотивацию героя видно по'
The test is over! Put down your pickaxe	Экзамен кончен! Кирку на пол
The thought of my daughter shacking up	Мысль, что дочь с кем-то свивает
The thought will keep me going while	Эта мысль меня продержит, пока
The time has come for the heroes to	Пора героям
The time limit will carry on counting	Лимит времени всё тикает
The tough hero had such eye-wateringly	У крутого героя были такие слезогонно
The world will never know peace, and...	Мир никогда не узнает покоя, и...
The...heroes...are...coming!	Ге...ро...и...и...дут!
Their HP was so far off the scale that	Их HP было так за шкалой, что
Their first priority is monsters, but	Сперва им гады, но
Their fossilized forms are exhumed from	Их окаменелости выкапывают из
Their names may be silly, but their	Имена дурацкие, а вот их
Then <col:255,0,153,255>Priests and Warriors will be unable</col>	Тогда <col:255,0,153,255>жрецы и воины не смогут</col>
Then by getting Omnom Flies to breed,	Потом заставь мух-омномов плодиться,
Then hurry up and finish your daily	Тогда живее добей свой ежедневный
Then it's just a matter of furnishing'	Дальше просто обставить'
Then simply cull them again!	Потом просто прореди их снова!
Then you can calculate just how much Dig	Тогда посчитаешь, сколько силы копки
Then you can dig side tracks with the	Тогда рой боковые ходы с
Then you can invite in the heroes you've'	Тогда зови героев, которых ты'
Then you'd feel my pain...'	Тогда б ты понял мою боль...'
Then you'll be able to minimize the'	Тогда сможешь ужать'
Then, if you can remain patient a while	Потом, если потерпишь ещё чуток
Then, when he turns into a Corpse King,	Потом, когда станет Королём трупов,
Then, when heroes come and try to open	Потом, когда герои придут открывать
There are all sorts of monsters just	Есть всякие гады, которые просто
There are also levels in the realm of	В том царстве тоже есть уровни
There are currently, let's'	Сейчас, давай прикинем,'
There are more heroes on their way to	Ещё герои прут к
There are...two heroes...approaching...	Идут...двое героев...
There is no escaping it, just as there	От этого не уйти, как не
There it is! A Herculomnom!	Вон он! Геркуломном!
There needs to be someone in charge!	Кто-то должен рулить!
There was no sincerity in my	В моём не было ни капли искренности
There! I've finished my homework!'	Опа! Я домашку добил!'
There'll be heroes along in a little'	Скоро подвалят герои,'
There'll be heroes here soon, and they'	Скоро будут герои, и они'
There's a very good reason. Just put'	Есть очень веская причина. Просто поставь'
There's a worrying absence of Dvagons!'	Тревожно мало двагонов!'
There's all sorts of fancy new areas and'	Куча модных новых зон и'
There's another Extra Hero on the way.'	Ещё один экстра-герой в пути.'
There's just something going awry.'	Что-то явно идёт наперекосяк.'
There's no guarantee, mind you.'	Гарантий, ясное дело, нет.'
There's no soil there, so it's no place	Там нет почвы, так что не место
There's not a puzzle in the world too'	Нет в мире загадки слишком'
There's nothing I like less than sly,'	Ничто так не бесит, как хитрые,'
There's now 10 more Slimemosses in the'	Теперь на 10 слизьмохов больше в'
There's someone coming!'	Кто-то прёт!'
There's someone on their way here!'	Кто-то уже в пути сюда!'
There's something about a rusty copper'	Есть что-то в ржавой меди'
These circumstances might be a	Эти обстоятельства могут быть
These heroes are a most disreputable	Эти герои — та ещё шпана
These heroes are sly and they'll work'	Эти герои хитрые, и они'
These heroes are the pits! I can't stand'	Эти герои — дно! Не выношу'
These heroes have a lot of gaul.	Эти герои наглые до галлов.
These heroes will pay!	Эти герои заплатят!
These heroic hellraisers are a most	Эти геройские дебоширы — та ещё
These lectures are boooooring!	Эти лекции таки-и-ие скучные!
These losers will do anything to avoid	Эти лузеры на всё пойдут, лишь бы не
These nosy slackers just come along,	Эти носы-халявщики просто приходят,
These two heroes boast skills that mean	У этих двоих навыки такие, что
They <col:255,0,153,255>don't seem to have ranged attacks</col>'	У них <col:255,0,153,255>вроде нет дальнего боя</col>'
They can also disguise themselves as	Ещё могут маскироваться под
They can launch magic attacks or spray	Могут бить магией или пшикать
They didn't even look like proper'	Они даже не выглядели как нормальные'
They didn't find me, which is the main'	Меня не нашли — это главное'
They do have to face rampaging heroes on	Им ещё бешеные герои на
They don't come to look for me, but for'	Они идут не за мной, а за'
They go in a straight line until they	Идут по прямой, пока не
They head home once they've had'	Домой, как нажрутся'
They look like scouts though, so I'll'	Хотя морды как у разведчиков, так что я'
They might talk the talk, but they're'	Язык у них подвешен, а сами'
They seem pretty <col:255,0,153,255>weak against magical	Они якобы <col:255,0,153,255>слабы против магии
They seem to be on some kind of	Видать, они на каком-то
They tell me I don't appreciate how hard'	Мне тычут, что я не ценю, как тяжко'
They will grow into Water Lilies again	Они снова вырастут в кувшинки
They'll just take a look around and'	Просто оглядятся и'
They'll need to buy some glossy wedding'	Им ещё лощёное свадебное'
They'll only get confused if you go and'	Они только запутаются, если ты пойдёшь и'
They'll reduce heroes who are vulnerable'	Срежут героев, кто слаб против'
They'll still tie me up and take me'	Всё равно свяжут и утащат'
They're all rusty and misshapen and'	Они все ржавые, кривые и'
They're bite-sized portions designed to'	Это порции на один укус, чтоб'
They're both going to do all they can'	Оба выжмут всё, что могут'
They're extremely effective against'	Они зверски эффективны против'
They're here to do some level-grinding,'	Они тут качаться,'
They're here to level-grind, and'	Они тут фармить опыт, и'
They're here.'	Они здесь.'
They're just here to get as much'	Они просто урвать как можно больше'
They're like mages in that they attack'	Они как маги: бьют'
They're much more useful against heroes'	Они куда полезней против героев'
They're so annoying with all their holy'	Бесят со всей своей святой'
They...will...be...here...very...	Они...будут...тут...очень...
Things didn't pan out as you'd hoped.	Вышло не так, как ты хотел.
Think carefully, now. If I get carried	Думай теперь. Если меня занесёт
This area is mid-campaign and the heroes	Эта зона — середина кампании, и герои
This can come in very handy for keeping	Это очень кстати, чтоб держать
This despicable episode was an example	Этот мерзкий эпизод был примером
This hero's cheery grin and rosy cheeks'	У этого героя улыбка и румяные щёки'
This is a nice way to save time when	Так удобно экономить время, когда
This is actually the third time I've'	Это уже третий раз, как я'
This is boooooooooring!	Это таки-и-и-ие скучно!
This is gold-plated advice I'm giving'	Это советы с золотым напылением'
This is great!	Это ж кайф!
This is more like it! Now, these are the	Вот это уже дело! Теперь это те
This is most regrettable...	Весьма прискорбно...
This is no fun! I'm going back to the'	Это не кайф! Я назад в'
This is so incredibly, unbelievably,	Это так невероятно, нереально,
This is so unfair...	Это так нечестно...
This is the bug that appears when large	Это баг, что вылезает, когда большие
This is the place to come if you want	Сюда иди, если хочешь
This is the text displayed when you	Это текст, что показывают, когда ты
This is training, so naturally you're'	Это тренировка, так что ты, ясное дело,'
This is where my darlings dwell! The	Тут живут мои лапочки! 
This is where you can flex your	Тут можешь блеснуть своим
This lot don't seem too tough, so just'	Эта братия не крутая, так что просто'
This means it's usually unheard of for'	Обычно такое неслыханно, чтоб'
This one looks like a martial artist	Этот смахивает на бойца
This one's after experience, so it'll	Этому нужен опыт, так что он
This replay is too long, and cannot be	Повтор слишком длинный, его нельзя
This rope doesn't half chafe against'	Эта верёвка так натирает'
This time you were aiming for soil with	В этот раз ты целился в почву с
This time, I've included monsters and'	В этот раз я подсунул гадов и'
This time, our hapless hero came alone.	В этот раз наш неудачник-герой пришёл один.
This wasn't the way it was meant to go,'	Так не должно было пойти,'
This won't do at all! What sort of evil'	Так дело не пойдёт! Что за злое'
Those barbaric heroes are at the gates,	Те варвары-герои у ворот,
Those beastly heroes had monstrous	Те звери-герои имели зверские
Those floaty things Shamans shoot out	Те летучие штуки, что шаманы плюют
Those heroes have definitely been up to	Те герои явно что-то
Those smart-alecks claim they're full'	Эти умники орут, что они полны'
Those types of puffed-up do-gooders are	Такие надутые святоши —
Though of course, you shouldn't get'	Хотя, ясное дело, не стоит'
Three grooms, no less! This could be	Трое женихов, ни больше ни меньше! Это может
Throw everything you've got at them,'	Обрушь на них всё, что есть,'
Throwing that weird water about the	Швырять ту странную воду по
Throwing your head back and laughing	Закинуть голову и ржать
Tied up by a beautiful hero showing	Связанный красивым героем, что
Time Bonus will be.	Бонус времени будет.
Time for you to take on Step 10!	Пора тебе на шаг 10!
Time to do Step 2!	Пора делать шаг 2!
Time's up, My Lord! But there's always	Время, Повелитель! Но всегда есть
Times have changed, My Lord. We live in	Времена другие, Повелитель. Мы живём в
To be honest, I was just thinking of	Честно, я как раз думал
To do that, My Lord, you're going to'	Для этого, Повелитель, тебе придётся'
To do that, you need to first prepare	Для этого сперва подготовь
To get the bestest, baddest monsters,	Чтоб самые злые-пре злые гады,
To keep the hero out of your hair, focus	Чтоб герой не лез в душу, целься
To make a Slimeblossom with 8 or more	Чтоб сделать слизьцвет на 8 или больше
To think, I was revived just to witness	И это меня оживили, чтоб я глядел
To think, a heroic cretin like that	И этот геройский кретин
To witness work of this magnificence is	Глядеть на работу такого шика —
Today didn't go to plan, but I know you'll	Сегодня план поехал, но я знаю, ты
Together we can rule the world!	Вместе мы захватим мир!
Too bad, my friends!	Жаль, друзья мои!
Tough love is what those Souper Hurtles	Жёсткая любовь тем супер-шипастикам
Tower. Not that we can see anything	Башня. Не то чтобы мы что-то видим
Tower. That's the one on the left of'	Башня. Та, что слева от'
Tower. You're doing quite well.'	Башня. У тебя вполне прёт.'
Training Mode.	Режим тренировки.
Training.	Тренировка.
Truly, monster's IQ development is the'	Право, прокачка IQ гада — это'
Try and defeat them before they run	Попробуй вынести их, пока не удрали
Try ideas like digging your dungeon in a	Пробуй идеи вроде рыть данж
Try to avoid making your dungeon too	Старайся не делать данж слишком
Try to sound a bit more like the sole	Звучи чуть больше как единственный
Turning now to the runes you need to	Теперь к рунам, которые надо
Ugh! Hideous heroes on the loose!	Уф! Мерзкие герои на свободе!
Ugh! It's so bright! It's so beautiful!	Уф! Так ярко! Так красиво!
Ugh. I've got more power in my little'	Уф. У меня в мизинце больше силы,'
Ugh...	Уф...
Uh-oh!	Ой-ой!
Uh-oh. I think my dad's losing his grip'	Ой-ой. Кажется, папка теряет хватку'
Um, sorry to spring it on you like	Э-э, сорри, что так внезапно
Umm, okay. You're the boss!'	Эмм, лады. Ты босс!'
Umm...that one, and...	Эмм...вон тот, и...
Ummm. So. Let's commence the assault'	Эммм. Итак. Начнём штурм'
Ummm... Dream on, dad.	Эммм... Мечтай, пап.
Ummm... Sure. Okay. Nice one, dad.	Эммм... Ага. Лады. Красота, пап.
Underworld if they knew that all there	Подземелье, если б знали, что там
Underworld itself!	само Подземелье!
Underworld that gets my sacrificial goat,	Подземелье, что бесит меня до козла,
Underworld to summon a more evil pickaxe	Подземелье призвать более злую кирку
Underworld! Yes. I'm talking about'	Подземелье! Да. Я про'
Underworld, all thanks to you!	Подземелье, и всё благодаря тебе!
Unfortunately, no matter how good you	Увы, как бы ты ни был хорош
Unleash your awesome and malevolent power	Обрушь свою крутую злобную мощь
Until the wretched hero opens the lid,	Пока жалкий герой не откроет крышку,
Urgh! A couple of lovebird heroes!	Угх! Парочка героев-голубей!
Urgh! Giant pickaxes in love with me!?	Угх! Гигантские кирки в меня влюблены!?
Urgh! Look at this place! So peaceful	Угх! Глянь на это место! Такое мирное
Urgh! The bitter taste of utter failure!	Угх! Горечь полного провала!
Urgh! They were just too powerful!	Угх! Они были слишком мощные!
Urgh, the thought makes me want to	Угх, от мысли хочется
Urgh...	Угх...
Urgh... As long as there is...evil in	Угх... Пока есть...зло в
Urgh...! They're...coming...!'	Угх...! Они...идут...!'
Urgh....	Угх....
Urgh...it seems to me like you were	Угх...мне сдаётся, ты
Use this digging technique to spawn a	Этим копом роди гада
Use water to bring monsters to areas	Водой тащи гадов в зоны
Use water to reduce your dungeon	Водой урежь свой данж
Use what you've learned today when'	Юзай то, что сегодня въехал, когда'
Use your <col:255,0,153,255>pickaxe skills at the same time</col>	Юзай <col:255,0,153,255>навыки кирки заодно</col>
Useless, weren't they, My Lords?'	Бесполезные были, да, Повелители?'
Utilize this wisely and you can repel	Юзай с умом — и отобьёшь
Very well.	Хорошо.
Very well. Go and absorb some nutrients	Хорошо. Иди впитай пищу
Very well. I hope your change of heart	Хорошо. Надеюсь, твоя смена сердца
Very well. I will await your return.	Хорошо. Буду ждать твоего возвращения.
Very well. Let us proceed.	Хорошо. Продолжим.
Very well. Let's begin!'	Хорошо. Начнём!'
Very well. May the dungeoneering	Хорошо. Да пребудет копание
Very well. Okay, we're skipping this'	Хорошо. Лады, этот пропускаем'
Very well. On with the show!	Хорошо. Шоу продолжается!
Very well. Please choose the	Хорошо. Выбери
Victory! Our incredibly well-	Победа! Наш адски круто-
WHY-OH-WHY-OH-WHYYYYYY!?!?!?!?	ПОЧЕМУ-ПОЧЕМУ-ПОЧЕЕЕЕМУ!?!?!?!?
Waaaaaaaah!~ It's very ungodly!'	Уаааааааа!~ Совсем не по-божьи!'
Wait a minute? Your hideous gnarled	Погоди минуту? Твои мерзкие узловатые
Wait, watch 'em die, look for the sign,'	Жди, гляди как мрут, ищи знак,'
Want to head to Badman's Chamber?'	В Покои Бэдмена?'
Want to hear a fun fact? Runeborn	Хочешь факт? Рунные
Want to watch it again, My Lord?	Хочешь ещё раз глянуть, Повелитель?
Warriors are one thing, but Shamans have	Воины — одно, а у шаманов
Was it fun?	Было весело?
Was it just an easy way to kill	Это был просто лёгкий способ убить
Water always flows downwards. That's a'	Вода всегда течёт вниз. Это'
Waves of heroic dolts lining up to	Волны геройских болванов в очереди
We can't continue to let these kinds of'	Нельзя дальше давать таким'
We could make a bit of money from the	Можно чуть деньжат с
We did it! Everything worked like	Сделали! Всё сработало как
We did it, My Lord!	Сделали, Повелитель!
We haven't got much time, so let's get	Времени мало, так что давай
We might as well give them gift-wrapped	Можно им и в подарочной упаковке
We must fight to the very end and wipe	Надо биться до конца и стереть
We should write this tear-jerker down.	Надо записать этот слезливый хит.
We thought we were going to get killed	Мы думали, нас убьют
We took the castle!	Мы взяли замок!
We were underground the whole time, so	Мы всё время были под землёй, так что
We'll carry on fighting those who'	Будем дальше бить тех, кто'
We'll carry on guarding the world'	Будем дальше стеречь мир'
We'll carry on living our lives to the'	Будем дальше жить на полную'
We'll get back to your training, just'	Вернёмся к твоей тренировке, только'
We'll pull through!'	Вывезем!'
We're an Omnom's whisker from bringing	Мы на ус омнома от того, чтоб
We're out of Dig Power! There's not	Сила копки кончилась! Нет
We've already conquered that area,'	Мы уже захватили ту зону,'
We've barely got started and we've	Мы едва начали, а уже
We've got more company.'	Ещё компания.'
Welcome to Badman's Chamber! Do you'	В Покои Бэдмена! Ты'
Welcome to Badman's Chamber!'	Добро пожаловать в Покои Бэдмена!'
Welcome to Dungeon-a-Day Mode!	Добро пожаловать в Данж на день!
Welcome to Dungeon-a-Day Mode, My Lord.	Добро пожаловать в Данж на день, Повелитель.
Well alright, but if I do, you'll lose'	Ну лады, но если так, ты потеряешь'
Well then, let's do it again.'	Ну тогда давай ещё раз.'
Well then, shall we proceed?	Ну тогда продолжим?
Well, <col:255,0,153,255>press the □ button to dig</col>.	Ну, <col:255,0,153,255>жми □, чтоб копать</col>.
Well, I bet the big Pickaxes would have	Ну, спорю, большие Кирки бы
Well, I don't have a hat, but I'll be	Ну, шляпы нет, но я
Well, I'm not entirely without sympathy.'	Ну, не то чтобы мне совсем не жаль.'
Well, I'm sure.'	Ну, я уверен.'
Well, I've learned that shouting at the'	Ну, я понял, что орёшь на'
Well, My Lord, if you keep pumping out	Ну, Повелитель, если дальше штампуешь
Well, My Lords, I'm ready to throw in'	Ну, Повелители, я готов выбросить'
Well, after all, you did invite them in,	Ну, всё-таки ты их сам позвал,
Well, he who fights and lets the other	Ну, кто дерётся и даёт другому
Well, here goes!	Ну, поехали!
Well, here we are in Area 3: The	Ну, вот мы в зоне 3:
Well, if they're not going to listen to'	Ну, если они не слушают'
Well, if you think of it as nonsense,	Ну, если это для тебя бред,
Well, in this world, you can join	Ну, в этом мире можно вступить
Well, let's leave those trifling details'	Ну, оставим эти мелочи'
Well, most of it, at least. And it's'	Ну, большую часть, по крайней мере. И это'
Well, now you're free to attempt Level'	Ну, теперь тебе вольно лезть на Уровень'
Well, remember that even if Badmella or	Ну, помни: даже если Бэдмелла или
Well, thanks to you, we've taken over'	Ну, благодаря тебе мы захватили'
Well, that didn't look all that tough!'	Ну, не выглядело так уж сложно!'
Well, that particular bird in the hand	Ну, та конкретная синица в руке
Well, that's Step 6 seen to. Hip-hip...'	Ну, шаг 6 закрыт. Хип-хип...'
Well, that's probably for the best.'	Ну, так, наверное, и лучше.'
Well, the monsters didn't look too'	Ну, гады не выглядели слишком'
Well, then. Stop messing around and	Ну, тогда. Хватит валять дурака и
Well, they're known as <col:255,0,153,255>Dragon Orbs</col>, and'	Их кличут <col:255,0,153,255>драконьими шарами</col>, и'
Well, this hero turns up unfashionably	Ну, этот герой прёт неприлично
Well, this is hardly the time to be	Ну, сейчас не время
Well, this kind of thing will happen if	Ну, такое бывает, если
Well, well, well. Here we are at Ludgala	Ну-ну-ну. Вот мы у Лудгалы
Well, you can browse the Almanac to	Ну, можешь листать Бестиар, чтоб
Well, you could cull Mold on the soil's'	Ну, можно проредить Плесень на почве'
Well, you get fired up, I'll get'	Ну, ты заводишься, я'
Whale I never! Ahem.	Ну кит себе! Кхм.
What I need is the world, and after two	Мне нужен мир, и после двух
What I'd really like is to sit back and'	А больше всего хочу сесть и'
What a glorious spectacle of divine	Какое славное зрелище божественного
What a sorry shambles! My Lord,	Какой жалкий бардак! Повелитель,
What an exciting journey of world	Какое захватывающее путешествие мирового
What are you doing making an unscheduled	Что ты делаешь с внеплановым
What are you making that face	Что это за морда
What do you mean!? How am I supposed	Что значит!? Как я должен
What does a girl have to do to find a	Что девчонке сделать, чтоб найти
What does it matter?	Какая разница?
What exactly are you up to? Are you	Ты вообще чем занят? Ты
What happened, did you bite your tongue	Что, язык прикусил
What have you done!? My glittering debut	Что ты наделал!? Мой блестящий дебют
What is it you young people say? Oh	Как там у вас, молодёжь? О
What is it, Badmella?	Что такое, Бэдмелла?
What is it? And why are you talking in	Что такое? И почему ты говоришь
What is this blinding pink light I see?	Что это за слепящий розовый свет?
What is this!? Speed dating!?	Это что!? Свидания на скорость!?
What is with these heroes!?	Что с этими героями!?
What teamwork! Is there anything more	Какая слаженность! Есть ли что
What they really long for, deep down	А чего они жаждут в глубине
What would you like to do?	Что хочешь делать?
What!? Those pitiful whelps dare to	Что!? Эти жалкие щенки смеют
What's seems to be the trouble, My Lord?'	В чём беда, Повелитель?'
What's that!? You think I'm spouting	Что!? Думаешь, я гоню
What's that, My Lord? A tapeworm!?'	Что, Повелитель? Солитер!?'
What's that, My Lord? You want to see'	Что, Повелитель? Хочешь глянуть'
What's that? Why am I suddenly telling'	Что? Чего это я вдруг рассказываю'
What's that? You want to leave this'	Что? Хочешь свалить из этого'
What's wrong with it, you big meanie?'	Что с ним не так, ты большой гад?'
What? Don't be stupid, pickaxes don't	Что? Не тупи, кирки не
What? That wasn't a scouting trip! Did'	Что? Это была не разведка! Разве'
What? That's it? That's all they had?	Что? И всё? Это всё, что у них было?
What? That's pretty good, isn't it? At	Что? Это ж неплохо, да? По
What? You want to go back to the Title	Что? Хочешь назад на Титул
When a Lizardman is well-fed, his little	Когда ящер сыт, его маленький
When damage is inflicted on heroes,	Когда героям наносят урон,
When heroes turn up en masse, split them	Когда герои прутся толпой, раскидай их
When it <col:255,0,153,255>points up</col>, they'll attack more,'	Когда <col:255,0,153,255>смотрит вверх</col>, бьют злее,'
When things get hectic, press the	Когда запарка, жми
When you can't seem to dispatch a hero,'	Когда героя никак не снять,'
When you cull monsters, their nutrients	Когда прореживаешь гадов, их пища
When you've satisfied your curiosity,'	Когда любопытство насытится,'
Where d'you want me to stand?'	Куда мне стать?'
Where do you want me to skulk, My Lord?	Где мне прятаться, Повелитель?
Where it stops, nobody knows!	Где остановится — никто не знает!
Where shall I stand, then? Hurry up,	Где мне стоять? Живее,
Whether it's world-domination or raising'	Хоть мировое господство, хоть воспитать'
Which brings me onto the subject	Что выводит меня на тему
Which is where you come in, O almighty	Вот тут ты и нужен, о всемогущий
Which is why I recommend replaying each	Потому и советую переигрывать каждый
Which is why it's such a rare treat to'	Потому так редко везёт'
While he's busy making the wedding'	Пока он занят свадебным'
While heroes are busy with this, you can	Пока герои с этим возятся, ты можешь
While they're split up, focus on'	Пока они врозь, целься в'
While we're here, I suppose I'd better	Раз уж мы тут, видать, лучше
Who cares anyway? I give up!	Кому какое дело? Сдаюсь!
Who did it? I don't have the foggiest'	Кто это сделал? Понятия не'
Who...dares...disturb...my...slumber...?	Кто...смеет...тревожить...мой...сон...?
Why anyone wouldn't want to come'	Почему кто-то не хочет прийти'
Why do these guys keep turning up with	Чего эти ребята всё прут с
Why don't you try spawning some'	Что не попробовать родить парочку'
Why even bother coming?	Зачем вообще приходить?
Why must the beautiful die so young?	Почему красота мрёт так молодой?
Why not agree on strategies like	Что не сговориться о тактике вроде
Why not give <col:255,0,153,255>Training Mode</col> another shot,	Может, ещё разок в <col:255,0,153,255>тренировку</col>,
Why not try getting Liliths to absorb	Что не дать лилит впитать
Why now, of all times?	Почему именно сейчас?
Why now?	Почему сейчас?
Why were they hurrying about the place	Чего они носились по месту
Why'd they have to capture me? Couldn't	Зачем меня хватать? Нельзя было
Will it be a Daily Challenge or a God	Это будет Данж на день или Экзамен на бога
With a bit more thought, you should be	С чуть большей головой ты должен
With all due respect, that was a	При всём уважении, это было
With luck, you might be able to wear	С везением, может, измотаешь
With that in mind, you can dig a path	С этим в уме рой путь
With the big day just around the corner,	До дня X рукой подать,
With the dungeon bustling with little	Данж кишит мелкими
With the skills you've mastered, you'll	С навыками, что освоил, ты
With you on my side, My Lord, I can take	С тобой, Повелитель, я могу взять
With your Majestic Evilness looking out	С твоим Великим Злом, что глядит
With your help, I was able to do my	С твоей помощью я смог сделать своё
World domination is a lot less stressful	Мировое господство куда спокойней
Wottaloozza spell?	Чегозафигнякус?
Would you believe it!? No storage media	Да ты что!? Нет носителя
Would you like to take things back to	Хочешь отмотать всё к
Would you mind waiting just a moment?	Не подождёшь чуток?
Wow! A Shin Dragon! Maybe you are a	Ого! Шин-дракон! Может, ты и
Wow, that's your theory, dad? '	Ого, это твоя теория, пап? '
Wow. Not bad for a pickaxe.	Ого. Неплохо для кирки.
Wretched heroes, running around like	Жалкие герои, бегают как
Write out the instruction manual ten	Перепиши мануал десять
Y-You did it, My Lord!	Т-ты смог, Повелитель!
Y-You don't? How marvelous!'	Т-ты не? Как восхитительно!'
Y-You haven't? My goodness, Lord, you'	Т-ты не? Боже мой, лорд, ты'
YOU WILL OBEY ME!!!	ТЫ ПОДЧИНИШЬСЯ МНЕ!!!
YOU! LET! HIM! GET! AWAY!	ТЫ! ДАЛ! ЕМУ! УДРАТЬ!
Yay! I finished my homework!	Ура! Я домашку добил!
Yay! I've finished my homework!'	Ура! Я домашку добил!'
Yay! No more posture training!	Ура! Больше никакой учёбы осанки!
Yay! No more time for my training!	Ура! На тренировку времени нет!
Yay! That sounded cool! Go dad!	Ура! Звучало круто! Давай, пап!
Yay! We did it! Let's go home and have'	Ура! Сделали! Домой и'
Yay! We did it! We did it!	Ура! Сделали! Сделали!
Yeah! What he said!	Ага! Что он сказал!
Yeah, I get it. A kind of ~thanks for	Ага, сек. Типа ~спасибо за
Yep, those three-hero parties are a lot	Ага, те троицы героев куда
Yes, I know it's a little harsh, but it'	Да, знаю, жестковато, но это'
Yes, I make that 99 Molds!	Да, у меня 99 плесеней!
Yes, I'm talking about <col:255,128,128,255>YOU</col>, staring at'	Да, я про <col:255,128,128,255>ТЕБЯ</col>, что пялишься'
Yes. Well. Ummm...	Да. Ну. Эммм...
Yet I fear more sub-standard suitors are	Но боюсь, ещё некондиционных женихов
You Pickaxes obviously don't get on.'	Вы, кирки, явно не ладите.'
You aced it, My Lord!	Ты разорвал, Повелитель!
You are trying my patience today,	Ты сегодня испытываешь моё терпение,
You bested that pesky hero without	Ты вынес того гадского героя без
You build up your monsters' strength and'	Качаешь силу гадов и'
You can adjust the <col:255,0,153,255>difficulty level</col> by	Можно крутить <col:255,0,153,255>сложность</col> через
You can adjust the difficulty level on	Сложность крутится на
You can advance your dungeoneering	Можешь прокачать своё данжество
You can be a fearless pick-wielding	Можешь быть бесстрашной киркой
You can be a rather demanding deity at	Можешь быть довольно требовательным божком
You can destroy the barrels and meat	Можешь крушить бочки и мясо
You can do it together, you know.	Можете вместе, знаешь ли.
You can do it, My Lord! You're the best!'	Ты сможешь, Повелитель! Ты лучший!'
You can either go with low-maintenance	Можно жить без заморочек
You can either keep culling monsters to	Или дальше косить гадов, чтоб
You can even find regular, everyday	Ещё найдёшь самых обычных,
You can even move my esteemed self and	Можно даже меня, особу, и
You can fling food at them, but they	Можно кидать в них жрачку, но они
You can laugh with us, and maybe	Поорём вместе, авось ещё
You can level up the monsters using	Можно качать гадов через
You can level up your monsters using	Можно качать своих гадов через
You can load save data from the Title	Сейв грузится с титульного
You can now add monsters	Теперь можно добавлять гадов
You can now find out all kinds of	Теперь узнаешь кучу всего
You can tell which rune is which by	Руну отличишь по тому,
You can unleash these pickaxe skills by	Навыки кирки жгутся так:
You can use Dig Power to level up your	Силой копки качай своих
You can use Dig Power to strengthen	Силой копки можно усилить
You can use all of these to slow down	Всем этим можно тормозить
You can't go over it too many times.'	Слишком часто не проскочишь.'
You can't grow Molds without having a'	Плесень не вырастет без'
You can't win a war with Slimemosses'	Войну одними слизьмохами'
You clearly know this series inside-out,	Серию ты знаешь наизусть,
You could have used a <col:255,0,153,255>Scuffle Shuffle</col> to	Можно было <col:255,0,153,255>Свалку-тасовку</col>, чтоб
You did it, My Lord!	Свершил, Повелитель!
You didn't manage to get it?'	Так взять и не вышло, да?'
You didn't really believe that, did you?'	Ты ж не купился на это, да?'
You do move in mysterious ways.	Пути твои неисповедимы.
You do really want to quit, but you're'	Сдаться-то хочешь, но ты'
You don't even need to call them.'	Их даже звать не надо.'
You don't have enough Dig Power left'	Силы копки осталось мало'
You don't have enough Dig Power to'	Силы копки не хватает,'
You don't have many mana-based'	Мана-гадов у тебя мало'
You don't need to defeat them to clear'	Их не обязательно мочить,'
You don't want me to behave less'	Не хочешь, чтоб я был менее'
You don't want that, do you, My Lord?'	Тебе ж не надо, Повелитель?'
You guys are the best!	Вы, ребята, огонь!
You have advanced the cause of the	Ты продвинул великое дело
You have been paying attention, I trust.	Надеюсь, ты не прослушал.
You have passed Daily Challenge	Ты прошёл Данж на день
You haven't seen the last of me!'	Это ещё не конец, я вернусь!'
You heard the lady, My Lords!	Дама сказала, Повелители!
You just think it's a fairly standard'	Тебе кажется, это обычный'
You know how I like to skulk!	Знаешь, как я люблю прятаться!
You know that.	Это ты знаешь.
You know, My Lord, when you have three	Знаешь, Повелитель, когда трое
You know, My Lords, those heroes aren't'	Знаете, лорды, эти герои не'
You know, all this talk of Badmella's'	Знаешь, вся эта тема Бэдмеллы'
You know, sometimes I think you're the'	Знаешь, порой думаю — ты тот'
You know...	Знаешь...
You let them escape, My Lord!	Ты их упустил, Повелитель!
You may already know where your skills	Может, уже знаешь, где скиллы
You may also hit upon ways to optimize	Может, найдёшь, как оптимить
You may be a little disappointed when	Может, чуток расстроишься, когда
You may have defeated me this time,	Сейчас ты меня прибил, ладно,
You might just get a pleasant surprise!	Может, будет приятный сюрприз!
You missed your chance! When the hero's'	Шанс слил! Когда у героя'
You must fight your own battles!	Сражайся сам, без нянек!
You must have had those moments when you	Бывали же моменты, когда ты
You need to be able manage nutrient and	Надо уметь крутить пищу и
You need to dig a channel exclusively	Надо копать канал исключительно
You need to focus on team work all the	Командная работа — на первом
You need to look after that beast!	За этим зверем надо следить!
You need to smash any <col:255,0,153,255>Barrel Bombs</col> or	Кроши любые <col:255,0,153,255>Бочки-бомбы</col> и
You need to try a little harder...	Надо поднажать чуток сильнее...
You okay with this, Pickaxe?	Тебе норм такое, Кирка?
You only have to be told once and you	Тебе раз сказать — и ты уже
You passed Daily Challenge Difficulty	Пройден Данж на день, сложность
You really are a peerlessly insensitive	Ты реально бесчувственный
You really led that hero on a merry	Ты того героя водил за нос
You really want me to cast Gettlostikus	Правда кастовать Отваликус
You really want to open the door to the	Правда хочешь открыть дверь в
You see! That's what happens when heroes'	Вот! Вот что бывает, когда герои'
You see, My Lord, it should be easy.	Видишь, Повелитель, легко же.
You should have culled Slimemosses above	Надо было косить слизьмохов выше
You should try them out.	Попробуй их в деле.
You stay down here with me and dig,	Сиди тут со мной и копай,
You still wish to retire?	Всё ещё хочешь сдаться?
You tell 'em, dad!'	Скажи им, пап!'
You think I'm going to let you walk off'	Думаешь, я дам тебе слинять'
You think it's easy being an evil'	Думаешь, легко быть злобным'
You think that's okay?'	Думаешь, так можно?'
You try being tied up by a hero.	Попробуй, когда герой тебя связал.
You useless, dirty, stinky excuse for	Ты бесполезный вонючий кусок
You want to replay	Хочешь переиграть
You want to replay the	Хочешь переиграть
You were just picking away like headless	Ты долбил как безголовый
You what!?	Чего!?
You wish to return to the Title Screen?	На титульный экран, да?
You'd better make the most of your'	Лучше выжми максимум из'
You'd stick out like a sore thumb, and'	Ты как шишка на ровном, и'
You'll also need to make maximum use of'	Ещё надо выжать максимум из'
You'll be able to see a ring around'	Увидишь кольцо вокруг цели'
You'll come along and watch, won't you,	Пойдёшь с нами смотреть, а,
You'll end up with different monsters'	Получатся другие монстры'
You'll find there's nothing like a	Поймёшь: нет ничего лучше
You'll find they behave differently'	Они ведут себя совсем иначе'
You'll get an overview of everything'	Увидишь картину целиком'
You'll have noticed that if you can'	Заметил уже: если сумеешь'
You'll have to beef up my minions a bit'	Придётся подкачать моих слуг'
You'll have to spend the whole time'	Придётся весь срок торчать'
You'll have to win our good name back'	Придётся вернуть наше имя'
You'll need to look after that Slimemoss'	Присмотри за тем слизьмохом'
You'll never get your hands on my'	До моего ты не доберёшься'
You'll see, My Lord. It'll be worth it	Увидишь, лорд. Оно того стоит
You're a disgrace to the name of divine'	Позор для имени божественного'
You're all a bunch of losers!'	Вы все — кучка жалких лузеров!'
You're definitely going to put me here,'	Меня точно сюда поставишь,'
You're free to set the amount of'	Можешь сам выставить сколько'
You're going to leave me and my minions'	Бросишь меня и моих слуг'
You're in love with her, aren't you?	Ты в неё влюблён, да ведь?
You're inviting heroes into the dungeon?'	Ты героев в данж зазываешь?'
You're on fire!!!'	Ты в ударе!!!'
You're ruining my outfit!'	Ты мне наряд портишь!'
You're the daddy, My Lord.'	Ты пахан, Повелитель.'
You're the finest God of Destruction an'	Ты лучший Бог Разрушения, какого'
You're very welcome.'	Всегда пожалуйста.'
You've already conquered that area!'	Эту зону ты уже захватил!'
You've created a unique monster known'	Ты сварганил уникального гада'
You've excelled yourself, My Lord!'	Превзошёл себя, Повелитель!'
You've finished every single Daily'	Ты закрыл все Данжи на'
You've fought by our sides through'	Ты дрался с нами бок о бок'
You've got a bit of time to kill till'	Есть время убить, пока'
You've got no chance of beating those'	Тебе тех ребят никак не побить'
You've had enough, My Lord?'	Хватит с тебя, Повелитель?'
You've just pressed the L and R buttons'	Ты только что жал L и R'
You've massacred heroes and made a name'	Ты вырезал героев и имя'
You've really let me down this time!'	Ты меня подвёл на этот раз!'
You've whipped those little rogue'	Ты взгрел этих мелких негодяев'
Your eyes have glazed over, My Lord.	Глаза стеклянные, Повелитель.
Your hallowed name is...	Твоё священное имя...
Your job, My Lord, will be to spawn	Твоя работа, лорд, — спавнить
Your judicious pick-swinging was a	Твоё умное махание киркой было
Your monsters are all at maximum	Твои гады уже на максимуме
Your old man's summoning skills aren't	Папашины навыки призыва не
Your pick-swinging was as peerless as	Махание киркой было бесподобно, как
Your surest bet is to use treasure	Вернее всего — сундуками
Your time's up, My Lord!'	Время вышло, Повелитель!'
Your wish is my command!	Твоё желание — мне закон!
Your words are music to my ears!	Слова твои — музыка для ушей!
ZZZZzzzzzz...	ZZZZzzzzzz...
a Dragon Orb?	драконий шар?
a God-in-training, but a fully-fledged	не бог-стажёр, а полноценный
a Long Dragon full of mana?	длинного дракона, полного маны?
a brain. Being with an idiot would just	мозг. С идиотом будет просто
a brave new eco-conscious era.	новую зелёную эко-эпоху.
a bunch of ordinary, mediocre,	кучку обычных, средних,
a celebratory cup of heroes' blood!'	праздничную кружку геройской крови!'
a couple more of the schleps	ещё пару этих лохов-неумех
a couple of amateur pickaxe-wielding	пару киркомахов-чайников
a daily basis.	каждый день.
a day, shall we?	в день, а?
a degree in Advanced Quest Theory.	диплом по квестологии.
a delicate task like this.	такую тонкую работу.
a different kind of monster?	совсем другой вид монстра?
a dungeon. How dull is that!?	данж. Ну и тоска зелёная!?
a few heroes for sport, who can?	пару героев для спорта — кто ж нет?
a good bashing!	добрую взбучку!
a great deal of experience and developed	кучу опыта и прокачали
a grueling 50 tests.	жёстких 50 тестов.
a half-minute grace period that we like	полминуты форы, что мы любим
a hard time, you should try using your	туго — попробуй юзать свои
a mess!	бардак!
a mistake I'll gladly overlook.'	ошибку я с радостью прощу.'
a monster like him could really come	гад вроде него реально может
a mountain of spade work.	гору работы лопатой.
a pickaxe!	кирку!
a runeborn monster.	рунорождённого гада.
a single strategy?	одну стратегию?
a unique monster.	уникального монстра.
a welcome they won't forget!'	приём, который они не забудут!'
a whole heap of utter nonsense?	целую кучу полной чуши?
abandoning her inheritance and running	кинув наследство и сбежав
able to add more monsters.	добавлять ещё гадов.
able to push him to his limits before	дожать его до предела, пока
about the food chain and breeding.	про пищевую цепь и размножение.
about this one. Ahh well...	насчёт этого. Эх ладно...
about. It tears terrible holes in	насчёт. Дыры рвёт такие, что
absconding to the mountains to run	смыться в горы, чтоб там вести
absorb mana or prey upon Spirits.	жрать ману или охотиться на духов.
absorb surplus mana.	жрать лишнюю ману.
achievements, I suppose. A victory	достижения, полагаю. Победа
across the ones that look like	тех, что с виду похожи на
adventure come to a sudden and messy	приключение кончилось грязно и
advice...	совет...
afford to spend plenty of time spawning	можешь долго спокойно спавнить
afraid to experiment, My Lord!	не бойся опытов, Повелитель!
after all...	всё-таки...
again! Aaacch!	опять! Ааачч!
again. The circulation of mana is just	опять. Круговорот маны — это
age, and I know it hasn't been easy since'	лет, и знаю: с тех пор нелегко'
alive and kicking!	жив и брыкается!
all day.	весь день.
all heroes must eventually crumble.	все герои рано или поздно сыплются.
all in the design documents.	всё прописано в дизайн-доках.
all manner of runeborn creatures...	всяких рунорождённых тварей...
all over for the forces of evil.	конец силам зла, занавес.
all thanks to your divine pick-swinging	всё благодаря твоему киркоманству
all that tough if you just pick them off	не так страшны, если снимать по одному
all the heroes.	всех героев.
all the monsters they came to kill	всех гадов, которых пришли мочить
all you have to do is tap them.	достаточно их тыкнуть.
allies. They'd just teamed up 'cos they	союзники. Сбились в кучу, потому что
almighty brainiac!	великий мозгоправ!
almighty trouncing.	великий разгром.
alone dig a dungeon!	в одиночку данж копать!
alone! You need a few Omnom footsoldiers	сам! Нужны омномы-пехотинцы
along when he goes a-wooing, eh?	с собой на смотрины, а?
always do some more training.	всегда можно ещё потренить.
always keep them well-stocked.	всегда держи запас полным.
an attack as their powers dip.	атаку, когда силы падают.
an egg.	яйцо.
an end, so don't worry - you don't	конец, так что не парься — тебе не
an entrance than seizing it and defacing	вход, чем схватить и изгадить
an honor and a privilege! All hail the	честь и привилегия! Слава
analysis-study-project-thingy.	анализо-учебно-проект-штуковине.
ancient dead guy probably said.	древний мертвяк, небось, сказал.
and <col:255,0,153,255>boost your Dig Power</col>.	и <col:255,0,153,255>бафни силу копки</col>.
and again!	и снова!
and annihilate them as quickly as you	и снести их как можно быстрее
and aquatic monsters.	и водных гадов.
and build the nastiest dungeons in the	и строй самые паскудные данжи в
and consulting the Almanac to find out	и бестиар, чтоб узнать
and derail their attacks.	и сбить их атаки.
and don't let our horrendous horde die'	и не дай нашей жуткой орде сдохнуть'
and dreams can never be destroyed.	и мечты всё равно не убить.
and end up with loads left over!	и останется куча лишнего!
and exciting monsters out there waiting	и крутых гадов, что ждут
and figure out how to beat them.	и пойми уже, как их бить.
and foremost.	и главное.
and go pickaxe-skill crazy!	и бесись навыками кирки!
and gone home for supper.	и свалили ужинать.
and grows more so with every nutrient	и растёт с каждой порцией пищи
and hatched this plan to lure would-be	и сварганил план заманить
and he'll be as good as new!'	и будет как новенький!'
and his underlings die too! Everyone's a'	и его шестёрки тоже! Все в'
and impress each other!	и произвести впечатление!
and interrupt it.	и прервать это.
and let you retire?	и дать тебе сдаться?
and let's get on with it!'	и поехали уже!'
and make some lovely monsters.	и сварганить милых гадов.
and mana will be absorbed by the nearest	и ману сосёт ближайший
and maybe a Lizardman or two.	и ящера, а то и парочку.
and nutrient levels in your soil just	и пищу в почве просто так
and opening the Edit Menu.	и открыв меню правки.
and pass your papers to the front!	и сдайте работы вперёд!
and return to the surface of the water.	и всплыть на поверхность воды.
and ruin those heroes' lives!'	и сломать этим героям жизнь!'
and runs away lives to fight another	и кто сбежал — тот жив для новой
and set us free.	и освободить нас.
and show them who's boss?'	и показать, кто тут пахан?'
and sunny and nice...	и солнечно и мило...
and suspend the dungeoneering for the	и отложить копку данжа на
and the gutsy godliness, why not give	и божественную наглость — дай
and the pickaxe will <col:255,0,153,255>cycle instantly</col>	и кирка <col:255,0,153,255>сменится мигом</col>
and then boast to all your divine pals.	и хвастай божественным корешам.
and then it's just a matter of culling'	а дальше просто косить'
and trade them for a new pick.	и менять на новую кирку.
and transform them into warped pillars	и гнуть их в кривые столбы
and tweaking their ecosystems.	и крутить их экосистемы.
and use healing magic, right?	и хиляют магией, верно?
and using it wisely, you can cut back on	и если умно — срежешь расход
and want the heroes to share in your	и хочешь, чтоб герои разделили
and watch it again and again?	и смотреть снова и снова?
and we'll be laughing all the way to'	и будем ржать всю дорогу до'
and weaknesses lie, but there's no harm'	и слабости, но не помешает'
and when it <col:255,0,153,255>points down</col>, they'll'	и когда <col:255,0,153,255>смотрит вниз</col>, они'
and won't eat or lay any blasted eggs.'	и не жрут и не несут яиц.'
and you can beat that bogged-down	и прибьёшь этого застрявшего
and you launch <col:255,0,153,255>Scuffle Shuffle</col>, right?	и жжёшь <col:255,0,153,255>Свалку-тасовку</col>, да?
and you'll be able to welcome the heroes'	и сможешь встретить героев'
and you're bound to detect some pattern'	и точно выловишь какой-то паттерн'
annoying since he's been out for'	бесит, ведь он торчит уже'
annoying! There are two of the rascals!	бесит! Их двое, этих проказников!
another crack at it.	ещё разок.
another day.	в другой день.
another god to dig in your place.	другого бога копать вместо тебя.
another in this one.	другого в этом.
another one! Honestly, you're just too'	ещё одного! Честно, ты слишком'
another shot, My Lord!	ещё шанс, Повелитель!
another, or it's curtains!'	ещё, или крышка!'
any advice yet?	советы уже были?
any damage at all.	никакого урона.
anything these heroes can throw at us!	всё, что эти герои кинут!
anything with.	вообще ничем.
anyway?	вообще?
appear if you have a certain monster	появятся, если есть нужный гад
appear when the difficulty level is set	появятся, когда сложность стоит
appearance! You weren't in the previous'	вид! Тебя не было в прошлой'
appetite and embark on a limitless	аппетит и уйти в бесконечный
aquatic monsters along with it.	водных гадов заодно с этим.
are all dying off.	все дохнут.
are deceased.	почили.
are different from those who appear in	не те, что являются обычно в
are far too wholesome for my taste. And	слишком добренькие для меня. И
are going to keep coming one after	будут пёрться один за одним
are headed for the dungeon as we speak.	уже прут в данж, прямо сейчас.
are neutralized when <col:255,0,153,255>they're in water</col>.'	гаснут, когда <col:255,0,153,255>они в воде</col>.'
are no pushover. I'm sure you're tempted	не слабаки. Тебя, верно, прёт
are often as weak as kittens.	часто слабы как котята.
are other things to do...	есть и другие дела...
are pale types with silly floppy hair.	бледные типы с глупыми чёлками.
are so much cooler!?	куда круче, нет!?
are we? Very impressive.	да? Впечатляет.
are you ever torn between using aquatic	рвёшься ли между водными
are you to leave me by the entrance.	тебе бросать меня у входа.
area again?	зону снова?
area lacking in nutrients, you can't get'	зоне без пищи не выйдет'
area with few monsters and then launch	зоне с малым числом гадов и жги
aren't you, My Lords?'	правда, Повелители?'
arm in arm with a ne'er-do-well heroic'	под ручку с геройским проходимцем'
arms around and trying to cast silly	руками и кастуя дурацкие
around a little, but try not to let	чуть-чуть, но постарайся не дать
around barefoot and milk goats!	бегать босиком и доить коз!
around it, leaving it on its lonesome.	вокруг, и он один-одинёшенек.
around the dungeon paths.	по тропам данжа.
around, and the phone signal here is	вокруг, а мобильная связь тут
arrive at some point.	рано или поздно припрутся.
arrive. And there are three of them	придут. И их сразу трое
art of utilizing treasure chests?	искусству юзать сундуки?
as I could spit them.	как я их плюю.
as Long Omnoms.	как длинномномы.
as a Leviathomnom.	как левиафомном.
as a dollop of dragon dung.	как кучка драконьего гуано.
as deep as absolutely necessary, and	лишь настолько глубоко, и
as quick as you can.	как можно быстрее.
as soon as these heroes have been	как только этих героев
as they look, those heroes...	какими кажутся, эти герои...
as well - that would be mortifying.	тоже — вот это был бы позор.
as well!	тоже!
aside from the Omnom Fly to clobber	кроме мухи-омнома, чтоб бить
ask - have you completed your <col:255,0,153,255>training?</col>	скажи — <col:255,0,153,255>учёбу</col> уже закрыл?
aspect of dungeoneering, be it critical	сторона данжа, хоть критичная
at first on taking out that wretched	сначала снести того гада
at first they didn't seem to be taking '	сначала они как будто не '
at fossils.	на ископаемые.
at hand than we thought!	под рукой, чем казалось!
at last, did you? I was worried for a	наконец-то? Я уж боялся за
at rock bottom, you're not out for the'	на самом дне, ты ещё не выбыл из'
at the time! Doesn't it fly when'	тогда! Как летит, когда'
at the very least.	как минимум.
at yourselves, Pickaxes!	на себя, Кирки!
attack while I'm distracted by my'	бьют, пока я отвлёкся на'
attacks to be directed up or down.	атаки слать вверх или вниз.
attacks</col>, so it's time to put your mana'	атаки</col>, пора пустить ману'
automatically level up by one</col>, which	сами качнутся на +1</col>, и
avoiding it - you failed. Try harder	не увернулся — слил. Поднажми
away at your partner's soil uses more'	землю напарника жрёт больше'
away by those heroes.	этими героями.
away! Let's begin Daily Challenge'	пошла! Начинаем Данж на день'
baby beasties before the heroes arrive.	зверюшек до прихода героев.
back to the Title Screen!	на титульный экран!
back to work.	на работу.
backside, but you just have to	задницу, но тебе просто надо
badness as well! Excellent!	злодейство тоже! Отлично!
base layer of soil to soak up mana and	нижний слой почвы, чтоб сосать ману и
basics.	азы.
battle after battle. You really are...	бой за боем. Ты реально...
battle! It's like a normal battle,'	бой! Почти как обычный бой,'
bay! Let's begin Daily Challenge'	стой! Начинаем Данж на день'
be a bit of monster-mashing, then	будет мордобой гадов, потом
be able to build a mighty horde without	собрать крутую орду без
be revealed!	откроется!
be saved in your profile, so you can	сохранится в профиле, так что
be time to stop them.	пора их остановить.
beast may be, if it doesn't eat, it'll	зверь, если не ест, то
beasts.	зверей.
beat us if you tried ten thousand	нас не побьёшь, хоть десять тысяч
beauty of the father-daughter bond -	красота связи отца и дочки —
become available, My Lord! You should	доступны, Повелитель! Стоит
bed in the morning!	кровати с утра!
beef up your horde to beat!	подкачай орду, чтоб бить!
been an epic task, hasn't it?'	был эпический квест, да?'
been fooled, they'd already be in'	купились — они уже были б в'
been lining up.	выстроились в очередь.
been savaged by the critics for its	критики порвали в клочья за
been unforgettable!	было незабываемо!
been up to, My Lord?	ты там вытворял, Повелитель?
before trying the tough stuff.	прежде чем лезть в жёсткое.
before you know it! You could do it with	сам не заметишь! Можно даже
being rude to the gods, he sounds really	хамит богам, и звучит очень
belt of heroes turning up. What do you	пачка героев прёт. Ну что
better of these heroes.	верх над этими героями.
between me and the heroes.	между мной и героями.
between you, so start acting like it!	между вами, так ведите себя!
big fat LIAR!!! THE END~	ЖИРНЫЙ ВРУН!!! КОНЕЦ~
big ugly deities like you!	уроды-боги вроде вас!
big-mouthed heroes' comments.'	комменты героев-ротозеев.'
bill's not going to pay itself!'	счёт сам себя не оплатит!'
bit more carefully, will you?	аккуратнее чуток, ладно?
bit stiff even for an omnipotent God of	деревянный даже для всемогущего Бога
bites the dust! And he turned up with	сдох! И ещё явился вместе с
blankets flung on the flames of love!	одеяла на костёр любви!
blocks of soil.	блоки почвы.
blood pressure.	давление.
bloody vengeance?	кровавую месть?
blossoms from either.	цветов ни с той, ни с сей.
boast different attacks from their	хвастают другими атаками, чем
boil, My Lord!	кипи, Повелитель!
boil.	кипи.
bolster our forces!	подкрепим силы!
bonus before they get here!	бонус, пока они не пришли!
bonus, of course.	бонус, ясное дело.
book rights. Ha!	права на книгу. Ха!
boost particular blocks of soil...	баффай отдельные блоки почвы...
both Water Lily Buds and Mana Lily Buds	и бутоны кувшинки, и мана-лилии
bother turning up when the difficulty is	являться, когда сложность
bothered with our silly little	париться из-за нашей мелкой
bouncing new-born Aquachnids!	прыгучих новорождённых водяных пауков!
boxes of experience when they walk	коробки опыта, когда ходят
brainiacs, it'll become an even more'	мозгоправам станет ещё'
breathed his last...	испустил дух...
breaths... Ahh-phew...	вдох-выдох... Ах-фух...
breeding is no stroll in the park.	размножение — не прогулка в парке.
buds to spawn. You can't pick anything'	бутоны спавнить. Ничего не возьмёшь'
building a goodly stock of Slimemosses	набрать жирный запас слизьмохов
bump into a wall, at which point they	врежутся в стену, и тогда они
bunch before, about a year ago.	банду раньше, год назад.
bunch!	банда!
bunch! I wouldn't trust them as far'	банда! Я б им не доверил и'
business, and I know how frustrating it	дело, и знаю, как бесит, когда
but I think you should grind them to a	но я б их стёр в мелкий порошок
but if I did, I'd be removing it in your'	но если б стал — снял бы на твоих'
but it just gets a bit much...	но уже как-то через край...
but it's always worth a shot.'	но попробовать всегда стоит.'
but it's not too late to expose them'	но ещё не поздно их разоблачить'
but marrying a HERO!?	но замуж за ГЕРОЯ!?
but my bar is now officially up and	но мой бар теперь официально открыт и
but now I'm not so sure.'	но теперь я не так уверен.'
but that's all.'	но это всё.'
but will also help him recover!	но ещё и поможет ему оклематься!
but with you both on my side, all's well'	но с вами двоими мне кайф'
but you can choose to not display those	но можно не показывать те
but you're not trying to let Badmella'	но ты ж не пытаешься сдать Бэдмеллу'
but, er...importanter...	но, э-э... важнеее...
button combinations that weren't in the'	комбо кнопок, которых не было в'
button!	кнопку!
by battering this next one. Okay,	отмолотив вот этого. Ок,
by which soil gets the nutrients.	какая почва жрёт пищу.
by, your dungeon's a little lacking in'	кстати, в данже маловато'
cackling Liliths! It seems you've'	хохочущих лилит! Кажется, ты'
campaign!	кампанию!
can <col:255,0,153,255>press the △ button to zoom out</col>. You	можно <col:255,0,153,255>жать △ и отдалить</col>. Ты
can be when it's not going well.'	бывает, когда всё не прёт.'
can get, you're going to have to give'	можно, придётся всё же дать'
can view your force's stats?'	можно глянуть статы орды?'
can work on their dungeon IQ!	можно качать IQ данжа!
can!	можно!
can't be helped. And think how pleased'	ничего не поделать. И как будут рады'
can't chew it properly. Their predatory'	нормально не прожуёт. Их хищный'
can't lead his minions.'	не ведёт слуг.'
can't you see?'	неужели не видишь?'
cap on!	кепку на!
captured. His tenuous grip on reality	пойман. Его хлипкая связь с реальностью
care of those beastly heroes, My Lord.	разберись с этими тварями-героями, лорд.
catching up on my beauty sleep. Want	добираю красоту-сон. Хочешь
caught me, after all.	меня всё равно словили.
celebrate too much, though...	не празднуй слишком...
chain is rather tricky to get one's'	цепь не так-то просто взять в'
challenge and leave the deadly ~Quit~	испытание и жми смертельный ~Выход~
challenges to keep yourself sharp!	испытания, чтоб не заржаветь!
challenges with a glint in your eye,	испытания с огоньком в глазах,
chance of sending that hero packing.	шанс спровадить того героя.
change direction.	сменить направление.
channels in a <col:255,0,153,255>zig-zag</col> pattern before	каналы <col:255,0,153,255>зигзагом</col>, а потом
chase, didn't you?'	погоню устроил, да?'
chatter. The battle that will decide	треп. Битва, что решит
cheapskates who have stacks of great	жмоты, у которых кучи крутых
chest, it will turn into a Mimic and	сундук станет мимиком и
chests and Mimics to do irreparable	сундуки и мимики, чтоб нанести
chests can do damage to heroes, put them	сундуки бьют героев, ставь их
chickens! Couldn't you at least agree on'	курицы! Хоть бы договорились о'
chose the dungeon, right?	данж выбирал, да?
circulating nutrients.	круговорот пищи.
class, her teachers and all the parents	класс, учителей и всех родителей
classroom to the battlefield.	из класса на поле боя.
clear Area 3! Gaze on it and tremble!	зачисти зону 3! Глянь и трепещи!
clever pickaxe, you know that? You'll'	умная кирка, знаешь? Ты'
clockwork! Now, let's get on with'	как часы! А теперь поехали'
closer inspection...	при ближайшем рассмотрении...
cocoons unless they're in a nice, narrow'	коконы, если нет узкого'
cold, heartless pickaxe.	холодная бессердечная кирка.
combined powers!	совместные силы!
come back and give the heroes another	вернуться и ещё раз врезать героям
come back and have another go!	вернуться и ещё разок!
come from a King of Bling!	идти от Короля понтов!
come in handy, My Lord!	пригодится, Повелитель!
come running.	прибегут.
come through for me yet again!	снова меня не подвёл, как всегда!
comes back and sees the dungeon in a	вернётся и увидит данж в
comes into its own.	выходит на первый план.
coming one after another.	прут один за другим.
coming, one after the other,	прут, один за другим сплошняком,
compare! I raised you well, my dear.	сравни! Я тебя хорошо вырастила.
competent heroes! I just can't hold in'	нормальных героев! Я уже не держусь'
complacent. Do your worst!	расслабляйся. Жги по полной!
complete a stage, the higher your	этап закрыт — тем выше твой
compost, and I'll keep being my'	компост, а я буду собой'
condition, My Lord. And that means I'm'	форме, Повелитель. А значит, я'
conditions are and get them to come.	какие условия — и замани их.
confuse people!	путать народ!
conjugal woods just yet. I fear more	супружеский лес пока рано. Боюсь, ещё
conquer itself!	сам себя не захватит!
construction in their capable...erm...	стройку в их умелых... э-э...
contact with lovely stagnant dungeon	контакт с прекрасной застоялой
contestant, right on cue!	участник, как по заказу!
continue unabated!	идёт без остановки!
continued aid in my mission to take	дальнейшую помощь в миссии
continuously just by moving.	без остановки, просто двигаясь.
cool...~	круто...~
could be effective.	может сработать.
could get by with no more than random	можно было б на рандоме
could get the job done!	мог бы справиться!
could have stopped them in their tracks.	могли их остановить на месте.
could take over the wor-	могли б захватить ми-
could use a Thunderhead to soak up the	можно грозовую тучу, чтоб сосать
couldn't make a dent in it.'	даже царапины не оставили.'
count! Oh no!	счёт! О нет!
counting on more of the same from	жду того же самого и от
counting their pennies in the dark.	считают копейки в темноте.
couple more than normal. You'll be'	пару штук сверх нормы. Будешь'
course. But try feeding up a Dragon with	конечно. Но покорми дракона
crack the secret of the ruins.	раскрыть секрет этих руин.
creatures and features, but the nutrient	твари и фишки, но пища
cretins. His job sucks.~	кретины. Работа дрянь.~
crying his eye sockets out.	ревёт глазницами.
cull the Slimemosses, using maximum	коси слизьмохов на полную
cunning, trap-setting heroes.	хитрых героев с ловушками.
curse on you. You've been warned!'	проклятье на тебя. Предупредил!'
cycle underpins it all.	цикл — основа всего.
dad was crying? Should I be worried?	папа ревел? Мне волноваться?
daddy does it...	папа так делает...
damage done by that dratted holy water.	урон от этой чёртовой святой воды.
damage inflicted on your monsters, and	урон по твоим гадам, и
damage to the hero's HP.'	урон по ХП героя.'
dancing on their graves.	танцуем на их могилах.
dare enter the dungeon door!	смеет сунуться в дверь данжа!
dare to stand in our way.	смеет нам перечить.
darkness back in his eyes! We're'	тьма снова в глазах! Мы'
darkness even stronger!	тьму ещё злее!
darkness of...the...beyond...	тьму... того... света...
data. Sorry about that...	данные. Сорян...
daughter and heir but to step into	дочерью-наследницей, а влезть в
daughter and heir of an Archfiend.	дочерью-наследницей архидемона.
daughter moment?	момент отца и дочки?
daughter or I to the surface - give them	дочь или меня наверх — дай им
daughter's side is not to assist her,'	дочку стоять — не помогать ей,'
daughter, you scoundrels!	дочь, негодяи!
daughter.	дочь.
daunting, My Lord. You don't have to do'	страшно, Повелитель. Не обязан'
day~?	день~?
dead hero - let's send these fools on'	дохлого героя — отправим этих лохов'
deadbeats coming to woo my beloved	неудачников сватать мою милую
deathlier-than-usual pallor. He	мертвее обычного бледность. Он
decent man!? Grargh! This is so annoying!	приличный мужик!? Гррр! Бесит!
decent this time...	прилично в этот раз...
deep in thought...	глубоко задумался...
deeply disappointed.	глубоко разочарован.
defeated the final Hero Rush, and the	прошёл финальный Геройраш, и
defenses and then tie them down with	защиту, а потом свяжи их
deities everywhere. Just get some water	боги повсюду. Просто налей воды
deities of devastation and demolition.	боги разрушения и сноса.
deity and dispatch heroes with	бог и мочи героев с размахом
deity of demolition, but there are times	бог сноса, но бывают моменты
deity, are you not?	бог, не так ли?
delightful destruction!	восхитительное разрушение!
delightful rictus smile!	восхитительная ухмылка мертвеца!
delightfully deadly place.	восхитительно смертельное место.
demolition and DIY devastation. Yes!	снос и разрушение своими руками. Да!
demonic eyes to the potential of water	демоническим глазом потенциал воды
desire to rule the world and graced me	жажду править миром и одарил меня
desperate to climb the tower?	так прёт лезть на башню?
destined to be utterly defeated?	суждено быть размазанным?
destruction!	разрушение!
destructive deity!	разрушительный бог!
develop into Long Dragons.	вырастут в длинных драконов.
didn't seem to boast very effective'	вроде не очень эффективные'
didn't they do well? Let's give those	здорово справились? Давайте этим
dies a glorious death in battle?	сдохнет славной смертью в бою?
difficulty setting a go.	сложность на зуб.
dig dirt to your heart's content without'	копай землю всласть, без'
digger, aren't you?'	копатель, да?'
digging!	копка!
digging, spawn minions and slow those	копай, спавнь слуг и тормози тех
directional preferences were to	куда бить — вверх или вниз,
discussing heroes' merits. The stinkers'	обсуждают плюсы героев. Гады'
disruptive element, so please kill them	помеху, так что прикончи их
divine judgment, My Lord!	божественный суд, Повелитель!
divine wrath down on his ridiculous	божественный гнев на его дурацкий
dizzy heights and horrific lows.	головокружительные пики и жуткие ямы.
do better next time, O Evil One!	в следующий раз лучше, о Злой!
do despise a ~Hero Rush~.	терпеть не могу ~Геройраш~.
do the Training Mode, otherwise it's'	пройди Тренировку, иначе это'
do you?	да?
do your best, in any case.	выкладывайся, в любом случае.
do-gooders appear!	добряки являются!
do-gooding heroes are approaching!	добряки-герои уже прут!
do. You have to think positive in	надо. В этом деле думай позитивно
doctors try to patch my dad up, let's'	врачи папашу латают, давай'
doesn't grow, your %s'	не растёт, твой %s'
doing, letting heroes escape? Idiot!	делаешь, героев отпускаешь? Идиот!
dominated it, isn't as good as half'	захвативший, не стоит и половины'
domination ever closer!	господству всё ближе!
domination it's been!'	господство это было!'
domination! Do your worst!	господство! Жги по полной!
domination! You're the world-'	господство! Ты мировой'
dominator's world-dominator!'	захватчик захватчиков мира!'
don't forget to supply him with water'	не забудь поить его водой'
don't have enough monsters to do'	не хватает гадов, чтоб'
don't you think you've become a little	не кажется, что ты чуток
don't you, My Lord?'	правда, Повелитель?'
done with it!	с этим покончено!
door-to-door nutrient-delivery service.	служба доставки пищи на дом.
door? What does an evil Overlord have	дверь? Что злому Повелителю
down a reminder on my hand...	напоминалку на руке...
down and study!	сядь и учись!
down destruction on one hero after	рушь одного героя за другим
down like a ton of bricks.	как кирпичом по башке.
down the dungeon drain!	в сток данжа!
down those heroic whelps.	этих геройских щенков.
down though, so you'd better make it'	вниз, так что лучше сделай'
down, Your Supreme Wickedness!	вниз, Ваше Злейшество!
dowry. Anyway, it's time for me to escape.'	приданое. Ладно, мне пора слинять.'
dragon-egg-timer shows...%s.	таймер яйца дракона...%s.
dull dungeon, as a wise man once said.	скучный данж, как мудрец сказал.
dungeon architect, My Lord.	архитектор данжа, Повелитель.
dungeon door, hm? Maggots!	дверь данжа, а? Черви!
dungeon floor.	пол данжа.
dungeon in order, so make full use of it!	данж в порядке — юзай на полную!
dungeon looked just the ticket, but on	данж казался то что надо, но
dungeon stratum the rune is in.	слой данжа, где сидит руна.
dungeon! Prove you're even better than'	данж! Докажи, что ты круче'
dungeon, they exert an influence over	данже они влияют на всё вокруг
dungeon-cred, does it?	данж-репу, да?
dungeon-defending done.	защита данжа сделана.
dungeon-dweller, from Slimemosses to	обитатель данжа, от слизьмохов до
dungeon.	данж.
dungeon. The nerve of it!	данж. Ну и наглость!
dungeon?	данж?
dungeoneer claimed that reward.	данжекоп тот награду схватил.
dungeoneering muscles in regular	мышцы копки в обычных данжах
dungeons are full of features that let	данжи полны фишек, что дают
dying to know who I am. Well, I'm the'	умереть хочу узнать, кто я. Я'
each level are different.	на каждом уровне другие.
each other while you destroy the	друг друга, пока ты крушишь
early, so you haven't much time to spend'	рано, так что времени мало'
earth!	земля!
eating binge.	жор.
effort from the world's laziest pickaxe!'	усилий самой ленивой кирки мира!'
elegant Ladies, you need both mana- and	элегантных Леди нужны и мана-, и
embarrassing, eh, My Lord?	стыдоба, а, Повелитель?
empty as a Slimemoss's skull!'	пусто, как череп слизьмоха!'
end of our beautiful dungeon and my	конец нашего прекрасного данжа и моей
end up tied up like a turkey.	кончить связанным как индейка.
end up with super-savvy monsters.	кончить супер-умными гадами.
end? Too Bad!	конец? Очень плохо!
ending sequence...	концовку...
ending, dear.	концовку, милая.
engrave Badmella's wise words on your'	выжги мудрость Бэдмеллы на'
enough, but don't let this one escape'	хватит, но этого не упусти'
entire life. That poor, poor Skeleman is	всю жизнь. Бедный-бедный скелемен
escape her training, are you?	сбежать от её учёбы, да?
even a small band of monsters will be	даже малая банда гадов будет
even enough to pick my nose, let	даже нос поковырять, не то что
even greater healing effect than we	ещё сильнее хилят, чем мы
even more powerful beasts!	ещё более мощных зверей!
ever said to me, Badmella.	что ты мне говорил, Бэдмелла.
ever. You really are the pick of the	на свете. Ты реально сливки
every last one of those heroes.	каждого из этих героев.
every monster they share the dungeon	каждого гада, с кем делят данж
every other monster and hero.	каждого другого гада и героя.
everything in the fridge!	всё из холодильника!
everything?	всё?
evil Gods of Destruction!	злые Боги Разрушения!
evil archfiend could ever want!	злой архидемон только и мечтал!
exact.	точно.
excellent, hasn't it? Good, good. That'	отлично, да? Хорошо, хорошо. Это'
excellently...My...Lord...	отлично...По...велитель...
exciting new world to have fun	новый крутой мир, где ржать
existence!	существование!
experience as they can and then	опыта сколько влезет, а потом
experience?	опыт?
explaining, and that will take away	объяснения, и это отнимет
explode, doing damage to more and	взрываются, бьют ещё и
exterminate the pests.	истребить вредителей.
extra-special advice.	особо ценный совет.
fact of Underworld life you're going to'	факт жизни Подземелья, к которому'
fair fight and hope to win.	честный бой и ждать победы.
familiar...	знакомо...
fantasies, foolish mortals!	фантазии, глупые смертные!
fate, I need to escape now!	судьба, мне пора слинять!
father-in-law!	свёкор!
fatherly duty and show Badmella her	отцовский долг и показать Бэдмелле её
favor auxiliary skills.	люби вспомогательные скиллы.
feast the night away in celebration.	пировать всю ночь в честь.
fed. Gauge the situation and use your	корми. Смотри по обстановке и юзай
feed with Spirits, let me remind you	корми духами, напомню тебе
feel going on.	чувствовать, как идёт.
feeling a bit more motivated.	чуть больше мотивации.
few of them too. I hope I'll be okay...'	несколько тоже. Надеюсь, я оклемаюсь...'
few seconds to a few minutes!	от секунд до пары минут!
field of vision, a Dvagon instinctively	поле зрения, двагон сразу
fiendish for you! Can I call you	злодейски для тебя! Можно звать
fights, My Lord.	бои, Повелитель.
filled with menacing monsters.	набиты грозными гадами.
find in a squalid dungeon!	найдёшь в убогом данже!
find in my dungeon!	найдёшь в моём данже!
find me if we're not careful!'	найдут, если не следить!'
find me, so if you want to leave them	найдут, так что если хочешь их
finds you both deeply unattractive...	находит вас двоих страшными...
fine fighting form next time.	в боевой форме в следующий раз.
fine, but it wouldn't do to let them'	норм, но нельзя пускать их'
fine...	ладно...
finger than all those weaklings put	пальца, чем все слабаки вместе
first hero's head in?'	голову первого героя?'
flashy new content!	новый понтовый контент!
fleet-footed heroes.	быстрых героев.
flowing, will you?	текло, ладно?
fluke, but you're actually pretty good!'	случайность, но ты реально хорош!'
flying bug thingies.	летающие жучьи штуки.
flying pickaxes everywhere.	летающие кирки повсюду.
focusing nutrients in one place.	сгоняя пищу в одно место.
food, so give them a few gentle taps with	еды, так что тыкни их киркой
foolish mortals! Mwah-hah-hah-haaaah!!!	глупые смертные! Мва-ха-ха-хаааа!!!
fools torment me!?	дураки меня мучают!?
fools! It is the only rest you will	дураки! Это единственный отдых,
foot firmly in the door of world	ногой в дверь мирового
footprint, go easy on the soil -	следы — не убивай почву —
for Omnoms to chow down on.	омномам пожевать.
for a God of Destruction like yourself.	для Бога Разрушения вроде тебя.
for a God of Destruction.	для Бога Разрушения.
for a pickaxe, I wasn't quite able to'	для кирки я не совсем смог'
for evermore!	навеки!
for me, I'm sure to keep moving closer'	для меня, я буду подбираться ближе'
for no apparent reason...~	просто так, без причины...~
for now, My Lord?	пока, Повелитель?
for now, Pickaxe?	пока, Кирка?
for once.	хоть раз.
for shame! All we had to do was surround	стыд! Надо было просто окружить
for that horrible holy water. You can't'	из-за этой мерзкой святой воды. Не'
for the end sequence.	для финальной сцены.
for the fun to begin!	чтоб веселье началось!
for the millionth time! Well done!	в миллионный раз! Молодца!
for the moment.	пока что.
for us, My Lord!	для нас, Повелитель!
for you as well...	для тебя тоже...
for you to handle.	тебе не по зубам.
for you.	для тебя.
for your efforts.	за труды.
for yourself while I've just stood'	за себя, а я просто стоял'
for, My Lord!?	ради чего, Повелитель!?
for, My Lord...	ради чего, Повелитель...
force will rapidly drain away.	сила мигом утечёт в трубу.
forces with us and do battle down in	силы с нами и бейся внизу в
forever invading the dungeon, and I	вечно лезут в данж, и я
forever...	навеки...
forget us...	забудешь нас...
forgot. Er...mwah-hah-hahhh! The world	забыл. Э-э...мва-ха-хахх! Мир
forthwith.	немедля.
foul black heart!	гнусное чёрное сердце!
found on the Internet or something?	нашёл в интернете, что ли?
friends about what they saw.	друзьям про то, что видели.
friends, family and pets! Yes,	друзьям, семье и питомцам! Да,
from a distance.	издалека.
from down here...	отсюда, снизу...
from runes can be confusing.	от рун бывает путаница.
from soil and burp it up in other areas,	из почвы и рыгать в других местах,
from that terrible TV show he used to	из того ужасного ТВ-шоу, что он
from the beyond!	с того света!
from the breed of insectoid giants known	из породы насекомых-гигантов
from the face of the earth!	с лица земли!
from the start?	с самого начала?
from this chit-chat.	от этой болтовни.
from your terrifying impact...	от твоего жуткого удара...
fruition, My Lord!	плод, Повелитель!
full of terrifying beasties!	полно жутких зверюг внутри!
full well you did it on purpose. Still,	прекрасно знаешь, что нарочно. И всё же
fullest here, as long as you promise	тут по полной, если обещаешь
further your fiendishness.	дальше злодействовать.
future of darkness and misery.	будущее тьмы и нищеты.
future, feel free to swing your pickaxe	дальше смело маши киркой
future. Nay, for the very future of the	будущее. Нет, ради самого будущего
gauged by the direction of the arrow by	мерят по стрелке рядом с
gauntlet once again?	перчатку снова?
genius?	гений?
genocide. I hate these heroes!	геноцид. Ненавижу этих героев!
get a bit confused, can it not?	можно и запутаться, да?
get away unharmed.	улизнуть целым.
get enough experience to go home.	набрать опыта и свалить домой.
get it where you want.	поставить куда надо.
get ready.	готовься.
get some nice fireworks going over	устроить красивый салют над
get the EX bonus, that's all.'	взять бонус EX, вот и всё.'
get the hero to keep treading on a rune,	заставь героя топтать руну,
get, those horrible heroes always seem	получаешь, эти гадские герои вечно
get-go.	с порога.
gets us professional evildoers out of	выручает нас, профессиональных злодеев, из
getting broiled.	поджаривания.
getting close, I can feel it!	уже близко, я это чую!
getting the dungeon ready.	готовить данж.
getting your behinds whooped!	получать люлей по заднице!
girls hate that!	девочки это ненавидят!
give Level 2 a try, hm?	попробуй уровень 2, а?
give them a bit of room to maneuver...	дай им чуток пространства...
given them a bit of a make-over to keep	чуть подкрутили вид, чтоб
giving-up spell Cantus Bebotheredus,	заклинание сдачи Кантус Надоелус,
glad I met a God of Destruction who	рад, что встретил Бога Разрушения, который
glorious revolution!	славную революцию!
go all the way...to the heady heights	дойти до... головокружительных высот
go far.	далеко пойдёшь.
go left. Bear that in mind and give it	налево. Имея это в виду, дай
go right, left, down, then up	направо, налево, вниз, потом вверх
go through with it.	довести до конца.
go to.	пойти.
gods! His magic powers are amazing...	боги! Его магия — огонь...
going gets too tough, just raise	если совсем туго — просто подними
going into this without any Dig Power.	лезть сюда без силы копки.
going to be battered by spells all	будут молотить заклинаниями весь
going to be very hard going...	будет очень тяжко и грязно...
going to convert energy from the sun	будут брать энергию солнца
going to go.	пойдёт.
going to grow.	будет расти.
going to have to get used to it...	придётся привыкнуть...
going to keep on digging just for me,	будешь копать только ради меня,
going to plan, maybe you could try out	не по плану — может, попробуешь
going to stand.	стоять.
going to the <col:255,0,153,255>Pause Menu</col> from the World	зайди в <col:255,0,153,255>Паузу</col> с карты мира
gone. Ah, This old place won't be the'	не станет. Ах, это старое место уже не'
good god, and no mistake!	добрый бог, и без ошибок!
good luck!	удачи!
good times you had with dad?	хорошие времена с папой?
got 'em all!'	всех словил!'
got into the swing of things.	вошёл во вкус и в ритм.
got mana circulation down pat.	круговорот маны на зубок.
got started.	начали.
gracefully?	с грацией?
gradually as they traipse about.	потихоньку, пока шастают.
grasp of the fundamentals.	хватку основ.
grasp your pickaxe and do battle once	хватай кирку и бейся снова
gratitude...	благодарность...
great wave of terror will roll through	волна ужаса прокатится по
great, or so they say. Or is that	круто, говорят. Или это
grey! Let's begin Daily Challenge'	серый! Начинаем Данж на день'
ground and swing your pick around a bit	землю и помаши киркой чуток
ground! Prepare for utter annihilation!	земля! Готовься к полному уничтожению!
grow weak that easily!	так легко не слабеют!
grubby mitts on yours truly.	грязные лапы на мою скромную персону.
had no other friends.	других друзей не было.
had to do was bash it with your pickaxe!	надо было долбануть киркой!
half-decent husband.	более-менее мужа.
handle this, My Lord, with such a	справишься, Повелитель, с такой
hands, the world is ours. Easy!	руки — и мир наш. Легко!
happen...	случиться...
happened to the good times?	куда делись хорошие времена?
happening in the first place, you can	вообще не случилось, ты можешь
happy, but it's not my job to be'	счастлив, но моя работа — не быть'
harass us as we speak.	достают нас прямо сейчас.
hard-headed heroes who you'll have to'	твердолобых героев, которых придётся'
hard...enough...without...you...	тяжело...и...без...тебя...
harder, My Lord! Didn't I tell you'	сильнее, Повелитель! Я ж говорил'
harsh, but that hero was hardly a	жёстко, но тот герой едва ли был
has been inserted!	вставлена!
has ended in spectacular failure.	кончилось эпичным провалом.
has ended in utter disaster.	кончилось полным крахом.
has fled the, um...bush, so...er...	сбежал из, э-э...кустов, так что...э-э...
hasn't paid the electricity bill again!'	опять не заплатил за свет!'
hassle, but once you've summoned them,'	морок, но как призовёшь,'
haul and produce plenty of attack-minded	улов и штамповать бойцовых
have a hard time here.	тут будет туго.
have a mutation on your hands...	мутация у тебя на руках...
have a...30 second grace period to try	есть...30 секунд форы, чтоб
have all sorts of effects.	бывают всякие эффекты.
have an expert teacher!	есть учитель-эксперт!
have it!	держи!
have no choice but to face them...	придётся встретить их...
have nothing to worry about!	тебе нечего бояться совсем!
have our ups and downs, let's stick'	бывают взлёты и падения, давай'
have overheard me.	могли подслушать.
have run out of patience. Let's call it'	терпение кончилось. Давай закроем'
have slain him with ease.	прибили бы его играючи.
have to dig the longest, deepest dungeon	копать самый длинный, глубокий данж
have to keep asking why your monsters	спрашивать, почему твои гады
have to keep turning up like this?	являться вот так постоянно?
have to stay much longer.	торчать намного дольше.
have to take on board, My Lord.	надо вбить в голову, Повелитель.
have. WELL DONE, DAD! KEEP IT UP!	есть. МОЛОДЕЦ, ПАП! ТАК ДЕРЖАТЬ!
having a crisis of confidence...~	кризис самооценки ловит...~
having to dirty your hands digging.	пачкать руки копкой самому.
having to use their potions and elixirs,	жрать зелья и эликсиры,
he didn't get eaten by a Lilith.'	его не сожрала какая-то лилит.'
head around.	голову.
head to the first tower.	к первой башне.
head, you might as well just have gone	голову — мог сразу свалить
heading straight to the next dungeon	прямым ходом в следующий данж
heads in and bring him back! My phone	головы в кусты и верните! Мой телефон
heart of your army, with aquatic beasts	сердце армии, а водные звери
heart! Literally...	сердце! Буквально...
hearts and bolster my reputation as	сердца и поднять мою репутацию как
heels, you'll be able to crack even the'	пятки, расколешь даже самый'
hell!	ад!
hell. Right, Badmella?	ад. Верно, Бэдмелла?
hellish Herculomnom hooligans runs riot,	адские хулиганы-геркуломномы сходят с ума,
here right now.	прямо сейчас.
here soon, so spruce up the dungeon and	скоро будут, так что приведи данж в
here today to assist Badmella with her	сегодня помочь Бэдмелле с её
here, My Lords.	здесь, Повелители.
here, they'll be happy too.'	тут, и они тоже будут рады.'
hero black and blue.	героя в синяки.
hero lost.	герой слил.
hero louts headed right this way!	геройские гопники прут сюда!
hero types!	типы героев!
hero, you show them who's boss!'	герой, покажи, кто тут пахан!'
hero-exterminating labors will	труды по истреблению героев
hero-hunting thing you do so well!	геройская охота, как ты умеешь!
hero-trouncing techniques that use our	приёмы битья героев, где наши
heroes a hand! Mwah-hah-hah!	героям руку! Мва-ха-ха!
heroes again...	героев снова...
heroes are back in town!	герои снова в городе!
heroes come knocking.	герои стучатся.
heroes down!	героев!
heroes drag me out of the dungeon,	герои вытащат меня из данжа,
heroes drop them. Just so you know.	герои их роняют. Чтоб ты знал.
heroes has only just begun, so steel	героев только началась, так что закались
heroes have carried out their mission,	герои свою миссию уже сделали,
heroes into the dungeon?	героев в данж?
heroes leave behind?	герои оставляют?
heroes might put in an appearance.	герои могут заглянуть.
heroes on their way here to meddle	герои прут сюда мешать
heroes rampaging around the place, it can	герои бесятся по округе, бывает
heroes run round like they own the	герои носятся как у себя дома
heroes that wander in!	герои, что забредают!
heroes to arrive. Are you ready, Lord?	героев. Готов, лорд, да?
heroes to do it to...	героям, на ком это сделать...
heroes until you hear that sweet, sweet	героев, пока не услышишь этот сладкий
heroes who previously seemed invincible	герои, что казались непобедимыми
heroes will be here soon!	герои скоро будут!
heroes will recover HP...	герои восстановят ХП...
heroes with a flood of lovely stagnant	героев потоком прекрасной застоялой
heroes with high defense, you know.	героев с жирной защитой, знаешь.
heroes with maximum efficiency.	героев с максимальным КПД.
heroes' attacks.'	атаки героев.'
heroes' hands, you never doubted your'	руки героев, ты не сомневался в'
heroes' weak spots.'	слабые места героев.'
heroes' wrath, I still have faith in'	гнев героев, я всё равно верю в'
heroes, a God of Destruction's hopes'	героев надежды Бога Разрушения'
heroes, after all.	героев, в конце концов.
heroes, while Thunderheads blind them	героев, а грозовые тучи слепят их
heroes.	героев.
heroes. With their stats, it's no wonder'	героев. С их статами не диво'
heroes...	героев...
heroes?	героев?
heroic curs are on their way!	геройские псы уже прут!
heroic do-gooders are on their way!	геройские добряки уже прут!
heroic head!	геройскую башку!
heroic horde, My Lord?	геройскую орду, Повелитель?
heroic love interest been going?	геройский роман как идёт?
heroic whelps!	геройских щенков!
high defense levels that normal monsters	защита такая, что обычные гады
high-achieving heroes I've been seeking!'	героев-отличников, которых я искал!'
higher than 9, and you'll have soil that'	выше 9 — и почва будет'
highest prayer of gratitude, don't you?'	высшую молитву благодарности, да?'
him back!	его назад!
him with monsters.	его гадами.
his abilities are off the scale!	его способности за шкалой!
his pals! What a sap...	его корешей! Ну и лох...
his shoes and run his army.	его ботинки и вести армию.
his stupid war cry.	его дурацкий боевой клич.
his usual cheerfully maniacal self,	своим обычно радостно-маньячным я,
history of the Underworld!	история Подземелья!
hit Badman's Chamber!'	в Покои Бэдмена!'
hit a brick wall!	в стену лбом!
hollow words just then.	пустые слова только что.
home for my dinner...	домой к ужину...
honor.	честь.
horizontal tunnels so the hero ends up	горизонтальные тоннели, чтоб герой
hours since you started digging the	часов, как ты начал копать
how I hate to repeat myself!	как же я ненавижу повторяться!
how I look!? Why do I have to laugh	как я выгляжу!? Почему я должен ржать
how they were before we summoned the	какими они были до призыва
how to adapt your dungeon design to the	как кроить данж под текущих
how to do that!	как это делать!
how to pose! Come on!	как позировать! Давай!
hunting or level-grinding.	охота или гринд уровней.
husband? He smells of sour milk, but	муж? Пахнет кислым молоком, но
husbands to the dungeon.	мужей в данж.
hysterically. You like me just the	истерически. Я тебе нравлюсь такой,
idea.	идея.
if any meat or barrels are dropped,	если кинут мясо или бочки,
if they find me while they're down'	если найдут меня, пока они внизу'
if you collect enough of them, very	если набрать достаточно, очень
if you soaked them in water.	если вымочить их в воде.
if you want to weather this little	если хочешь пережить эту маленькую
if you will. Mwah-hah-hah!	если угодно. Мва-ха-ха!
if you're going to get some serious'	если собрался всерьёз взять'
ill-suited suitors are on the way.	неудачные женихи уже в пути.
importance of good posture.	важность хорошей осанки.
impressed by your world-beating	впечатлён твоим мировым
impressed. They looked way too tough	впечатлён. Выглядели слишком круто
impressive line of attack.	впечатляющая линия атаки.
impressive names. It adds...class.	впечатляющие имена. Это... класс.
impressive? More of them!	впечатляет? Ещё больше!
improve my horde until you've taken out'	качать орду, пока не вынесешь'
in a family game!	в семейной игре!
in advance.	заранее.
in deliberation...	в раздумьях...
in here! They're mine now...'	сюда! Теперь они мои...'
in making it official, is there?	официально оформлять, да?
in my own graven image.	в своём каменном образе.
in perfect harmony?	в полной гармонии?
in ranged attacks.	в дальних атаках.
in record time.	в рекордное время.
in the dungeon as well as my awesome	в данже, плюс моя крутая
in the end. Come on! Give it another	в конце. Давай! Дай ещё
in the heroes' hands in no time flat.'	в руках героев мигом, секунда.'
in the lurch!? Now of all times!?	в беде!? И именно сейчас!?
in the next stage.	на следующем этапе.
in the right direction.	в нужную сторону.
in the vicinity!	поблизости!
in the vicinity. Yes, My Lord, I'm afraid'	поблизости. Да, Повелитель, боюсь'
in the way of romance.	на пути у романтики.
in water as fast as you can.	в воде так быстро, как можешь.
in you! You saved my pallid skin!	в тебя! Ты спас мою бледную шкуру!
in-the-street cuties! Bravo!	уличные красотки! Браво!
incantation Darnivemadeamessofthisone to	заклинание Чёртечтонапортил, чтоб
increase, so it's best to start on the'	растёт, так что лучше начать с'
incredibly easily!	невероятно легко!
injustice, wrongitude and indecency	несправедливость, кривизна и неприличие
inside, is a stern disciplinarian deity	внутри — суровый бог-надзиратель
insist on drifting into dungeons without	вечно прут в данжи без стука
insist on invading my privacy has	лезут в мою личную жизнь
inspiration. Otherwise you could ask	вдохновение. Или спроси
inspiring than seeing two pickaxes swung	вдохновляет, чем две кирки взмахом
instead...	вместо этого...
intact!	целым!
intelligence report.	разведсводка.
interesting.	интересно.
interesting...	интересно...
interrupt my sentimental father-	прервать мой сентиментальный отец-
into a malevolent dark force...	в злобную тёмную силу...
into his own.	в свою силу.
invaded. Thanks very much.	вторглись. Спасибо большое.
invaders, but to focus on molding you	захватчиков, а лепить из тебя
involved...	замешано...
irregular heroes detected!	нерегулярные герои обнаружены!
is a victory, after all.	это всё-таки победа.
is corrupted. Sorry about that...	повреждены. Сорян за это...
is deeper down is more soil...?	глубже — это ещё почва...?
is loosening rapidly.	слабеет на глазах.
is no escaping my deadly dungeon!	из моего смертельного данжа не сбежать!
is part and parcel of an Overlord's job!'	часть работы Повелителя!'
is run along tight military lines with	идёт по жёсткому армейскому уставу с
is standard operating procedure in the	стандартная процедура в
is swift and furious!	быстро и яростно!
is that!? There's nothing that would'	это!? Нет ничего такого, что'
is the last stage, and a girl can't wait'	последний этап, и девчонка не может ждать'
is to write a report about my dad's'	написать доклад про папины'
isn't it? This is your big moment,'	да? Вот твой звёздный час,'
isn't much use to anyone right now.'	сейчас никому не особо нужен.'
it a go in Story Mode.	попробуй в Сюжете.
it a go?	попробуем?
it again - they move in precisely the	ещё раз — они ходят ровно
it already, but freshly-spawned monsters	уже, но свежеспавненные гады
it another shot. Just make those Omnoms	ещё разок. Просто сделай омномов
it can't be done on the cheap.'	дёшево такое не выйдет.'
it could be worse...	могло быть хуже...
it goes and happens!	и вот оно случилось!
it helps me deal with the pain.	это помогает терпеть боль.
it if you don't want to.'	если не хочешь.'
it never rains but it pours!	не бывает дождя без потопа!
it out in Training Mode.	обкатай в Тренировке.
it really stretch its neck?	шея правда вытянется?
it to flow back up.	чтоб текло обратно вверх.
it up in no time.	мигом управишься.
it with something evil and cool.	чем-то злым, крутым и паскудным.
it would be quicker too?	так даже быстрее?
it! I haven't seen pick-swinging like'	это! Такого махания киркой я'
it's because I'm getting married.	это потому что я замуж выхожу.
it's blinding!'	слепит!'
it's ended in tears.'	кончилось слезами.'
it's heroes scarpering!'	это герои драпают!'
it's like a jab. You need to master it'	это как тычок. Надо освоить'
it's longer than I foresaw even in my'	длиннее, чем я ждал даже в своих'
it's to help me with my homework and be'	это чтоб помочь с домашкой и быть'
it, we'll never conquer the world.'	это, мир мы никогда не захватим.'
items but don't want to use them.'	предметы, но юзать не хочешь.'
its life, it expends its fading energy	жизнь, тратит остаток сил
job called a shaman or something. I've'	работа типа шаман или чё. Я'
job. If I'm going to avoid the same'	работа. Если хочу избежать того же'
joy to behold.	радость для глаз.
joy?	радость?
just ask the other one, okay?	просто спроси другого, ок?
just brought into existence specialize	только что рождённые заточены
just don't know how to play well.'	просто не умеют играть.'
just faced and see how many monsters it	только что встретил и глянь, сколько гадов
just for form's sake. And for the'	хотя бы для вида. И для'
just me...?	только мне...?
just now! Give me my compliments back!	только что! Верни мои комплименты!
just say mean things about you.	просто гадости про тебя говорят.
just snooze through this one too.	просто проспи и этот тоже.
just use it willy-nilly.	не юзай как попало.
just want to sit there with your mouth	просто сидеть с открытым ртом
just won't earn much Dig Power.'	просто мало силы копки даст.'
keep tabs on what your dungeoneering	следить, чем твои данж-
keep the show on the road.	держать шоу на ходу.
keep your skills fresh, lasting from a	скиллы свежими, от пары
keeping Badmella's honor and chastity'	честь и невинность Бэдмеллы'
keeps me coming back.	заставляет возвращаться.
key to developing the dungeon itself.	ключ к развитию самого данжа.
keys to success here, My Lord.	ключи к успеху тут, Повелитель.
kind of legendary engraving...	типа легендарной гравировки...
kiss! It makes my blood boil.	поцелуй! Аж кровь кипит.
knocking, keep on digging!	стучатся — копай дальше!
know how the Underworld really works.	знать, как Подземелье реально работает.
know if I could carry on.	знать, смог бы я продолжать.
know just what to do. But then, you do	знать, что делать. Но ты и так
know just what to do...	знать, что делать...
know stuff like that!	знать такие вещи!
know what they say - where there's a God'	знаешь поговорку — где Бог'
knowledge by digging different dungeons	знания, копая разные данжи
knowledge of the basics - the Dungeon	знание азов — Данж и всё
labyrinth. Make a decent-sized dungeon	лабиринт. Сделай данж приличного размера
lack of lovely Ladies.	нехватки милых Леди.
land the killer blow!	нанести смертельный удар!
last hero, and the world would have been	последнего героя, и мир был бы
last year all over again!	прошлый год по новой!
last, er...sausage to, um...fry...	последнюю, э-э...сосиску, э-э...жарить...
latest assignment.	последнее задание.
learn more, and I can save my breath.	узнать больше, а я сэкономлю дыхание.
least favorite heroes are here!	самые нелюбимые герои тут!
least you get something for them!	хоть что-то за них получишь!
leave me and can grow old here with her	брось меня и состарься тут с ней
left and right, so don't expect their'	влево-вправо, так что не жди их'
left to face here at Dundadunduuun	осталось тут, в Дундадундун
left to overcome...Daily Challenge	осталось одолеть...Данж на день
leisure. No time limits here!	спокойно. Тут без таймера!
lending support.	поддержку.
let you get on with it!	дай тебе делать своё!
let you retire?	дать тебе сдаться?
letting them slaughter us, hm?	дать им нас перерезать, а?
level a few times to make sure you've'	уровень пару раз, чтоб точно'
level before and got the Orb already?	уровень раньше и шар уже брал?
level higher than a regular Omnom.	уровень выше обычного омнома.
level up your monsters! Too bad,	качать гадов! Очень плохо,
level up your monsters.	качать своих гадов.
level? Or avoid the EX stages?	уровень? Или избегать EX-этапов?
levels, but that doesn't mean you've	уровни, но это не значит, что ты
liable to raise my blood pressure.	склонен поднимать мне давление.
life is crucial to your success as a	жизнь — ключ к успеху как
like an idiot?	как идиот?
like it ain't no thang...'	как будто это фигня...'
like making Lizardmen, right?	типа делать ящеров, да?
like that hasn't got a hope with a fine'	такой не имеет шансов с такой'
like that.	типа того.
like that? Why must young people rush	так? Чего молодёжь прёт
like this that will bring the two gods	такое, что сведёт двух богов
like this!	вот так!
like this, put my head back and go:	вот так, откину голову и:
like until the gauge on the right	пока шкала справа не дойдёт
like you've never dug before!'	как никогда в жизни не копал!'
like...trains!	типа...поезда!
limb-from-limb!	на куски!
limited supply of monsters.	ограниченный запас гадов.
limits the options for the soil they'll'	режет варианты почвы, куда они'
lines.	строки.
list of Totally Amazing Things That	список Совершенно Офигенных Вещей, Что
little more hardcore than I'd bargained'	чуть хардкорнее, чем я ждал'
little.	чуть.
lives easier, and the heroes' wretched'	жизнь проще, а героям мерзкую'
lives much harder!	жизнь куда тяжелее!
living here in our little world.	жить тут в нашем маленьком мире.
longer, the buds will balloon in size.	дольше — бутоны раздуются.
look at them later.	глянуть потом.
look like the type who can't be beaten'	не из тех, кого так просто бить'
look too tough to me.	не кажутся мне слишком крутыми.
looked at the number of stages when they	глянули, сколько этапов, когда
looking for a man, eligible heroes have	ищут мужика — годные герои
looking for me I don't know, but if'	ищут меня, не знаю, но если'
loose on the next stage! Onward!	на следующий этап! Вперёд!
lost pride on this one.	потерянную гордость вот на этом.
lovely level and go back to the	милый уровень и назад к
lovers to come in order to try	любовников заманить, чтоб
lurking by the dungeon door and may	торчат у двери данжа и могут
magazines. Meanwhile, I'll pay a quick'	журналы. А я мигом заскочу'
maggot-food, will you?	червям на обед, ладно?
magic attacks.	магические атаки.
magical attacks blast energy in straight	магия бьёт энергией прямыми
magical defense and other stats in the	маг. защиту и прочие статы в
magically become available, My Lord!	магически станут доступны, Повелитель!
magnificent beast reigned supreme.	великолепный зверь царил.
magnificent horde by pressing the SELECT	великолепную орду кнопкой SELECT
magnificent self!	великолепную персону!
main stream of holy water.	основной поток святой воды.
majorly suck about it.	жутко бесит в этом.
majorly suck!	жутко бесит!
make Mold from it, you see.	сделать из этого плесень, вот.
make it through this one, My Lord!	пройди этот, Повелитель!
make use of the time to spawn monsters	юзай время, чтоб спавнить гадов
makes for great Dig Power savings.	даёт жирную экономию силы копки.
makes him look cool? All it does is show	делает его крутым? Только показывает
makes me mad! Gets my indigestion going	бесит! Изжога сразу прёт
makes me very proud.	очень мной гордится.
making good use of <col:255,0,153,255>mutation</col>?	по полной юзать <col:255,0,153,255>мутацию</col>?
making runes, you can learn how in	руны — как, узнаешь это в
malevolent God of Destruction couldn't'	злобный Бог Разрушения не смог'
mana levels with precision and speed.	ману точно и очень быстро.
mana, but you're the - ahem - mana for'	мана, но ты — кхм — та ещё мана для'
mana, you need to make a Slimemoss with	маны нужен слизьмох именно с
mana-based monsters as well?	ещё и мана-гадов в придачу?
mana-heavy compared to the target in the	мана-жирнее цели на этом
management skills a little below par,	навыки менеджмента чуток ниже плинтуса,
maniacally is so ten eons ago. None	маньячно орать — это десять эонов назад. Никто
manual.	мануал.
match for them.	им не ровня.
match for you, My Lord!	тебе не ровня, Повелитель!
max? It freezes time in the dungeon, so	макс? Замораживает время в данже, так
may have raised my voice a touch when I	может, голос чуть поднял, когда
maybe there'll be another reward.'	может, будет ещё награда.'
me by assisting me in this glorious aim!	мне, помогая в этой славной цели!
me get caught, thinking you'd try again'	меня словить, думая, что ты ещё раз'
me just makes you look bad.	меня — сам выглядишь плохо.
me to chatter on like this...	мне трепаться вот так...
me to introduce myself...	мне представиться...
me with your big, goggly eyes.	на меня большими лупатыми глазами.
me, and it's game over for you.'	меня, и тебе сразу хана.'
me, they just want to beat up some of	меня, им просто надо побить парочку
me. I bet he'll only show his vulnerable'	меня. Он покажет уязвимое только'
meaningless stuff again! He must be	бессмысленную чушь опять! Он, верно,
meet certain criteria.	соответствовать критериям.
merge, they grow much longer than	сливаются, они становятся куда длиннее
merry abandon...	с весёлым размахом...
message...	сообщение...
messages saying ~Not there! Not there!~	надписи ~Не туда! Не туда!~
metamorphose, so won't turn into'	метаморфозу, так что не станут'
mid-rampage if you can.	посреди беспредела, если успеешь.
might be just a way of passing the	может, просто способ убить
might just catch a glimpse...	может, мельком глянешь...
might, and further my mission for world	мощь, и двинь мою миссию мирового
might...turn the power...off...	может...выключить...свет...
mighty hearts of evilness!	могучие сердца злодейства!
miles around!	на километры вокруг!
milksop.	тюфяк.
mincemeat of these heroic invaders.	фарш из этих геройских гадов.
mine!	моё!
minions just to fill the Almanac?	слуг, чтоб бестиар забить?
minions' collective strength.'	общая мощь моих слуг.'
minutes of footage.	минут киноплёнки.
miserable heroes?	жалкие герои?
miserable heroic lives! Mwah-hah-hah!	жалкие геройские жизни! Муа-ха-ха!
miserably.	жалко так.
missions and chosen warriors and all	миссии, избранные воины и прочий
mistress.	госпожа.
mixed up with another god. Please allow	спутали с другим богом. Дай,
mockery of me and my minions!	издёвка надо мной и слугами!
moment there.	момент тогда.
moment?	момент?
monster would be cause for a victorious	монстр — повод для победного
monster-... Oh. Ah. Oh dear.	монстр-... Ой. А. Ой-ой.
monster-filled water.	вода, битком набитая тварями.
monsters and heroes...	монстры и герои...
monsters and kill heroes. Simple!	монстров и мочить героев. Просто!
monsters and send that Horde Power	монстров и кинь ту мощь орды
monsters are your friends.	монстры — твои кореша.
monsters behave and knowing how to tweak	ведут себя монстры и как крутить
monsters can die and be reborn again	монстры дохнут и снова рождаются
monsters differ depending on which	монстры разные — смотря какой
monsters gang up on them.	монстры навалятся гурьбой.
monsters have been spawned!	монстры нарождены!
monsters in order to improve their	монстров, чтоб прокачать их
monsters lurking inside fossils.	монстры прячутся в ископаемых.
monsters that spells can't get through.'	монстры, которых магия не берёт.'
monsters to help them out, so be	монстров в подмогу, так что
monsters too far away from soil.	монстров слишком далеко от почвы.
monsters who died for you and	монстров, что сдохли за тебя и
monsters you can upgrade. Don't be'	монстров можно прокачать. Не будь'
monsters, and you just might discover	монстров — и вдруг откроешь
monsters, apparently.	монстры, видимо.
monsters, do you?	монстров, да?
monsters, right? And you do want to fill	монстров, верно? А бестиар-то
monsters, you'll lose more Dig Power as'	монстров — копки уйдёт больше,'
monsters. Hurry up and choose, will you?	монстров. Ну давай, выбирай уже!
more accurately, dirty spies!	точнее, грязные шпионы!
more batches of heroes, I'm going to'	ещё пачки героев — я уже'
more difficult.	труднее.
more fiendishly-designed dungeons!	ещё пакостнее скроенных данжей!
more fun than marriage?	веселее женитьбы?
more heroes there are, the more potent a	чем больше героев, тем злее
more impressed by my advice than dad's~.'	мой совет круче папиного~.'
more skeletons about the place.	побольше скелетов вокруг.
more surrounding monsters.	больше монстров вокруг.
more!	ещё!
most awkward moments, don't they?'	в самые глупые моменты, да?'
most divine wrath and wipe all herokind	божественный гнев и сотрёт героев
most insanely maniacal laugh I've heard'	самый бешеный хохот, что я слышал'
motion, was it not?	в ход, так ведь?
mountain. And there seems to be some	горы. И там вроде как
mouth... Ahh-phew... Deep, calming	рот... Ах-фух... Глубоко, спокойно
move to another time.	перенестись в другое время.
much prey for it to devour all at once.	слишком много жратвы за раз.
much water there is as well.	сколько там воды тоже.
muddy. And they stink...	грязные. И воняют...
mumbling something: ~I bagged Badman!	бормочет: ~Я сцапал Бэдмена!
murdered enough of my minions!	перебил достаточно моих слуг!
murderously marvelous deity!	убийственно чудесное божество!
muscle...	мышца...
my dungeon door!?	дверь моего данжа!?
my dungeon on a conveyor belt.	мой данж на конвейере.
my extremely well-behaved daughter!	мою архивоспитанную доченьку!
my legs. And do they have to tie me	ноги. И обязательно вязать меня
my look?	мой вид?
my monstrous minions and destroy	моих чудовищных слуг и уничтожь
my privacy! It makes my black blood	моё уединение! Чёрная кровь
my staff have been known to complain.	мои слуги уже жаловались.
my tears... (sniffle)	мои слёзы... (шмыг)
my trousers, you know.	мои штаны, знаешь ли.
myself will occupy the depths of the	сам займу глубины
myself, but runeborn beasts instead.	сам, а рунных тварей вместо.
mysterious girl!?	таинственная девица!?
n00b difficulty setting.	сложность «нуб».
name of the game yet again just to	название игры снова, лишь бы
nearly better!	почти лучше!
need to conquer this world inch by inch.	надо захапать мир дюйм за дюймом.
need, and lots of it!	надо, и побольше!
needing to dig and you'll be able to'	копать не надо — и сможешь'
nest and leave me all alone...	гнездо и бросить меня одного...
never heard of it.	никогда не слышал.
never let your old buddy Badman down,	не подведи старого друга Бэдмена,
never saw how much destructive	никогда не видел, сколько злой
never to give up?	никогда не сдаваться?
never tries to talk to you, though?	с тобой даже не говорит, да?
new body, it's now much stronger. It's a	новое тело, теперь куда сильнее. Это
new management, but your job description	новое начальство, но должность
next stage if Extra Heroes leave, you	следующий этап, если экстра-герои свалили,
next time.	в следующий раз.
nice day...	хорошего дня...
nice dungeon. Even tough heroes would	славный данж. Даже крутые герои
nice gods why I summoned them?	добрым богам, зачем я их призвал?
nice things happen.	случаются приятности.
nice to meet you. My name's Badmella.'	приятно познакомиться. Я Бэдмелла.'
nice, narrow corridor with a hero being	узкий коридорчик, а героя
nights coming up with that deeply moving	ночей на эту душещипательную
no good. There was something fishy about	никуда. Тут что-то рыбно пахло
no wonder you've dominated 66.666% of'	недаром ты схватил 66.666% '
no-mark heroes!	безликие героишки!
nonsense. But you're a big softie!'	чушь. Да ты же размазня!'
nonsense?	чушь?
not going to see it in its full neck-	не увидишь его во всю шею-
not happy with them...	не рад им...
not have another try?	не попробовать ещё раз?
not one but TWO Gods of Destruction.	не одного, а ДВУХ Богов Разрушения.
not satisfied. Listen to this one...	не катит. Слушай вот это...
not that simple...	не так всё просто...
not to worry. Now to the Underworld	не парься. А теперь в Подземелье
not working!	не работает!
noticeable, but...	заметно, но...
now I'm at their mercy...'	теперь я у них в лапах...'
now!	сейчас!
now.	сейчас.
number of heroes headed right this way.	куча героев прёт прямо сюда.
number of nutrients. You can choose how	порцию пищи. Можешь выбрать, как
numbers of Omnoms <col:255,0,0,255>starve to death</col>.	пачки Омномов <col:255,0,0,255>дохнут с голоду</col>.
nuptials has made me sensitive to folks	свадьба сделала меня чутким к тем,
nutrient and mana levels.	уровни пищи и маны.
nutrient-fuelled Level 2 runes.	руны 2 уровня на пищевом топливе.
nutrient-spawned brethren.	пищерождённая братва.
nutrients BEFORE making the rune.	пищу ДО того, как класть руну.
nutrients and mana, you may not be	пищи и маны, может, тебе ещё
nutrients before it dies...	пищу, пока не сдох...
nutrients from water and soil.	пищу из воды и почвы.
nutrients into near-by soil, which water	пищу в ближнюю почву, а вода
nutrients, choose which monsters you	пищу, выбери, каких монстров
nutrients, you won't be able to spawn'	пищи — не сможешь народить'
obsessively at my chin. Well, each to	пялится на мой подбородок. Ну, каждому
of 10 wiggly and wonderful Omnoms!	из 10 извилистых чудо-Омномов!
of Destruction is too...	Разрушения слишком...
of Destruction, there's a way!'	Разрушения, есть способ!'
of Destruction, what the heck are you	Разрушения, какого чёрта ты
of Level 3 soil.	почвы 3 уровня.
of a Hero Rush. This sort of carry-on is	натиска героев. Такое баловство —
of dragonkind? Or did you get a Lilith	драконьего рода? Или тебе Лилит
of dungeon design. Unless you master	дизайна данжа. Пока не освоишь
of effort, but that's par for the course'	труда, но это в порядке вещей'
of evilness...	злобности...
of fifty tough tests! Let the God	из пятидесяти жёстких тестов! Пусть Бог
of forward planning, darn it!	планирования, чёрт возьми!
of hero-flummoxing fun!	геройско-морочащего веселья!
of mediocrity.	посредственности.
of my unparalleled evilness?	моей непревзойдённой злобности?
of neglect.	запущенности.
of nutrition is too high, Dvagons won't'	пищи слишком много, Двагоны не'
of our dastardly dungeon!	нашего пакостного данжа!
of pathetic whelpdom! How dare he darken	жалкого щенячества! Как смеет осквернять
of pickaxe-wielding gods.	богов с кирками наперевес.
of soil that you don't want to absorb'	почвы, которую не хочешь впитать'
of stats like that!?	статов вот таких!?
of the Underworld? I can't be a hero's	Подземелья? Я не могу быть герою
of the basics.	азов.
of the cool Overlords do it...	крутые Повелители так делают...
of the dungeon.	данжа.
of the final hero assault.	финального геройского штурма.
of the way at once! ...No?	сразу с дороги! ...Нет?
of the worst case scenario...	худшего расклада...
of those hopeless heroes...	тех безнадёжных героев...
of time has passed</col>.	времени прошло</col>.
off by the heroes. The End.	героями. Конец.
off if they find me, though. They're'	если найдут, правда. Они'
off one at a time and level up.	по одному и прокачивайся.
off to open a cafe or something.	открывать кафе или типа того.
off, it's curtains for you and the'	если свалит — вам крышка и'
off, of course.	конечно, свалит.
off. We need to claw back a little	свалит. Надо малость отбить
off</col>, so be careful!	выкл</col>, так что осторожно!
old man in his full glory.	старика во всей красе.
old man...	старика...
old-fashioned physical way, they'll go'	по-старинке кулаками — они'
on Area 2, shall we?	за Зону 2, а?
on Dig Power, but you should be able to	на копку, но ты должен суметь
on building your dungeon without runes	строить данж без рун
on land. Yes, reality is a cruel, cruel	на суше. Да, реальность жестока,
on laying an egg.	нести яйцо.
on reality. This isn't good...'	на реальность. Это не к добру...'
on stages you've already cleared.'	на этапах, что ты уже прошёл.'
on the Daily Challenge difficulty scale,	на шкале сложности Данжа на день,
on their numbers.	по их числу.
on their way to a suitably hellish	идут к достойно адскому
on their way. But I'll make sure their'	в пути. Но я уж сделаю, чтоб их'
on to Ludgala Tower and get into our	на башню Лудгала и врубимся в наш
on with your lives, and one day you'll'	живите дальше, и однажды вы'
once more, My Lord!	ещё раз, Повелитель!
once, so pay close attention, My Lord.	раз, так что слушай внимательно, лорд.
one at a time.	по одному.
one direction when they're sniffing'	в одну сторону, когда нюхают'
one of the big pickaxes. It was fun!~	одной из крупных кирок. Ух, кайф!~
one way to skin a hero!	героя можно освежевать по-разному!
one, won't you?'	один, да?'
one.	один.
only bride will be DEATH!	единственная невеста — СМЕРТЬ!
only has three dimensions! There's no'	всего три измерения! Нет'
only just beginning...	ещё только начинается...
only one who understands me, My Lord.	единственный, кто меня понимает, лорд.
only the Water Lilies that come to the	только кувшинки, что выходят к
only water, those Molds just aren't'	одной воды этим Плесеням мало'
open and watch what happens!	открой и глянь, что будет!
operations, but use the water's flow and'	операции, а юзай ток воды и'
opportunity to find new and fresh	шанс найти новых и свежих
oppressor's throne! Whoopee!!!'	трон угнетателя! Уиии!!!'
or <col:255,0,153,255>practice it up</col> in <col:255,0,153,255>Badman's Chamber</col>?'	или <col:255,0,153,255>потренируйся</col> в <col:255,0,153,255>Покоях Бэдмена</col>?'
or <col:255,0,153,255>~the Warrior is weak against magic~</col>	или <col:255,0,153,255>~воин слаб против магии~</col>
or amount of Horde Power.	или количество мощи орды.
or completely the opposite.	или совсем наоборот.
or create a completely new one?	или сваять совсем новый?
or get water flowing.	или пустить воду.
or it's Game Over!'	или это Конец игры!'
or land-based monsters?	или сухопутных монстров?
or more mana, you can't relax just yet!'	или маны больше — рано расслабляться!'
or something!	или типа того!
or something, and come back when you're'	или типа того, и вернись, когда'
or something?	или типа того?
or the <col:255,0,153,255>Scuffle Shuffle</col>.	или <col:255,0,153,255>Свалку-тасовку</col>.
or they just look a lot like them...	или просто очень на них похожи...
or to launch rapid attacks.	или навалиться быстрыми ударами.
or you'll end up with Hurtle soup.'	а то сваришь суп из шипастиков.'
or ~dinking~, as I call it...	или ~ковырялово~, как я зову...
or...	или...
other soil or water.	другую почву или воду.
our efforts go to waste, Lord.	наши труды насмарку, лорд.
our fate is almost upon us.	наша судьба уже почти тут.
our fiendish trap!	наша пакостная ловушка!
our world might as well not exist, is	нашего мира как бы и нет,
ours! Mwah-hah-hah!	наше! Муа-ха-ха!
out holy water. It's not fair, but it's	святую воду. Нечестно, но так
out in Story Mode, My Lord?	в сюжете, Повелитель?
out of the box. I want a man capable	из ряда вон. Хочу мужика, который
out of your hair, give the ~n00b~	с шеи, ставь ~нуб~
outlandish new breeds.	диковинные новые породы.
outweighing the highs.	перевешивают взлёты.
over the horizon, My Lord! You let	за горизонтом, Повелитель! Ты дал
over the world. Ha! Nice, eh?	по всему миру. Ха! Класс, да?
over this in Training - and you know	это на Тренировке — и ты знаешь
pains clean away?	боли смыть?
pair of newcomers.	парочка новичков.
panic. There's still just about enough'	панику. Ещё чуть-чуть хватает'
parental duties.	родительские обязанности.
parental-workplace-observational-report-	родительско-рабоче-гляделочный-отчёт-
particular beast appearing, or Horde	конкретного гада, или Орда
particular challenge, nutrient-based	конкретный вызов, пищевой
particular heroes - they're scouts. Or,'	конкретные герои — это разведка. Или,'
particular type of hero.	конкретный тип героя.
partner is up to.	партнёр замышляет.
passageway.	проход.
patience? I have a very limited supply.	терпение? У меня его кот наплакал.
patient and thorough explanation not	терпеливого подробного объяснения не
paying the price!	платят по счетам!
peerless. But it's the fiery breath that'	вне конкуренции. Но огненное дыхание'
penchant for munching Lizardmen's'	слабость к ящериным'
perchance?	авось?
perfect start to the Ludgala Tower	идеальный старт для башни Лудгала
person run away is a big stupid idiot!	убегает — большой тупой идиот!
phlebotomize and all will quail before	пускай кровь — и все задрожат перед
physical attacks.	физические атаки.
pick too. But it hurts.	кирка тоже. Но больно.
pickaxe at home!	кирку дома!
pickaxe skills simultaneously.	навыки кирки разом.
pickaxe skills to perfection?	навыки кирки до идеала?
pickaxe that looked after the dungeon	кирка, что блюла данж
pickaxe.	кирка.
pickaxes that are new to you to keep	кирки, что тебе в новинку, чтоб
pickaxes to do his evil bidding. I want	кирки на его злобные делишки. Хочу
picking and blind luck...	ковыряние и слепой фартуны...
pickmanship! Why not store it forever	киркоманство! Почему б не сохранить
pickwork and sympathetic nature, I don't'	копку и чуткость, я не'
pile into my beloved dungeon. Ah, I	прут в мой любимый данж. Ах, я
pincers!	клешни!
pitiful display, My Lords.	жалкое зрелище, Повелители.
place <col:255,0,153,255>loads of monsters all around him</col>.	ставь <col:255,0,153,255>кучу монстров вокруг него</col>.
place and muttering all those strange	месте и бормоча всю эту странную
place is even worse!	место ещё хуже!
plain old Long Omnoms.	обычные старые Длинномномы.
plans for world domination.	планы мирового господства.
plans to leave her old man all alone,	планы бросить старика одного,
plans, I'll just pop back down to'	планы, я мигом скачусь вниз в'
play in the sun. Or hang around here if	поиграть на солнышке. Или торчи тут, если
play with, Pickaxe!	поиграть, Кирка!
play! Let's begin Daily Challenge'	играем! Начинаем Данж на день'
playing at!?	ты творишь!?
pleased about those strange skills they	рады тем странным навыкам, что они
plenty of skin. This must have been	кожа да кожа. Видимо, это
plot twist, don't you? Why, you're one	поворот, да? Да ты просто
point if things go wrong...	смысл, если всё пойдёт наперекосяк...
point keeping your results if you're'	смысл хранить итоги, если ты'
point of slaying a hero when they go	смысл мочить героя, когда они
poke around for a while, and then	поковыряться малость, а потом
pop back to the Underworld...	скатиться обратно в Подземелье...
popular.	популярно.
population is a little off.	население малость косит.
population keeps falling, you might	население всё падает, можешь
population might not be much of a	население может быть не особо
population to the %s	население до %s
population will starve.	население сдохнет с голоду.
posse of ne'er-do-well chums get back,'	банда непутёвых корешей вернётся,'
possibly can.	как только можно.
potential you had, My Lord.	потенциал, что был у тебя, лорд.
power of...<col:255,0,153,255>Scuffle Shuffle</col>!	мощь...<col:255,0,153,255>Свалки-тасовки</col>!
powerful Dontkallmiaquitter spell so	мощное закл Незовименянытикус, чтоб
precious eggs.	драгоценные яйца.
precision and extreme prejudice.	точностью и крайней предвзятостью.
prepare yourself!	готовься!
prevail! Mwah-hah-hah!	восторжествуем! Муа-ха-ха!
previous luster in the wink of an eye.	прежний блеск в мгновение ока.
prey safe from predators or for slowing	добычу от хищников или чтоб тормозить
prioritize searching up, down, left or	искать вверх, вниз, влево или
probably go this time too.	наверняка свалит и в этот раз.
probably sensed this already, but	уже чуешь, но
problems! You have to face reality!	проблемы! Смотри правде в глаза!
problems. Probably.	проблемы. Наверное.
programmed by a sad... Um. Yes.	написал какой-то груст... Эм. Да.
propagating in no time.	размножатся вмиг.
properly leveling up.	нормально прокачиваться.
proves a wise one. Let's continue,'	окажется мудрым. Поехали дальше,'
pulled out! Ahhhh!!!	выдрали! Ааааа!!!
pulp instead.	кашу вместо.
quick dip and wash today's aches and'	быстрый заход смыть сегодняшние боли и'
quick.	быстро.
quiet for a moment.	помолчи секунду.
race has been and gone. It's going to be'	гонка была и канула. Будет'
race is assured!	гонка в кармане!
rank for this stage will be Deleted.	ранг этого этапа будет Удалён.
ranting and actually give you proper	орать и реально дать тебе нормальный
rather short tether, My Lord! Why here?	короткий поводок, Повелитель! Почему тут?
raving, right? Do you really want	бред, да? Ты правда хочешь
reaches MAX.	доходит до МАКС.
ready to rule the world above and below	готов править миром сверху и снизу
real god after all.	настоящий бог всё-таки.
really are a devil-may-care deity of	и правда беспечный божок
really understand and laugh like a loon	реально въехать и ржать как псих
really...	правда...
reason, we need to try another approach.	причине надо пробовать иначе.
reconnaissance mission. And they'll'	разведывательная миссия. И они'
regurgitate their nutrients on.	отрыгнуть свою пищу.
relying solely on soil to spawn Liliths,	кормить Лилит одной почвой,
remarkable ability...	замечательная способность...
remember. Now get back in there and give	помни. А теперь назад и дай
replay the same 10 challenges?	повторять те же 10 испытаний?
represents their <col:255,0,153,255>motivation</col>.	это их <col:255,0,153,255>мотивация</col>.
reproduce like it's going out of style.'	плодятся, как будто завтра конец света.'
require proper explanations! Now keep	требуют нормальных объяснений! А теперь
required!	надо!
rescue me. Follow your dream, My Lord!	спаси меня. За мечтой, Повелитель!
resting place! Mwah-hah!	место упокоения! Муа-ха!
retch!	блюй!
retire?	сдаться?
retry this challenge?	повторить это испытание?
return home.	вернуться домой.
return to reality at some point.	вернуться к реальности когда-нибудь.
revive your bad self.	оживи свою злую тушу.
revived prehistoric beast or two to	воскрешённую доисторическую тварь-другую,
revolutionary uprising had been prepared	революционный бунт уже был готов
ridding me of all these horrendous	избавить меня от всей этой жуткой
ridiculously, stupendously unfair...	дико, чудовищно нечестно...
right.	ладно.
right? Go on, don't mind me.'	верно? Давай, не стесняйся.'
rightitude and decency!?	праведность и приличие!?
rile me up, My Lord?	бесишь меня, Повелитель?
rings my doorbell with the L/R buttons,	звонит в дверь кнопками L/R,
room for more monsters!	место для новых монстров!
round like there's no tomorrow you have'	крутишь как не в себя, тебе'
round you, perhaps you could try the	вокруг, может, попробуешь
ruffians down here! Deal with them,	хулиганьё сюда! Разберись с ними,
rumors that they can rank up to become	слухи, что они качаются до
run off again.	снова сбежать.
run-of-the-mill meatheads to deal with.	обычные мясоголовые на разборки.
rune at the center, aiming to get the	руну в центр, целясь взять
runeborn beast, this hero will	рунная тварь, этот герой
runeborn monsters.	рунные монстры.
runes! I'll sleep easier tonight...'	руны! Сегодня посплю спокойней...'
running rings round us.	обводят нас вокруг пальца.
running!	бегом!
rusty pickaxe-waving idiot!	ржавый киркомашущий идиот!
sags as they walk around.	обвисает, пока они ходят.
same manner as Slimemosses.	так же, как слизьмохи.
same settings?	те же настройки?
same time</col> will release the fearsome	то же время</col> выпустит жуткую
same way as Slimemosses.	так же, как слизьмохи.
same without Badmella...	не то без Бэдмеллы...
sap their magic and summon a Mara!	соси их магию и призови Мару!
save precious Dig Power!	береги драгоценную копку!
saved. You can only save up to 40	сохранено. Можно копить до 40
says is correct, we've exterminated'	правду говорит — мы истребили'
scaly mind naturally turns to breeding.	чешуйчатый ум сам прёт к размножению.
scout as well.	разведчик тоже.
scream of a slain hero? You did it, you	крик убитого героя? Сделал, ты
screaming? I didn't think humans could'	орать? Я не думал, что люди могут'
screams! Quickly! I want to hear them	крики! Быстрее! Хочу слышать их
second of course, My Lord.	секунду, конечно, Повелитель.
second tower. Once that falls into our	вторая башня. Как она падёт к нам
see this marvelous moss.	глянь на этот чудесный мох.
see...%smonsters	глянь...%sмонстров
seeing what happens.	глядя, что выйдет.
seen before is making their treacherous	не виданный ранее прёт своим вероломным
select Castle Noneim! And do it NOW!	бери замок Нонаим! И прямо СЕЙЧАС!
self!	сам!
self-righteous smiles off their faces,	самодовольные ухмылки с их морды,
selfish, demanding words could have come	эгоистичные капризные слова могли вырваться
sensible advice like...	здравый совет вроде...
sensible can hope to understand.	здравый ум может понять.
sent to test world dominators!	присланы проверить мировых захватчиков!
sentimental garbage?	сентиментальная чушь?
seriously indeed.	серьёзно так.
seriously worried waves coming from	серьёзно тревожные волны от
serve Badmella's. You'll dig, spawn	служить Бэдмелле. Будешь копать, плодить
set to ~n00b~.	ставь на ~нуб~.
setting for your pathetic romantic	сеттинг для твоей жалкой романтики
settings you want.	настройки, какие хочешь.
shape.	форма.
shooting up!	прёт вверх!
shouldn't be too tough.'	не должно быть слишком жёстко.'
shouldn't feel trapped by the rules of'	не чувствуй себя в клетке правил'
shout that loud...	орать так громко...
show you my current dismembered state	показать мой нынешний расчленённый вид
showing off to impress me!? He's a'	понтуется, чтоб меня впечатлить!? Он'
shut up that loud-mouthed Warrior with	заткни этого горластого Воина
shut, pause the game and adjust the	закрой, поставь на паузу и крутни
side to me!	сторона во мне!
simply inherit the whole world, but it's'	просто унаследовать весь мир, но это'
since your mother skipped town!	с тех пор, как мама свалила!
sizzling-hot hero barbecue.	шипящее геройское барбекю.
skeletal remains! Now doesn't that sound'	скелетные останки! Ну разве не звучит'
skeleton. Tap it and it might even	скелет. Ткни — и он даже может
skill it has. How exciting!	навык у него. Как волнительно!
skills and much more by selecting	навыки и кучу всего, выбрав
skills are pretty sub-par.	навыки довольно так себе.
skills into the mix...	навыки в котёл...
skills or something.	навыки или типа того.
skills!	навыки!
skin is so silky-smooth...	кожа такая шелковистая...
skip this challenge?	пропустить это испытание?
skipping your essential training!	пропускаешь обязательную учёбу!
sky-high! Well, roof high...	до небес! Ну, до потолка...
slain no doubt have other heroic buddies	убитые наверняка имеют геройских корешей
slaughter them in.	перебить их.
sleeves.	рукава.
slouching and listen up, you stupid	не сутулься и слушай, тупая
slumber, fools! It's the only rest'	сон, дурни! Это единственный отдых'
sly for your own good, My Lord!	хитёр не в меру, Повелитель!
smash 'em up good.'	мочи их как следует.'
so <col:255,0,153,255>attacks from Aquachnids and Hurtles</col>	так <col:255,0,153,255>атаки водяных пауков и шипастиков</col>
so I'll leave you with some words of'	так оставлю тебе пару слов'
so gloomy.	так мрачно.
so if ever you have the chance, seize it	так что если выпадет шанс — хватай
so the next stage will be that much	так следующий этап будет куда
so you can <col:255,0,153,255>level up</col> my minions?	чтоб <col:255,0,153,255>прокачать</col> моих слуг?
so-and-sos think they are?	эти типы о себе думают?
soil and it'll be a breeze! Well, it'	почву — и будет плёвое дело! Ну,'
soil isn't all that taxing! It's just	почва не такая уж морока! Просто
soil left to work with.	почвы осталось поработать.
soil that's absorbed 8 or more mana.'	почва впитала 8 или больше маны.'
soil to top up depleted nutrient levels.	почву, чтоб добить пустые запасы пищи.
soil you can see in the picture, you'll'	почву на картинке — и у тебя'
soil, Water Lily Buds will grow. Then	почва, вырастут бутоны кувшинки. Потом
solution here.	решения тут.
solved every puzzle.	решил все головоломки.
some chancer digging away at random!	какой-то шалопай копает наугад!
some other combinations.	какие-то другие связки.
some pretty nasty skills up their baggy	довольно пакостные навыки в мешковатых
some time?	какое-то время?
some way. Hah! As if!	каким-то образом. Ха! Как же!
someday, but right now we're busy,'	когда-нибудь, но сейчас мы заняты,'
someone's torn the guts out of it!'	кто-то выдрал из него кишки!'
something chronic!	что-то хроническое!
something right, My Lord!	что-то дельное, Повелитель!
something...nostalgic about them. Do	что-то...ностальгическое в них. А
sometime! Whenever you want!	когда-нибудь! Когда захочешь!
sometimes even cry with us...	иногда даже ревут с нами...
somewhere with Badmella's training.'	куда-то с учёбой Бэдмеллы.'
soon. Farewell!	скоро. Прощай!
soon...	скоро...
sorry singleton hero!	бедный одинокий герой!
sort dad out. You get on and hammer	разберись с папашей. А ты молоти
sound like a giver-upper! Ugh!	звучит как сдавашка! Угх!
spawn 'em like crazy! Oh yeah, I know'	плоди их как не в себя! Да, я знаю'
spawn Slimemosses.	плодить слизьмохов.
special objectives, such as monster-	особые цели, вроде монстр-
spells! We'll still destroy you!'	заклинания! Мы всё равно вас порвём!'
spilt milk.	пролитое молоко.
split the heroes up and get them to face	раздели героев и заставь их драться
splosh water about. Think first!	не плюхай воду как попало. Думай!
spread too thinly, and they can dispatch	растянуться слишком тонко, и они могут
squished and splatted.	раздавлены и расплющены.
stage nonetheless. An appetizer,	этап всё равно. Закуска,
stage. Try and do better on the next	этап. Постарайся лучше на следующем
standing nice and still.	стоят себе смирно.
standing up to a hero's blows?'	держатся под ударами героя?'
start eating other monsters.	начнут жрать других монстров.
started digging, how can I give you	начал копать, как я тебе дам
state.	состояние.
state. You'd better batter them.'	состояние. Лучше их отмолотить.'
stay out of my way or I'll curse you and'	не лезь под руку, а то прокляну и'
stealing my darling daughter's first'	крадут первый раз моей доченьки'
steam are you, My Lord?	пар, Повелитель?
steam, were you?	парил, да?
step on the journey to greatness. One	шаг на пути к величию. Один
stick together.	держаться вместе.
sticky Aquachnid attacks.	липкие атаки водяных пауков.
still clear the stage. You just won't'	всё равно пройдёшь этап. Просто не'
still dying to go there, right?	всё ещё прёшь туда, да?
still in the dungeon when the Scuffle	ещё в данже, когда Свалка
still just kids.	ещё просто дети.
still take great pleasure in carting me	всё равно кайфую, когда меня тащат
still thinking...	ещё думаю...
stinky sweat, they'll probably go home.'	вонючим потом, они, глядишь, свалят домой.'
stinky way!	вонючим путём!
stocked with a good supply of	запасено добрым запасом
stockpile water somewhere suitable.	копи воду где-нибудь с умом.
stomp on them myself. It makes me sick!	сам их растопчу. Меня тошнит!
stood there...~	стоял там...~
stopping heroes in their tracks. There's'	останавливать героев на месте. Есть'
stopping you, My Lord!	тебя остановит, Повелитель!
storm.	шторм.
straight down to business.	сразу к делу.
straight from your mother's lips!'	прямо с маминых уст!'
strength at the moment...	сила сейчас...
strength is even sillier! Don't let all'	сила ещё глупее! Не дай всей'
strength, so you can't level them up.'	сила, так что не прокачаешь их.'
strength. You couldn't face them in a'	сила. Ты б их не вытянул в'
stretching glory.	во всей красе.
strings the whole time...	ниточки всё это время...
strong enough. You can't level them'	достаточно сильны. Не прокачаешь их'
strong or anything. It's just...well...'	сильный или типа того. Просто...ну...'
struggling too...	тоже мучаюсь...
stuck in your ways?	застыл в своих привычках?
stumbling over the difficult words.	спотыкаясь на сложных словах.
stygian depths of the lowest echelon of	стигийские глубины самой нижней ступени
subtleties. But you will, My Lord!	тонкости. Но поймёшь, Повелитель!
success for even a moment!	успеха даже на миг!
such high standards.	таких высоких стандартов.
sufficient?	хватит?
summon underlings from dimensions no one	призывать подручных из измерений, куда никто
summon. You can pick up to three.	призыв. Можно взять до трёх.
summoned you here today, right?	призвал тебя сюда сегодня, да?
supply.	запас.
suppose... Ach! What am I saying!? I	положим... Ач! Что я несу!? Я
sure the soil has absorbed 30 or more	убедись, что почва впитала 30 или больше
surface and transfer its nutrients to	поверхность и сбросить пищу на
surprised. It is called a Long Dragon.	удивляйся. Его же зовут Длинный дракон.
sweethearts who will tear you lovingly	милашки, что разорвут тебя с любовью
swell your Water Lily population, you'll'	раздуть поголовье кувшинок, тебе'
swim in that ocean.	плавать в том океане.
swimming? I do.	плаваю? Плаваю.
sword that doesn't exactly scream Alpha'	меч, который не орёт «Альфа»'
tail and run, the wretches!	хвост поджать и бежать, гады!
take a deep breath and consult this	вдохни поглубже и глянь в этот
take a quick look around?	глянуть быстренько вокруг?
take those techniques from the	взять эти приёмы из
takes to slay them.	нужно, чтоб их прикончить.
taking on another sequel...	браться за ещё один сиквел...
taking on heroes, and you'll be sure'	браться за героев — и точно'
taking one of them out.	вынести одного из них.
talking. But I'm almost never wrong...'	говорю. Но я почти никогда не ошибаюсь...'
targeted area of soil, and you'll level'	нужный кусок почвы — и прокачаешь'
taste of: Monster Surprise!	вкус: Сюрприз-монстр!
tasty meat and yummy jerky?	вкусное мясо и нямные джерки?
tea, then by all means give them a go.	чай, тогда милости просим, гоняй.
technique that might be better left for	приём, который лучше оставить для
technology, it's not going to break'	технология, это не сломается'
tell me you've completed the Training.'	скажи, что ты прошёл Тренировку.'
tell them it was a pickaxe pulling the	скажи им, что кирка дёргала за
terrible tragedy. And are you creating	страшная трагедия. И ты что, плодишь
terrible! Get a move on!	жуть! Шевелись!
terror bring the day of world	ужас принесёт день мирового
than I thought it would. Did you think	чем я думал. Ты что, думал
than a Serpent Omnom!	чем Змееомном!
than before, My Lord!	чем раньше, Повелитель!
than bottle it up...	чем копить в себе...
than in previous titles, you see. Check	чем в прошлых частях, видишь. Глянь
than running a bar...	чем бар вести...
than they fly solo.	чем когда они одни.
than this.	чем это.
than usual.	чем обычно.
than...life...itself!	чем...жизнь...сама!
that Skeleman very happy. Look at his	того Скелемена очень счастливым. Глянь на его
that about right?	так, да?
that already!~	уже!~
that and the resurrection's out of the'	это — и воскрешению крышка'
that appear when you tap them?	что вылезают, когда тыкаешь?
that behind every glorious victory lies	что за каждой славной победой стоит
that contains it.	что его содержит.
that ends well, My Lords.	что хорошо кончается, Повелители.
that escapes, don't you?'	что сбежит, да?'
that even bother coming near the	что вообще суются к
that nonsense!	эту чушь!
that since the Pickalocalypse!	с тех пор, как Киркалипсис!
that this hero moves right, left, down	что этот герой прёт вправо, влево, вниз
that was poor. Very poor indeed.	это было слабо. Очень слабо.
that we needed a weakened Dragon to lay	что нам нужен ослабленный Дракон, чтоб снести
that weird raspy voice?	этот странный хриплый голос?
that! How do you think it makes us look	это! Как ты думаешь, как мы выглядим
that! I see no reason why two Gods of	это! Не вижу, почему двум Богам
that! Take this seriously, will you?	это! Восприми серьёзно, а?
that's not in your Almanac.'	которого нет в бестиаре.'
that, My Lord... Anyway, good luck!	это, Повелитель... В общем, удачи!
the 30 seconds runs out, the	30 секунд кончатся,
the God Aptitude Test levels.	уровни Экзамена на бога.
the Irrisponsybildeity spell and let you	закл Безответствибожество и дам тебе
the Skeleman one by one.	Скелемена по одному.
the Underworld.	Подземелье.
the Water Lilies that spring up.	кувшинки, что всходят.
the World Map in Story Mode. But I bet	карту мира в сюжете. Но бьюсь об заклад,
the absolute max? Or how about spawning	абсолютный макс? Или как насчёт плодить
the baddest man around.	самый злой мужик вокруг.
the bank!	банк!
the battering they deserve. They don't'	ту трёпку, что заслужили. Они не'
the bottom...	дно...
the chips are down, not some wheyfaced	прижмёт, не какой-то бледномордый
the count...	счёт...
the crest of this wave of devastating,	гребень этой волны сокрушительной,
the darkest recesses of the dungeon.	самые тёмные закоулки данжа.
the death penalty and everything!	смертная казнь и всё такое!
the deepest bowels of the dungeon!	самые кишочки данжа!
the dungeon is just right!	данж как раз в точку!
the dungeon of your dreams.	данж твоей мечты.
the dungeon with them.	данж вместе с ними.
the dungeon...	данж...
the dying screams of...heroes...and...	предсмертные крики...героев...и...
the end and I'd say you could enjoy a'	конец, и я б сказал, можно насладиться'
the experience from today's battle to'	опыт сегодняшнего боя, чтоб'
the experience~ kind of thing...	опыт~ в таком духе...
the expressway to hell!	скоростная трасса в ад!
the giving-up spell, Hadennuficus and	закл-сдавашку Хватитснусикус и
the glorious age of darkness will be	славный век тьмы будет
the greater the damage done by heroes''	тем больше урон от героев'
the hang of this dungeon-digging lark?	въехал в это данжекопательное дело?
the hard work will all be done!	вся каторга будет сделана!
the hero drops.	герой падает.
the hero will get to last of all.	герой доберётся в самую последнюю очередь.
the hero-slaying cause, I've ended up'	дело мочи героев, я застрял'
the heroes out methodically, one at a	героев методично, по одному
the heroes will be here soon!	герои будут тут скоро!
the heroes.	герои.
the ideal entity to be entrusted with	идеальная сущность, которой доверить
the issue in hand - namely, your crucial	дело — а именно, твой важнейший
the job, My Lord!	работа, Повелитель!
the juices from the hero's corpse!'	соки из геройского трупа!'
the key to reviving Overlords!	ключ к воскрешению Повелителей!
the level. And now it's Game Over and'	уровень. А теперь Конец игры и'
the might of Badman!	мощь Бэдмена!
the monsters and heroes there would	монстры и герои там бы
the monsters, then they'll go.'	монстров — тогда свалят.'
the next Extra Hero. This one's a'	следующий экстра-герой. Этот —'
the next batch of heroes.	следующая пачка героев.
the nutrient cycle and overseeing	пищевой цикл и надзор за
the one dessert they don't like the'	тот десерт, который они не любят'
the other day and that's how all this'	на днях, и вот как всё это'
the other does the same for mana.	другой то же самое для маны.
the other's 3D, but don't let that stand	у другого 3D, но не дай этому встать
the path of beasts and heroes alike.	путь зверей и героев.
the path to world domination, we've seen'	путь к мировому господству, мы видели'
the picture above and get Slimemosses	картинку сверху и заведи слизьмохов
the power of your...passion...	силу твоего...страсти...
the power to destroy all the heroes who	силу уничтожить всех героев, что
the results of this run-through.	итоги этого прогона.
the same as that of nutrients.	то же, что у пищи.
the screen...	экран...
the series up to now.	серия до сих пор.
the signs of impending mutation.	знаки грядущей мутации.
the situation simpler to grasp.	ситуацию проще понять.
the soil in question so it could absorb	нужную почву, чтоб она впитала
the soil it passes, so don't senselessly'	почву, по которой течёт, так что не плюхай'
the start of this level, right?	начало этого уровня, да?
the stone face of that mountain! It's a'	каменное лицо той горы! Это'
the surface.	поверхность.
the time runs out.	время кончится.
the time to take over the world with us.	время захватить мир вместе с нами.
the time, please?	время, пожалуйста?
the towel. I've finally worked it out...'	полотенце. Я наконец въехал...'
the training exercises so far should	тренировки до сих пор должны
the very next stage! It's Extra Hero'	прямо следующий этап! Это экстра-герой'
the way it is.	так, как есть.
the way you want them.	так, как хочешь.
the way. Smash 'em, and we'll soon have	с дороги. Мочи их — и скоро у нас
the way. Three of them, no less.	с дороги. Трое, ни больше ни меньше.
the whole time, didn't we?'	всё это время, да?'
the whole tower thing wasn't so'	вся эта башенная история была не так'
the witch doctor said about your	знахарь сказал про твои
the world already!	мир уже!
the world of heroes!	мир героев!
the world was covered in water, this	мир был покрыт водой, это
the world, but...	мир, но...
the world...I shall return...!	мир...я вернусь...!
the worlds you've been to, is it?'	миры, где ты был, да?'
the □ button held down, you can dig	зажав кнопку □, можно копать
the...God...of...Destruction... They...	...Бог...Разрушения... Они...
their attractive and tasteful patterns.	их симпатичные и вкусные узоры.
their life expectancy is minimal.	срок их жизни минимальный.
their motivation goes up, while it	их мотивация растёт, а
their name.	их имя.
their nutrients.	их пищу.
their own abilities.	свои способности.
their own against us.	сами против нас.
their own, I suppose.	сами, положим.
their sails.	их паруса.
them a tap or two with your pick.	их разок-другой киркой.
them didn't do too much damage.'	они не нанесли слишком много урона.'
them down just in time. Give it a try,	их как раз вовремя. Попробуй,
them escape!	им сбежать!
them heck!	им жару!
them in the heat of battle to make	их в пылу боя, чтоб
them know they've been conquered.'	им понять, что их захватили.'
them to store large amounts of mana.	им копить большие запасы маны.
them with a plentiful supply of Omnoms.	их добрым запасом Омномов.
them, My Lord.	их, Повелитель.
them, they blow their box-like forms	их, они раздувают свои коробчатые туши
them.	их.
then I suppose it's nonsense. But what'	тогда это чушь. Но что'
then get it to absorb Spirits.	потом дай ей впитать Духов.
then go home and snivel to all their	потом домой реветь всем своим
then go home.	потом домой.
then sit back and watch it! They won't'	потом сиди и смотри! Они не'
then the heroes go and get stronger too!	потом герои тоже качаются!
then turns into Water Lily Buds.	потом превращается в бутоны кувшинки.
then up!	потом вверх!
then you need to take a long hard look	тогда взгляни честно и жёстко
then, so why not use it to polish your	тогда, так что почему б не отточить
then?	тогда?
there are some Extra Heroes on the	там есть экстра-герои на
there are two heroes on the way.	там двое героев в пути.
there asleep on my feet...	там сплю на ходу...
there's a scouting party on the way'	там разведка в пути'
there's more of it for me to conquer.'	там ещё, чтоб я захватил.'
there's no limit to the terror and fear'	нет предела ужасу и страху'
there's no way of telling which way it's	нет способа понять, куда оно
these parts again someday.	эти края снова когда-нибудь.
these situations.	эти ситуации.
they come! With you on my side, I	они идут! С тобой на моей стороне я
they consume.	они жрут.
they had up their sleeve!	у них было в рукаве!
they just wander about racking up	они просто бродят и копят
they kill heroes?	они мочат героев?
they leave the oven on or something?	они плиту не выключили, что ли?
they own the place. They're making a'	ведут себя как хозяева. Устраивают'
they pick another dungeon?	они выберут другой данж?
they picked a fight with us!	они связались с нами!
they pop out, but don't say anything or'	они вылезут, но не вякай, а то'
they really do boost dungeon IQ.	они и правда качают IQ данжа.
they turn tail and escape	они поджимают хвост и бегут
they work, or what things are like on the	они работают, или каково там
they'll eat those eggs, so keep a lid'	съедят те яйца, так что прикрой'
they'll just wander around a bit and'	просто побродят малость и'
they'll only return once they've	вернутся, только когда
they'll run off.'	свалят.'
they're going to get, My Lord!'	им прилетит, Повелитель!'
they're no slouches. They're holding	они не лохи. Они держат
they're on their way.'	они уже в пути.'
they've achieved their goal, they turn'	добились цели — разворачиваются'
they've got Extra Heroes running from'	у них экстра-герои бегут от'
thing, but it doesn't do much for our'	штука, но нашей пользы от этого мало'
things I don't like. It's a long list...	вещи, которые я не люблю. Список длинный...
things about your monsters	штуки про твоих монстров
things fresh.	всё свежим.
things get going, but for now, let's'	дело пойдёт, а пока давай'
things look so easy.	всё выглядит так просто.
think about what you've done!'	подумай, что натворил!'
think: ~If this soil had 2 more mana,	думай: ~Если б у почвы было на 2 маны больше,
think? I've cracked it, right?'	думаешь? Я всё расколол, да?'
thinking, judgment or technique.	мышление, суждение или техника.
this area under our control!	этот район под наш контроль!
this castle...	этот замок...
this crazy, dark, twisted world sometime	этот безумный тёмный кривой мир когда-нибудь
this dying-with-dignity thing!	эта штука «сдохни красиво»!
this far shows that you have a firm	так далеко — значит, у тебя крепкий
this one escape, will you?	этому сбежать, а?
this sorry bunch. ...Oh, look! Our last	эту жалкую банду. ...О, глянь! Наш последний
this sorry sight...	это жалкое зрелище...
this state, I'm going to give you some'	в таком виде я тебе дам пару'
this time there's a <col:255,0,153,255>Hero Rush</col> on'	нынче тут <col:255,0,153,255>натиск героев</col> на'
this time.	в этот раз.
this'll be a real test of how far'	это будет реальный тест, насколько'
this. Ooh, here come the heroes!	это. Ооо, герои пррут!
those do-gooders off the face of the	тех святош с лица
those heroes into compost, just the way	тех героев в компост, как раз так
those heroes into mincemeat!	тех героев в фарш!
those heroes won't know what's hit them.	те герои не поймут, что в них влетело.
those heroes!	тех героев!
those heroes, Pickaxe.	тех героев, Кирка.
those of heroes.	тех, что у героев.
those powerful monsters you'd lined'	тех мощных монстров, что ты выстроил'
those wretched heroes.	тех мерзких героев.
thought it'd be good to call a couple'	подумал, неплохо вызвать парочку'
thought she deserved a nice boyfriend	подумал, ей светит славный парень
thought-out strategy succeeded!	продуманная стратегия сработала!
thought...	думал...
threat they pose.	угроза, что они несут.
threaten our way of life.	грозят нашему образу жизни.
three heroes at the same time.	трое героев разом.
three parts.	три части.
three. They're on the look-out for rare'	трое. Они ищут редких'
through the dungeon door!	через дверь данжа!
through them and attack.	сквозь них и бить.
ticking along.	тикает себе.
till you find all of those prehistoric	пока не найдёшь всех тех доисторических
time I've seen one in the flesh.'	раз вижу одного во плоти.'
time fly by.	время летит.
time for a little more lecturing...	время для ещё одной нотации...
time to time...	время от времени...
time! Are you playing on Hard?	время! Ты на Сложном, что ли?
time, My Lord!	время, Повелитель!
time, but for us...	время, но для нас...
time, but that's no reason to be'	время, но это не повод'
time, not just when you're digging.'	время, не только когда копаешь.'
time.	время.
times in your best handwriting and	раз своим лучшим почерком и
times!	раз!
times, can't you, My Lord?'	раз, да, Повелитель?'
tired and clear off home.	устанут и свалят домой.
titan.	титан.
title screen has always made something	титульный экран всегда делал что-то
titles. No one knows you!	частях. Тебя никто не знает!
to be careful of.	надо беречься.
to be discovered.	надо открыть.
to be like him when I grow up.~	быть как он, когда вырасту.~
to call the <col:255,0,153,255>30-Second Showdown</col>!	звать это <col:255,0,153,255>30-секундный мордобой</col>!
to carry nutrients and make a block	носить пищу и сделать блок
to conquer this entire world!	захватить весь этот мир!
to contend with. They're not as stupid'	разгребать. Они не такие тупые'
to deal with the heroes, world conquest	разгрести героев, захват мира
to defeat them.	победить их.
to dig a deadly dungeon and take out any	выкопать смертельный данж и вынести любых
to dig in order to get Level 3 soil...	копать, чтоб добыть почву 3 уровня...
to do Stages 1, 2 and 3 in one go!	пройти этапы 1, 2 и 3 за раз!
to do the same.	сделать то же.
to do to get a moment's peace!?'	сделать, чтоб минутку покоя!?'
to do with this...	делать с этим...
to do...?	делать...?
to drag me to the surface, there'll still'	тащат меня наверх, всё равно останется'
to drop them, they can really infest	скинуть их — они реально заразят
to get the gods to do my will	заставить богов делать мою волю
to get your divine mitts on pickaxes	заполучить божественные лапы на кирки
to get...gooder. Ahem.	стать...хорошеее. Кхм.
to go to...?	идти...?
to gods who can handle it!	богам, которые потянут!
to have the wedding. But first, I'll'	сыграть свадьбу. Но сначала я'
to head to Castle Noneim?	валить в замок Нонаим?
to it, that's fine by me.'	к этому — мне ок.'
to kill the hero, you big cheat?	убить героя, ты большой читер?
to know how evil and great I am!	знать, какой я злой и великий!
to leave things be for a while!	оставить всё как есть на время!
to level up your minions, My Lord.	прокачать слуг, Повелитель.
to magic to tears. And then they'll kill'	магией до слёз. А потом убьют'
to make a splash!	устроить всплеск!
to meet them all. I've no idea why you'	встретить их всех. Понятия не имею, зачем ты'
to my poor behavior.	моему плохому поведению.
to one side, shall we?	в сторону, а?
to one who would conquer the world!?	тому, кто хочет захватить мир!?
to plan our new house...	планировать наш новый дом...
to provide cover. Just don't let her'	дать прикрытие. Только не дай ей'
to relax and dig a dungeon at your	расслабиться и копать данж в своём
to schadenfreude! Give those heroes	к злорадству! Дай тем героям
to sleep or help them recover.	уснуть или помочь им оклематься.
to sound?	звучать?
to spawn.	народить.
to stop this wedding ever taking place,	чтоб эта свадьба никогда не случилась,
to take out heroes, make sure loads of	мочить героев, наставь кучу
to the bitter end is highly admirable.	до конца — это очень достойно.
to the surface after a certain amount	на поверхность спустя какое-то
to their wanderings.	к их шатаниям.
to throw in the towel.	бросить полотенце.
to use their <col:255,0,153,255>healing spells</col>.	юзать их <col:255,0,153,255>хил-заклинания</col>.
to work again! Ah, well...	снова в работу! Ну да ладно...
to world domination.	к мировому господству.
to your dungeon at will!	в твой данж когда вздумается!
to ~n00b~.	на ~нуб~.
toasted at one end.	поджарен с одного конца.
toasts them with a jet of flame.	жарит их струёй пламени.
today.	сегодня.
together nicely. Many thanks, My Lords!	вместе славно. Спасибо, Повелители!
together to cover each other's'	вместе, чтоб прикрывать друг друга'
together! And they were ugly! Ha!	вместе! И уродливые! Ха!
together.	вместе.
together...	вместе...
told me it's better to let my rage out'	сказал, лучше выплёскивать ярость'
too easily with magic.	слишком легко магией.
too much extraneous digging.	слишком много лишней копки.
too much for you? They come one at a	слишком для тебя? Они идут по одному
too shabby, are they?	не так уж плюгавы, да?
top of blocks of soil to flow into the	верх блоков почвы, чтоб текло в
top of my voice could get me into hot	во весь голос может влететь мне
torment me once again.	мучить меня снова.
tortured screams of excruciating agony,	пыточные крики адской агонии,
touches it, so slay Shamans before	трогает, так мочи шаманов до
toughest nuts.	крепкие орешки.
toughie! Brace yourself...	крепкий орешек! Держись...
towards the soil in the center little by	к почве в центре потихоньку
training or giving me any more back talk!	учёбы и больше никакой перебранки!
training, the heroes would end up	учёбы герои бы оказались
training.	учёба.
treading on each other's toes.'	наступать друг другу на пятки.'
treasure chests and run the risk that	сундуки и рисковать, что
treasure chests?	сундуки?
trick, eh? A classic God of	фокус, а? Классика Бога
trouble with, you can bring them here	не тянешь — тащи их сюда
trusty <col:255,0,153,255>Almanac</col>.	верный <col:255,0,153,255>бестиар</col>.
trusty tome.	верный том.
try playing through a few times and	попробуй пройти пару раз и
try them out.	попробуй их.
try!	попробуй!
trying to complete the game without	пытаться пройти игру без
turn them into dungeon fertilizer and	превратить их в удобрение данжа и
turn. It's your job to keep this cycle'	оборот. Твоя работа — крутить этот цикл'
tutor/tutor02_04.gim	tutor/tutor02_04.gim
tutor/tutor02_05.gim	tutor/tutor02_05.gim
tutor/tutor03_09.gim	tutor/tutor03_09.gim
tutor/tutor03_10.gim	tutor/tutor03_10.gim
tutor/tutor05_07.gim	tutor/tutor05_07.gim
tutor/tutor05_08.gim	tutor/tutor05_08.gim
tutor/tutor06_07.gim	tutor/tutor06_07.gim
tutor/tutor07_06.gim	tutor/tutor07_06.gim
tutor/tutor09_06.gim	tutor/tutor09_06.gim
tutor/tutor09_07.gim	tutor/tutor09_07.gim
tutor/tutor10_06.gim	tutor/tutor10_06.gim
tutor/tutor10_07.gim	tutor/tutor10_07.gim
tutor/tutor11_07.gim	tutor/tutor11_07.gim
twinge of sadness about it...	нотка грусти в этом...
two could be trouble. A priest and a	двое могут быть бедой. Жрец и
two gods did all the hard work. Dad just	два бога сделали всю грязную работу. Папаша лишь
two heroes, so build a nice dungeon to	двое героев, так что скрой славный данж, чтоб
underground positions!	подземные позиции!
unleash your <col:255,0,153,255>pickaxe skill</col>?	врубать <col:255,0,153,255>навык кирки</col>?
unmistakable stench of freshly-hatched	неотличимая вонь свежевылупленных
unthinkable will be averted!	немыслимое будет отведено!
until it blossoms.	пока не расцветёт.
until you clear Stage 2	пока не пройдёшь этап 2
unwelcoming welcome.	негостеприимное гостеприимство.
up a Herculomnom, we'd never have had'	Геркуломнома, нам бы не светило'
up all the soil, O Evil One!	всю почву, о Злой!
up and come in twos or threes more often	вверх и чаще валят по двое-трое
up and finish it, will you?	давай уже и добей, а?
up and regurgitates nutrients, while	вверх и отрыгивает пищу, а
up any more, My Lord!	больше, Повелитель!
up culling the poor Dragon. Oh, My Lord,	зарезать бедного Дракона. О, Повелитель,
up his dandruff.	его перхоть.
up in, but we'll be fine as long as we'	окажемся, но мы в порядке, пока'
up on heroes or monsters, consult your	героев или монстров — глянь в
up one of those balls that dead	один из тех шаров, что мёртвые
up simply draining an area of its water	просто слить из района всю воду
up so the Dvagon can digest it.	так, чтоб Двагон смог переварить.
up so tight?	так туго?
up the Almanac, don't you?'	бестиар, да?'
up the dungeon willy-nilly, it's not'	данж как попало — это не'
up to splatter him.	чтоб его размазать.
up way too much before daring to take on	слишком высоко, прежде чем сунуться к
up with that one...	на эту...
up with your horde slain and heroes	с ордой вырезанной и героями
up your pick-to-eye coordination and	координацию кирка-глаз и
up, take aim at their weak points and	вверх, целься в слабые места и
upon us at last!	наконец на нас!
urge to flop onto dry land, their life	тяга шлёпнуться на сушу, их жизнь
us to part. Ahh, I even feel a little	нам расстаться. Ах, мне даже чуток
use Replay to look over past glories,	юзай Повтор, чтоб глянуть старые подвиги,
use the fabulous <col:255,0,153,255>Famcam</col>!	юзай чудесный <col:255,0,153,255>Фамкам</col>!
use up a chunk of your Dig Power.	сожрёт кусок силы копки.
useful in a <col:255,0,153,255>spacious, sprawling dungeon</col>.	годится в <col:255,0,153,255>просторном раскидистом данже</col>.
useful information and outright guff!	полезная инфа и откровенная чушь!
using any Slimemosses?	без единого слизьмоха?
valuable energy on those Extra Heroes.	ценную энергию на тех экстра-героев.
various abilities double in strength.	разные способности удваивают силу.
veritable hero slaughterhouse!	прямо-таки геройская бойня!
very careful...	очень осторожно...
very concerned about Badman's current'	очень тревожит нынешнее состояние Бэдмена'
very effective.	очень эффективно.
very nice things - new pickaxes, to be	очень милые штуки — новые кирки, если
victory in this season's monster'	победа в этом сезоне монстр'
view of proceedings.	вид на происходящее.
visage... Haven't I seen you before?'	облик... Мы с тобой не встречались?'
wailing their guts out!	орут во всю глотку!
waiting for them to return.	ждут, пока они вернутся.
waiting for you to summon them, My Lord!	ждут, пока ты их призовёшь, Повелитель!
wander off home again.	снова свалить домой.
want to continue with an old dungeon,	хочешь продолжить со старым данжем,
want to start over, My Lord?	хочешь начать заново, Повелитель?
want, and much more!	хочешь, и кучу всего!
wanted to try being a bit encouraging	хотел чуток подбодрить
wanted, isn't it? I wonder what special'	хотел, да? Интересно, какой особый'
wants to retire. Want me to cast the	хочет сдаться. Колдовать
war of attrition seems to be the only	война на истощение, кажется, единственный
warcry. It has no special effects, but	клич. Особых эффектов нет, но
warrior...	воин...
was lecturing you, Badmella.	читала тебе нотации, Бэдмелла.
was more than a little lacking.	было более чем так себе.
wasn't difficult to begin with...'	сначала и не было сложно...'
wasteful dungeon-digging.	расточительное копание данжа.
watch carefully over you, My Lord!	буду зорко следить за тобой, Повелитель!
water to flow and then dig a channel to	воде течь, а потом прокопай канал к
water's surface.'	поверхность воды.'
water, it will be purified. Yuck!	воду — она очистится. Фу!
water, so I'll whisper this...'	воде, так что шепну это...'
way I am, right, My Lords?	какой я есть, да, Повелители?
way here as we speak!	уже прёт сюда, пока мы тут!
way till it hits a wall. But there are	путём, пока не стукнется о стену. Но есть
way too. Ahh well, such are the trials	тоже. Эх, таковы испытания
way! And it looks like a toughie! Ah,	путь! И выглядит круто! Ах,
way...	путь...
ways and shape up. Just don't overdo it'	привычки и подтянись. Только не переборщи'
ways to cheer you up when you failed	способы поднять тебя, когда ты облажался
ways to design your dungeon.	способы кроить данж.
ways to play.	способы играть.
we agree on everything.	мы во всём согласны.
we can inflict on the world!	мы можем обрушить на мир!
we conquered the world before?	мы уже захватывали мир раньше?
we should be fine.	мы должны быть в порядке.
we want to go to. Ah, it all feels so	куда хотим. Ах, всё такое
we were heading for the tower, but	мы пёрли к башне, но
we'll move on.'	пойдём дальше.'
we're underground. Don't worry.	мы под землёй. Не парься.
weak jaws.	слабые челюсти.
weak points.	слабые места.
weakest, most pathetic hero.	самый слабый, самый жалкий герой.
wear me out.	меня измотают.
wearing their socks inside-out!	в носках наизнанку!
weather of the heroes you faced up to	погоду героев, с которыми ты дрался до
weeks! It's going to destroy me all over'	недель! Оно меня снова уничтожит'
welcome them to a new and terrifying	встретить их новым и жутким
well</col>. You have been warned!	хорошо</col>. Я тебя предупредил!
were a handful indeed.	были ещё те штучки.
were born to swing that pickaxe!	рождены махать этой киркой!
were using either.	пользовались тоже.
what am I going to do with you?	что мне с тобой делать?
what's a few millennia between friends?'	что пара тысячелетий между своими?'
whatever happens, keep laughing.	что бы ни было — ржи дальше.
whelp!? Over my dead body!	щенок!? Только через мой труп!
whelps, you're going to have to knuckle'	щенки, придётся вам засучить'
when it goes beyond 9,999.	когда перевалит за 9,999.
when they're that bit smarter.'	когда они чуть смышлёнее.'
when they've just leveled up...'	когда они только прокачались...'
when you need to be firm.	когда надо быть жёстким.
where monsters are thin on the ground	где монстров кот наплакал
where we left off, shall we?	с того места, где остановились, а?
where your mouth is!	к своим словам!
while, so we need to prepare a suitably	пока, так что надо подготовить достойно
whimsical tastes, you can bring forth	причудливые вкусы, можешь явить
who could double as a sub-boss.	кто сгодился бы на суб-босса.
who disrupt my dungeon and then run off.	кто ломает мой данж и сваливает.
who look like they have Dragon Orbs,	кто выглядит так, будто у них Сферы дракона,
who never fulfilled her destiny.	кто так и не исполнила свою судьбу.
who underestimate the fiendish dangers	кто недооценивает пакостные опасности
who were made for each other...	кто созданы друг для друга...
who's aiming to carry out monster'	кто целится провернуть монстр'
whoever it is, I'm sure they're no	кто бы ни был — уверен, они не
whole Anthill-building malarkey?	вся эта муравьино-кучевая морока?
whole stages. Formidable work, My Lord!	целые этапы. Грозный труд, Повелитель!
whole troop of monsters on them.	целый отряд монстров на них.
whole world is mine to command.	весь мир мне подчиняется.
wielding a gargantuan pickaxe.	махая исполинской киркой.
wildest dreams.	самых диких снов.
will absorb this goodness, so don't cull'	впитает эту вкуснятину, так что не режь'
will be cut in half.	разрежут пополам.
will be massacred and I'll be carted'	вырежут, а меня утащат'
will be on display next time...	будет на показе в следующий раз...
will become Molds which grow by sucking	станут Плесенью, что растёт, сося
will become eminently slayable.	станут отменно убиваемыми.
will eat them all.	съедят их всех.
will get sucked in, so just point them	втянутся, так что просто направь их
will gush forth. Wait a while and	хлынет. Подожди малость и
will have a little sniff around, get	чуть понюхают вокруг, поймут
will remain a pipe dream.	останется мечтой в трубу.
will sag for a time and their abilities	обвиснут на время, и их способности
will soon be ours!	скоро будет наше!
will spawn Omnoms or Liliths.	народит Омномов или Лилит.
will sprout Water Lilies.	вырастут кувшинки.
will starve.	сдохнут с голоду.
window for sure.	окно точно.
wingmen. Do they find me intimidating?	свита. Я их что, пугаю?
winner. Go get 'em, My Lord!'	победитель. Давай их, Повелитель!'
wisdom, Pickaxes.	мудрость, Кирки.
wish they'd never been born!'	чтоб они не рождались!'
with 15 nutrients and mana also spawns	с 15 пищи и маны тоже плодит
with IQ development will give you an	с прокачкой IQ даст тебе
with a rune at one end and get those	с руной с одного конца и заставь тех
with a scrub like that makes my blood	с таким отбросом кипятит мне кровь
with all manner of deadly beasts!	со всякой смертоносной тварью!
with anything more original than that?	с чем-то оригинальнее этого?
with at least a few friends.	хотя бы с парой друзей.
with both hands, My Lord!	обеими руками, Повелитель!
with her ugly old man?	с её уродливым стариком?
with high defense.	с высокой защитой.
with less than 60 seconds remaining.	меньше чем за 60 секунд до конца.
with me before?	со мной раньше?
with new and exciting skills.	с новыми крутыми навыками.
with our lovely dungeon!	с нашим милым данжем!
with sharper digging skills.	с более острой копкой.
with some approximation of a plan!	хоть с каким-то намёком на план!
with suggestions, My Lord.	с советами, Повелитель.
with that one.	с этим.
with the Omnoms - and I know you know	с Омномами — и я знаю, что ты знаешь
with the stress of rush hour?	со стрессом часа пик?
with their honor and justice and	со своей честью и справедливостью и
with unique monster species.	с уникальными видами монстров.
with us! His revival must be nearer	с нами! Его воскрешение должно быть ближе
with your baneful presence.	своим пагубным присутствием.
with your pick beforehand to soften it	киркой заранее, чтоб размягчить
with! How about that?	с! Ну как тебе?
with, but I know we can make it.	с, но я знаю, мы вывезем.
without us, won't you?'	без нас, да?'
wittering...on...!	болтовня...себе...!
wolf coming by himself. I prefer a man	волк, что прёт сам. Мне больше по душе мужик
woman like me.	женщина вроде меня.
won't appear until the current invaders'	не появятся, пока нынешние гости'
won't change one iota.'	не изменится ни на йоту.'
won't forget?'	не забудешь?'
won't happily tie me up and drag me'	не свяжут меня с радостью и не утащат'
won't just prevent his HP being drained'	не только спасёт его ХП от слива'
won't you?'	да?'
words... Creepy...	слова... Жуть...
work of dark art!	творение тёмного искусства!
work, heroes, you did a great job of	работу, герои, вы отлично
work.	работу.
working a little too hard. But, that's'	перерабатываешь малость. Но это'
world hand-in-hand with Badmella than	миром рука об руку с Бэдмеллой, чем
world lies in seizing those two towers.	мир — в захвате тех двух башен.
world under our thumb! Oh, whatever	мир под наш каблук! Ох, как бы
world, aren't you?'	миром, да?'
world-domination, don't you?'	мировым господством, да?'
worrying about the consequences.	парясь о последствиях.
would have taken the wind right out of	выбило бы весь дух из
would leave as soon as they'd defeated'	свалили бы, едва прикончили'
would take it from us.	забрали бы у нас.
would you?	а?
would, though. Anyway, bye.	стал бы, правда. Ладно, пока.
wrath! Not in front of these nice	гнев! Не при этих милых
wrong. I hope...	не так. Надеюсь...
yes, major bummer, dudes!	да, полный облом, чуваки!
you alone?	тебя одного?
you began digging the dungeon? My	ты начал копать данж? Мой
you brainbox, you!	ты, башковитый ты!
you can abandon your training?	ты можешь забить на учёбу?
you can come back down here and get	ты можешь вернуться сюда вниз и
you can move them where you want.	ты можешь двигать их куда хочешь.
you can see your ~Horde Power~ - your	увидишь ~мощь орды~ — твою
you could possibly want to know about	ты только можешь захотеть знать про
you get any water flowing.	ты пустишь хоть какую воду.
you heard me...	ты слышал меня...
you in the next area.	тебя в следующей зоне.
you just can't find these days used to'	нынче таких не сыщешь, раньше'
you knew that, My Lord.	ты это знал, Повелитель.
you know them from somewhere?	ты их откуда-то знаешь?
you know!	ты знаешь!
you know...	ты знаешь...
you leave the area near the entrance as	ты оставь район у входа как
you like to do, My Lord.	ты любишь делать, Повелитель.
you like...	ты любишь...
you longer than 30 seconds!	тебе дольше 30 секунд!
you might hurt their feelings.	можешь задеть их чувства.
you need to scale that food chain.	тебе надо лезть по этой пищевой цепи.
you on your toes.	тебя наготове.
you pop out of the dungeon entrance and	ты выскочишь из входа данжа и
you seen those Skeleman creatures	ты видел тех тварей-Скелеменов
you should be able to spawn some Omnoms	ты должен суметь народить Омномов
you show off your dual power.	ты покажешь свою двойную мощь.
you still have a chance.	у тебя ещё есть шанс.
you that time was of the essence!?	тебе, что время — всё!?
you think?	ты думаешь?
you this? Well...	тебе это? Ну...
you wanted to take care of?	ты хотел уладить?
you were yesterday, My Lord!	ты вчера, Повелитель!
you weren't grinning like a loon. Well,'	ты б не скалился как псих. Ну,'
you!	тебя!
you! Hints! Tips! Wisdom!	тебе! Намёки! Советы! Мудрость!
you'll be able to get back to this'	сможешь вернуться к этому'
you'll be on the back foot from the'	будешь в обороне с самого'
you'll be when it's over!	будешь, когда всё кончится!
you'll find more weird and wonderful'	найдёшь ещё диковинных и чудных'
you'll get in my dungeon!'	получишь в моём данже!'
you'll have Water Lily Buds.'	будут бутоны кувшинки.'
you'll have a powerful ally.'	будет мощный союзник.'
you'll have to beat them before they'	придётся их прикончить, пока они'
you'll have to load the save data'	придётся грузить сохранение'
you'll have to wait till they excrete it'	придётся ждать, пока они это выдавят'
you'll leave your minions vulnerable to'	оставишь слуг беззащитными перед'
you'll see mutation in all its glory.'	увидишь мутацию во всей красе.'
you're all set to give him a welcome he'	ты готов встретить его так, что он'
you're digging right down to the wire.'	копаешь на самом финише.'
you're having fun?'	тебе весело?'
you're looking for a challenge...'	хочешь вызов...'
you're wandering about the dungeon as'	бродишь по данжу как'
you've come.'	ты дошёл.'
you've ever created.'	ты когда-либо создавал.'
you've flunked Runeology 101.'	ты завалил Рунологию 101.'
you've got soul, My Lord!'	в тебе душа есть, Повелитель!'
you've got to your name, head to the'	что у тебя есть, вали на'
you've helped us win from those who'	ты помог нам отбить у тех, кто'
you've made it this far though, it'	раз уж ты дошёл так далеко,'
you've met by pressing the L button'	кого встретил, жми L'
you, My Lord! We've conquered'	тебя, Повелитель! Мы захватили'
you.	тебя.
you. Well, I may glare at you a little,	тебя. Ну, могу малость зыркнуть,
your Dig Power quite a bit, so don't'	силу копки изрядно, так что не'
your Dvagon with prey one at a time.	своего Двагона жратвой по одной.
your Skeleman and he still can't win...'	своего Скелемена, а он всё равно не прёт...'
your abilities.	твои способности.
your bonus decreases with each one	твой бонус падает с каждым
your daughter in your own graven image,	дочь по своему каменному образу,
your direction...	твою сторону...
your dungeon.	твой данж.
your dungeon. Even Gods of Destruction	твой данж. Даже Боги Разрушения
your eyes closed, My Lord!	с закрытыми глазами, Повелитель!
your godly chums. Or look online.	своих божественных корешей. Или глянь в сеть.
your hand to let me know...	руку, чтоб я знал...
your house and help themselves to	твой дом и сами берут
your mighty pick of justice, My Lord.	свою могучую кирку правосудия, лорд.
your minions. Choose wisely.	своих слуг. Выбирай с умом.
your monsters' stats, and suppress'	статы монстров и глуши'
your monstrous minions.	своих чудовищных слуг.
your mother walked out...	твоя мама свалила...
your old man proud. All these years,	старика гордым. Все эти годы,
your own killer moves.	свои убийственные приёмы.
your pick to weaken them up.	киркой, чтоб их размягчить.
your pick, if you know what I mean.	киркой, если ты понимаешь, о чём я.
your pickaxe and retire?	кирку и сдаться?
your pickaxe is trembling.	кирка дрожит.
your pickaxe skills to the max and set a	навыки кирки на полную и поставь
your toenails will fall out.	ногти на ногах повыпадают.
your training, Badmella!	свою учёбу, Бэдмелла!
your trust in Badman, swing your pick,	веру в Бэдмена, маши киркой,
yourself a Long Dragon.	себе Длинного дракона.
yourself a coffee, sit back and wait	себе кофе, сядь и жди
yourself at all? If I'd known, I'd have	себя вообще? Если б знал, я б
yourself for plenty more.	себя ещё ко многому.
yourself to a nice Slimemoss cake	себе славный тортик из слизьмоха
~Almanac~ from the Pause Menu.	~Бестиар~ из меню паузы.
~Dragons are the best...!~	~Драконы — это сила...!~
~Hero Rush~? ~Hero Rash~, more like!	~Натиск героев~? ~Нарыв героев~, точнее!
~If only I had a Lilith...!~	~Вот бы мне Лилит...!~
~Nutrients-A-Go-Go~?	~Пища-гоу-гоу~?
~Professor~ from now on?	~Профессор~ отныне?
~Stage Clear~ sound.	звук ~Этап чист~.
~This is too hard!~ or something. They	~Это слишком сложно!~ или типа того. Они
~Whaaat!? More heroes to deal with!?	~Чёёё!? Ещё героев разгребать!?
× button!	кнопка ×!
………………	………………
